link_id,from_node_id,to_node_id,facility_type,dir_flag,directed_route_id,link_type,link_type_name,length,lanes,capacity,free_speed,cost,VDF_fftt,VDF_cap,VDF_alpha,VDF_beta,VDF_penalty,geometry,VDF_allowed_uses,agency_name,stop_sequence,directed_service_id
1000001,1500013,1500011,metro,1,1.1,1,service_links,1163.5048850581568,12,999999,34.887702700394506,0,2.0,11999988,0.15,4,0,"LINESTRING (139.739893 35.638614999999994, 139.73028399999998 35.631651)",w_metro_only;w_bus_metro;d_metro_only;d_bus_metro,東京都交通局,1,1.1:1;2;3;4;5;6;7
1000002,1500011,1500009,metro,1,1.1,1,service_links,793.8357185981672,12,999999,23.80316997295854,0,2.0,11999988,0.15,4,0,"LINESTRING (139.73028399999998 35.631651, 139.723865 35.626777999999995)",w_metro_only;w_bus_metro;d_metro_only;d_bus_metro,東京都交通局,2,1.1:1;2;3;4;5;6;7
1000003,1500009,1500007,metro,1,1.1,1,service_links,1548.1597542191423,12,999999,46.42158183565645,0,2.0,11999988,0.15,4,0,"LINESTRING (139.723865 35.626777999999995, 139.716215 35.614321)",w_metro_only;w_bus_metro;d_metro_only;d_bus_metro,東京都交通局,3,1.1:1;2;3;4;5;6;7
1000004,1500007,1500005,metro,1,1.1,1,service_links,1045.348294281934,12,999999,31.344776440237897,0,2.0,11999988,0.15,4,0,"LINESTRING (139.716215 35.614321, 139.713545 35.605174)",w_metro_only;w_bus_metro;d_metro_only;d_bus_metro,東京都交通局,4,1.1:1;2;3;4;5;6;7
1000005,1500005,1500003,metro,1,1.1,1,service_links,958.5828645991736,12,999999,28.743114380784817,0,2.0,11999988,0.15,4,0,"LINESTRING (139.713545 35.605174, 139.711784 35.596672999999996)",w_metro_only;w_bus_metro;d_metro_only;d_bus_metro,東京都交通局,5,1.1:1;2;3;4;5;6;7
1000006,1500003,1500001,metro,1,1.1,1,service_links,1201.5559853948573,12,999999,24.02311200389585,0,3.0,11999988,0.15,4,0,"LINESTRING (139.711784 35.596672999999996, 139.705986 35.586949999999995)",w_metro_only;w_bus_metro;d_metro_only;d_bus_metro,東京都交通局,6,1.1:1;2;3;4;5;6;7
1000007,1500040,1500038,metro,1,1.1,1,service_links,815.7578928657541,19,999999,48.896576994950294,0,1.0,18999981,0.15,4,0,"LINESTRING (139.812893 35.710724, 139.804297 35.708465)",w_metro_only;w_bus_metro;d_metro_only;d_bus_metro,東京都交通局,1,1.1:1;2;3;4;5;6;7;8;9;10;11;12;13;14
1000008,1500038,1500036,metro,1,1.1,1,service_links,710.3238993200216,19,999999,21.29906744587771,0,2.0,18999981,0.15,4,0,"LINESTRING (139.804297 35.708465, 139.79644199999998 35.708819999999996)",w_metro_only;w_bus_metro;d_metro_only;d_bus_metro,東京都交通局,2,1.1:1;2;3;4;5;6;7;8;9;10;11;12;13;14
1000009,1500036,1500034,metro,1,1.1,1,service_links,823.5219053313126,19,999999,24.693310504687037,0,2.0,18999981,0.15,4,0,"LINESTRING (139.79644199999998 35.708819999999996, 139.79075799999998 35.703027999999996)",w_metro_only;w_bus_metro;d_metro_only;d_bus_metro,東京都交通局,3,1.1:1;2;3;4;5;6;7;8;9;10;11;12;13;14
1000010,1500034,1500032,metro,1,1.1,1,service_links,747.8485758552923,19,999999,22.42424515308223,0,2.0,18999981,0.15,4,0,"LINESTRING (139.79075799999998 35.703027999999996, 139.786235 35.697393999999996)",w_metro_only;w_bus_metro;d_metro_only;d_bus_metro,東京都交通局,4,1.1:1;2;3;4;5;6;7;8;9;10;11;12;13;14
1000011,1500032,1500030,metro,1,1.1,1,service_links,611.3948555924813,19,999999,36.64704429125762,0,1.0,18999981,0.15,4,0,"LINESTRING (139.786235 35.697393999999996, 139.784786 35.692023)",w_metro_only;w_bus_metro;d_metro_only;d_bus_metro,東京都交通局,5,1.1:1;2;3;4;5;6;7;8;9;10;11;12;13;14
1000012,1500030,1500028,metro,1,1.1,1,service_links,684.3589271968219,19,999999,20.520507562123594,0,2.0,18999981,0.15,4,0,"LINESTRING (139.784786 35.692023, 139.782176 35.686245)",w_metro_only;w_bus_metro;d_metro_only;d_bus_metro,東京都交通局,6,1.1:1;2;3;4;5;6;7;8;9;10;11;12;13;14
1000013,1500028,1500026,metro,1,1.1,1,service_links,772.3258684308558,19,999999,23.15819695444845,0,2.0,18999981,0.15,4,0,"LINESTRING (139.782176 35.686245, 139.775714 35.681695999999995)",w_metro_only;w_bus_metro;d_metro_only;d_bus_metro,東京都交通局,7,1.1:1;2;3;4;5;6;7;8;9;10;11;12;13;14
1000014,1500026,1500024,metro,1,1.1,1,service_links,771.0734758460634,19,999999,23.1206439534052,0,2.0,18999981,0.15,4,0,"LINESTRING (139.775714 35.681695999999995, 139.771866 35.675506)",w_metro_only;w_bus_metro;d_metro_only;d_bus_metro,東京都交通局,8,1.1:1;2;3;4;5;6;7;8;9;10;11;12;13;14
1000015,1500024,1500022,metro,1,1.1,1,service_links,757.831965045546,19,999999,22.723597152789985,0,2.0,18999981,0.15,4,0,"LINESTRING (139.771866 35.675506, 139.76725 35.669815)",w_metro_only;w_bus_metro;d_metro_only;d_bus_metro,東京都交通局,9,1.1:1;2;3;4;5;6;7;8;9;10;11;12;13;14
1000016,1500022,1500020,metro,1,1.1,1,service_links,881.7393359095154,19,999999,26.43896059698697,0,2.0,18999981,0.15,4,0,"LINESTRING (139.76725 35.669815, 139.759238 35.665285999999995)",w_metro_only;w_bus_metro;d_metro_only;d_bus_metro,東京都交通局,10,1.1:1;2;3;4;5;6;7;8;9;10;11;12;13;14
1000017,1500020,1500018,metro,1,1.1,1,service_links,1036.2692851596396,19,999999,20.71847954334501,0,3.0,18999981,0.15,4,0,"LINESTRING (139.759238 35.665285999999995, 139.754579 35.656769999999995)",w_metro_only;w_bus_metro;d_metro_only;d_bus_metro,東京都交通局,11,1.1:1;2;3;4;5;6;7;8;9;10;11;12;13;14
1000018,1500018,1500016,metro,1,1.1,1,service_links,1327.960613766787,19,999999,39.81890895852435,0,2.0,18999981,0.15,4,0,"LINESTRING (139.754579 35.656769999999995, 139.746777 35.646649)",w_metro_only;w_bus_metro;d_metro_only;d_bus_metro,東京都交通局,12,1.1:1;2;3;4;5;6;7;8;9;10;11;12;13;14
1000019,1500016,1500014,metro,1,1.1,1,service_links,1088.5892090206326,19,999999,21.76452933730022,0,3.0,18999981,0.15,4,0,"LINESTRING (139.746777 35.646649, 139.739893 35.638614999999994)",w_metro_only;w_bus_metro;d_metro_only;d_bus_metro,東京都交通局,13,1.1:1;2;3;4;5;6;7;8;9;10;11;12;13;14
1000020,1500041,1500039,metro,1,1.1,1,service_links,815.7578928657541,13,999999,24.46050653270627,0,2.0,12999987,0.15,4,0,"LINESTRING (139.812893 35.710724, 139.804297 35.708465)",w_metro_only;w_bus_metro;d_metro_only;d_bus_metro,東京都交通局,1,1.1:1;2;3;4;5;6;7;8;9;10;11;12;13;14;15;16;17;18;19;20
1000021,1500039,1500037,metro,1,1.1,1,service_links,710.3238993200216,13,999999,42.576857102099204,0,1.0,12999987,0.15,4,0,"LINESTRING (139.804297 35.708465, 139.79644199999998 35.708819999999996)",w_metro_only;w_bus_metro;d_metro_only;d_bus_metro,東京都交通局,2,1.1:1;2;3;4;5;6;7;8;9;10;11;12;13;14;15;16;17;18;19;20
1000022,1500037,1500035,metro,1,1.1,1,service_links,823.5219053313126,13,999999,24.693310504687037,0,2.0,12999987,0.15,4,0,"LINESTRING (139.79644199999998 35.708819999999996, 139.79075799999998 35.703027999999996)",w_metro_only;w_bus_metro;d_metro_only;d_bus_metro,東京都交通局,3,1.1:1;2;3;4;5;6;7;8;9;10;11;12;13;14;15;16;17;18;19;20
1000023,1500035,1500033,metro,1,1.1,1,service_links,747.8485758552923,13,999999,22.42424515308223,0,2.0,12999987,0.15,4,0,"LINESTRING (139.79075799999998 35.703027999999996, 139.786235 35.697393999999996)",w_metro_only;w_bus_metro;d_metro_only;d_bus_metro,東京都交通局,4,1.1:1;2;3;4;5;6;7;8;9;10;11;12;13;14;15;16;17;18;19;20
1000024,1500033,1500031,metro,1,1.1,1,service_links,611.3948555924813,13,999999,36.64704429125762,0,1.0,12999987,0.15,4,0,"LINESTRING (139.786235 35.697393999999996, 139.784786 35.692023)",w_metro_only;w_bus_metro;d_metro_only;d_bus_metro,東京都交通局,5,1.1:1;2;3;4;5;6;7;8;9;10;11;12;13;14;15;16;17;18;19;20
1000025,1500031,1500029,metro,1,1.1,1,service_links,684.3589271968219,13,999999,13.682617671379312,0,3.0,12999987,0.15,4,0,"LINESTRING (139.784786 35.692023, 139.782176 35.686245)",w_metro_only;w_bus_metro;d_metro_only;d_bus_metro,東京都交通局,6,1.1:1;2;3;4;5;6;7;8;9;10;11;12;13;14;15;16;17;18;19;20
1000026,1500029,1500027,metro,1,1.1,1,service_links,772.3258684308558,13,999999,46.293258847004346,0,1.0,12999987,0.15,4,0,"LINESTRING (139.782176 35.686245, 139.775714 35.681695999999995)",w_metro_only;w_bus_metro;d_metro_only;d_bus_metro,東京都交通局,7,1.1:1;2;3;4;5;6;7;8;9;10;11;12;13;14;15;16;17;18;19;20
1000027,1500027,1500025,metro,1,1.1,1,service_links,771.0734758460634,13,999999,23.1206439534052,0,2.0,12999987,0.15,4,0,"LINESTRING (139.775714 35.681695999999995, 139.771866 35.675506)",w_metro_only;w_bus_metro;d_metro_only;d_bus_metro,東京都交通局,8,1.1:1;2;3;4;5;6;7;8;9;10;11;12;13;14;15;16;17;18;19;20
1000028,1500025,1500023,metro,1,1.1,1,service_links,757.831965045546,13,999999,22.723597152789985,0,2.0,12999987,0.15,4,0,"LINESTRING (139.771866 35.675506, 139.76725 35.669815)",w_metro_only;w_bus_metro;d_metro_only;d_bus_metro,東京都交通局,9,1.1:1;2;3;4;5;6;7;8;9;10;11;12;13;14;15;16;17;18;19;20
1000029,1500023,1500021,metro,1,1.1,1,service_links,881.7393359095154,13,999999,26.43896059698697,0,2.0,12999987,0.15,4,0,"LINESTRING (139.76725 35.669815, 139.759238 35.665285999999995)",w_metro_only;w_bus_metro;d_metro_only;d_bus_metro,東京都交通局,10,1.1:1;2;3;4;5;6;7;8;9;10;11;12;13;14;15;16;17;18;19;20
1000030,1500021,1500019,metro,1,1.1,1,service_links,1036.2692851596396,13,999999,31.072542283647362,0,2.0,12999987,0.15,4,0,"LINESTRING (139.759238 35.665285999999995, 139.754579 35.656769999999995)",w_metro_only;w_bus_metro;d_metro_only;d_bus_metro,東京都交通局,11,1.1:1;2;3;4;5;6;7;8;9;10;11;12;13;14;15;16;17;18;19;20
1000031,1500019,1500017,metro,1,1.1,1,service_links,1327.960613766787,13,999999,26.550362154617535,0,3.0,12999987,0.15,4,0,"LINESTRING (139.754579 35.656769999999995, 139.746777 35.646649)",w_metro_only;w_bus_metro;d_metro_only;d_bus_metro,東京都交通局,12,1.1:1;2;3;4;5;6;7;8;9;10;11;12;13;14;15;16;17;18;19;20
1000032,1500017,1500015,metro,1,1.1,1,service_links,1088.5892090206326,13,999999,32.64135559282257,0,2.0,12999987,0.15,4,0,"LINESTRING (139.746777 35.646649, 139.739893 35.638614999999994)",w_metro_only;w_bus_metro;d_metro_only;d_bus_metro,東京都交通局,13,1.1:1;2;3;4;5;6;7;8;9;10;11;12;13;14;15;16;17;18;19;20
1000033,1500015,1500012,metro,1,1.1,1,service_links,1163.5048850581568,13,999999,23.26234358663426,0,3.0,12999987,0.15,4,0,"LINESTRING (139.739893 35.638614999999994, 139.73028399999998 35.631651)",w_metro_only;w_bus_metro;d_metro_only;d_bus_metro,東京都交通局,14,1.1:1;2;3;4;5;6;7;8;9;10;11;12;13;14;15;16;17;18;19;20
1000034,1500012,1500010,metro,1,1.1,1,service_links,793.8357185981672,13,999999,47.5825605553347,0,1.0,12999987,0.15,4,0,"LINESTRING (139.73028399999998 35.631651, 139.723865 35.626777999999995)",w_metro_only;w_bus_metro;d_metro_only;d_bus_metro,東京都交通局,15,1.1:1;2;3;4;5;6;7;8;9;10;11;12;13;14;15;16;17;18;19;20
1000035,1500010,1500008,metro,1,1.1,1,service_links,1548.1597542191423,13,999999,30.952877458563325,0,3.0,12999987,0.15,4,0,"LINESTRING (139.723865 35.626777999999995, 139.716215 35.614321)",w_metro_only;w_bus_metro;d_metro_only;d_bus_metro,東京都交通局,16,1.1:1;2;3;4;5;6;7;8;9;10;11;12;13;14;15;16;17;18;19;20
1000036,1500008,1500006,metro,1,1.1,1,service_links,1045.348294281934,13,999999,31.344776440237897,0,2.0,12999987,0.15,4,0,"LINESTRING (139.716215 35.614321, 139.713545 35.605174)",w_metro_only;w_bus_metro;d_metro_only;d_bus_metro,東京都交通局,17,1.1:1;2;3;4;5;6;7;8;9;10;11;12;13;14;15;16;17;18;19;20
1000037,1500006,1500004,metro,1,1.1,1,service_links,958.5828645991736,13,999999,28.743114380784817,0,2.0,12999987,0.15,4,0,"LINESTRING (139.713545 35.605174, 139.711784 35.596672999999996)",w_metro_only;w_bus_metro;d_metro_only;d_bus_metro,東京都交通局,18,1.1:1;2;3;4;5;6;7;8;9;10;11;12;13;14;15;16;17;18;19;20
1000038,1500004,1500002,metro,1,1.1,1,service_links,1201.5559853948573,13,999999,36.02866522923111,0,2.0,12999987,0.15,4,0,"LINESTRING (139.711784 35.596672999999996, 139.705986 35.586949999999995)",w_metro_only;w_bus_metro;d_metro_only;d_bus_metro,東京都交通局,19,1.1:1;2;3;4;5;6;7;8;9;10;11;12;13;14;15;16;17;18;19;20
1000039,1500042,1500044,metro,1,1.2,1,service_links,1201.5559853948573,10,999999,36.02866522923111,0,2.0,9999990,0.15,4,0,"LINESTRING (139.705986 35.586949999999995, 139.711784 35.596672999999996)",w_metro_only;w_bus_metro;d_metro_only;d_bus_metro,東京都交通局,1,1.2:1;2;3;4;5;6;7
1000040,1500044,1500046,metro,1,1.2,1,service_links,958.5828645991736,10,999999,57.457514361588835,0,1.0,9999990,0.15,4,0,"LINESTRING (139.711784 35.596672999999996, 139.713545 35.605174)",w_metro_only;w_bus_metro;d_metro_only;d_bus_metro,東京都交通局,2,1.2:1;2;3;4;5;6;7
1000041,1500046,1500048,metro,1,1.2,1,service_links,1045.348294281934,10,999999,20.899999219232267,0,3.0,9999990,0.15,4,0,"LINESTRING (139.713545 35.605174, 139.716215 35.614321)",w_metro_only;w_bus_metro;d_metro_only;d_bus_metro,東京都交通局,3,1.2:1;2;3;4;5;6;7
1000042,1500048,1500050,metro,1,1.2,1,service_links,1548.1597542191423,10,999999,46.42158183565645,0,2.0,9999990,0.15,4,0,"LINESTRING (139.716215 35.614321, 139.723865 35.626777999999995)",w_metro_only;w_bus_metro;d_metro_only;d_bus_metro,東京都交通局,4,1.2:1;2;3;4;5;6;7
1000043,1500050,1500052,metro,1,1.2,1,service_links,793.8357185981672,10,999999,23.80316997295854,0,2.0,9999990,0.15,4,0,"LINESTRING (139.723865 35.626777999999995, 139.73028399999998 35.631651)",w_metro_only;w_bus_metro;d_metro_only;d_bus_metro,東京都交通局,5,1.2:1;2;3;4;5;6;7
1000044,1500052,1500054,metro,1,1.2,1,service_links,1163.5048850581568,10,999999,23.26234358663426,0,3.0,9999990,0.15,4,0,"LINESTRING (139.73028399999998 35.631651, 139.739893 35.638614999999994)",w_metro_only;w_bus_metro;d_metro_only;d_bus_metro,東京都交通局,6,1.2:1;2;3;4;5;6;7
1000045,1500055,1500057,metro,1,1.2,1,service_links,1088.5892090206326,20,999999,32.64135559282257,0,2.0,19999980,0.15,4,0,"LINESTRING (139.739893 35.638614999999994, 139.746777 35.646649)",w_metro_only;w_bus_metro;d_metro_only;d_bus_metro,東京都交通局,1,1.2:1;2;3;4;5;6;7;8;9;10;11;12;13;14
1000046,1500057,1500059,metro,1,1.2,1,service_links,1327.960613766787,20,999999,39.81890895852435,0,2.0,19999980,0.15,4,0,"LINESTRING (139.746777 35.646649, 139.754579 35.656769999999995)",w_metro_only;w_bus_metro;d_metro_only;d_bus_metro,東京都交通局,2,1.2:1;2;3;4;5;6;7;8;9;10;11;12;13;14
1000047,1500059,1500061,metro,1,1.2,1,service_links,1036.2692851596396,20,999999,31.072542283647362,0,2.0,19999980,0.15,4,0,"LINESTRING (139.754579 35.656769999999995, 139.759238 35.665285999999995)",w_metro_only;w_bus_metro;d_metro_only;d_bus_metro,東京都交通局,3,1.2:1;2;3;4;5;6;7;8;9;10;11;12;13;14
1000048,1500061,1500063,metro,1,1.2,1,service_links,881.7393359095154,20,999999,17.628910414718735,0,3.0,19999980,0.15,4,0,"LINESTRING (139.759238 35.665285999999995, 139.76725 35.669815)",w_metro_only;w_bus_metro;d_metro_only;d_bus_metro,東京都交通局,4,1.2:1;2;3;4;5;6;7;8;9;10;11;12;13;14
1000049,1500063,1500065,metro,1,1.2,1,service_links,757.831965045546,20,999999,45.42449340932344,0,1.0,19999980,0.15,4,0,"LINESTRING (139.76725 35.669815, 139.771866 35.675506)",w_metro_only;w_bus_metro;d_metro_only;d_bus_metro,東京都交通局,5,1.2:1;2;3;4;5;6;7;8;9;10;11;12;13;14
1000050,1500065,1500067,metro,1,1.2,1,service_links,771.0734758460634,20,999999,23.1206439534052,0,2.0,19999980,0.15,4,0,"LINESTRING (139.771866 35.675506, 139.775714 35.681695999999995)",w_metro_only;w_bus_metro;d_metro_only;d_bus_metro,東京都交通局,6,1.2:1;2;3;4;5;6;7;8;9;10;11;12;13;14
1000051,1500067,1500069,metro,1,1.2,1,service_links,772.3258684308558,20,999999,23.15819695444845,0,2.0,19999980,0.15,4,0,"LINESTRING (139.775714 35.681695999999995, 139.782176 35.686245)",w_metro_only;w_bus_metro;d_metro_only;d_bus_metro,東京都交通局,7,1.2:1;2;3;4;5;6;7;8;9;10;11;12;13;14
1000052,1500069,1500071,metro,1,1.2,1,service_links,684.3589271968219,20,999999,20.520507562123594,0,2.0,19999980,0.15,4,0,"LINESTRING (139.782176 35.686245, 139.784786 35.692023)",w_metro_only;w_bus_metro;d_metro_only;d_bus_metro,東京都交通局,8,1.2:1;2;3;4;5;6;7;8;9;10;11;12;13;14
1000053,1500071,1500073,metro,1,1.2,1,service_links,611.3948555924813,20,999999,36.64704429125762,0,1.0,19999980,0.15,4,0,"LINESTRING (139.784786 35.692023, 139.786235 35.697393999999996)",w_metro_only;w_bus_metro;d_metro_only;d_bus_metro,東京都交通局,9,1.2:1;2;3;4;5;6;7;8;9;10;11;12;13;14
1000054,1500073,1500075,metro,1,1.2,1,service_links,747.8485758552923,20,999999,22.42424515308223,0,2.0,19999980,0.15,4,0,"LINESTRING (139.786235 35.697393999999996, 139.79075799999998 35.703027999999996)",w_metro_only;w_bus_metro;d_metro_only;d_bus_metro,東京都交通局,10,1.2:1;2;3;4;5;6;7;8;9;10;11;12;13;14
1000055,1500075,1500077,metro,1,1.2,1,service_links,823.5219053313126,20,999999,24.693310504687037,0,2.0,19999980,0.15,4,0,"LINESTRING (139.79075799999998 35.703027999999996, 139.79644199999998 35.708819999999996)",w_metro_only;w_bus_metro;d_metro_only;d_bus_metro,東京都交通局,11,1.2:1;2;3;4;5;6;7;8;9;10;11;12;13;14
1000056,1500077,1500079,metro,1,1.2,1,service_links,710.3238993200216,20,999999,21.29906744587771,0,2.0,19999980,0.15,4,0,"LINESTRING (139.79644199999998 35.708819999999996, 139.804297 35.708465)",w_metro_only;w_bus_metro;d_metro_only;d_bus_metro,東京都交通局,12,1.2:1;2;3;4;5;6;7;8;9;10;11;12;13;14
1000057,1500079,1500081,metro,1,1.2,1,service_links,815.7578928657541,20,999999,24.46050653270627,0,2.0,19999980,0.15,4,0,"LINESTRING (139.804297 35.708465, 139.812893 35.710724)",w_metro_only;w_bus_metro;d_metro_only;d_bus_metro,東京都交通局,13,1.2:1;2;3;4;5;6;7;8;9;10;11;12;13;14
1000058,1500043,1500045,metro,1,1.2,1,service_links,1201.5559853948573,14,999999,36.02866522923111,0,2.0,13999986,0.15,4,0,"LINESTRING (139.705986 35.586949999999995, 139.711784 35.596672999999996)",w_metro_only;w_bus_metro;d_metro_only;d_bus_metro,東京都交通局,1,1.2:1;2;3;4;5;6;7;8;9;10;11;12;13;14;15;16;17;18;19;20
1000059,1500045,1500047,metro,1,1.2,1,service_links,958.5828645991736,14,999999,28.743114380784817,0,2.0,13999986,0.15,4,0,"LINESTRING (139.711784 35.596672999999996, 139.713545 35.605174)",w_metro_only;w_bus_metro;d_metro_only;d_bus_metro,東京都交通局,2,1.2:1;2;3;4;5;6;7;8;9;10;11;12;13;14;15;16;17;18;19;20
1000060,1500047,1500049,metro,1,1.2,1,service_links,1045.348294281934,14,999999,31.344776440237897,0,2.0,13999986,0.15,4,0,"LINESTRING (139.713545 35.605174, 139.716215 35.614321)",w_metro_only;w_bus_metro;d_metro_only;d_bus_metro,東京都交通局,3,1.2:1;2;3;4;5;6;7;8;9;10;11;12;13;14;15;16;17;18;19;20
1000061,1500049,1500051,metro,1,1.2,1,service_links,1548.1597542191423,14,999999,30.952877458563325,0,3.0,13999986,0.15,4,0,"LINESTRING (139.716215 35.614321, 139.723865 35.626777999999995)",w_metro_only;w_bus_metro;d_metro_only;d_bus_metro,東京都交通局,4,1.2:1;2;3;4;5;6;7;8;9;10;11;12;13;14;15;16;17;18;19;20
1000062,1500051,1500053,metro,1,1.2,1,service_links,793.8357185981672,14,999999,23.80316997295854,0,2.0,13999986,0.15,4,0,"LINESTRING (139.723865 35.626777999999995, 139.73028399999998 35.631651)",w_metro_only;w_bus_metro;d_metro_only;d_bus_metro,東京都交通局,5,1.2:1;2;3;4;5;6;7;8;9;10;11;12;13;14;15;16;17;18;19;20
1000063,1500053,1500056,metro,1,1.2,1,service_links,1163.5048850581568,14,999999,34.887702700394506,0,2.0,13999986,0.15,4,0,"LINESTRING (139.73028399999998 35.631651, 139.739893 35.638614999999994)",w_metro_only;w_bus_metro;d_metro_only;d_bus_metro,東京都交通局,6,1.2:1;2;3;4;5;6;7;8;9;10;11;12;13;14;15;16;17;18;19;20
1000064,1500056,1500058,metro,1,1.2,1,service_links,1088.5892090206326,14,999999,21.76452933730022,0,3.0,13999986,0.15,4,0,"LINESTRING (139.739893 35.638614999999994, 139.746777 35.646649)",w_metro_only;w_bus_metro;d_metro_only;d_bus_metro,東京都交通局,7,1.2:1;2;3;4;5;6;7;8;9;10;11;12;13;14;15;16;17;18;19;20
1000065,1500058,1500060,metro,1,1.2,1,service_links,1327.960613766787,14,999999,26.550362154617535,0,3.0,13999986,0.15,4,0,"LINESTRING (139.746777 35.646649, 139.754579 35.656769999999995)",w_metro_only;w_bus_metro;d_metro_only;d_bus_metro,東京都交通局,8,1.2:1;2;3;4;5;6;7;8;9;10;11;12;13;14;15;16;17;18;19;20
1000066,1500060,1500062,metro,1,1.2,1,service_links,1036.2692851596396,14,999999,31.072542283647362,0,2.0,13999986,0.15,4,0,"LINESTRING (139.754579 35.656769999999995, 139.759238 35.665285999999995)",w_metro_only;w_bus_metro;d_metro_only;d_bus_metro,東京都交通局,9,1.2:1;2;3;4;5;6;7;8;9;10;11;12;13;14;15;16;17;18;19;20
1000067,1500062,1500064,metro,1,1.2,1,service_links,881.7393359095154,14,999999,26.43896059698697,0,2.0,13999986,0.15,4,0,"LINESTRING (139.759238 35.665285999999995, 139.76725 35.669815)",w_metro_only;w_bus_metro;d_metro_only;d_bus_metro,東京都交通局,10,1.2:1;2;3;4;5;6;7;8;9;10;11;12;13;14;15;16;17;18;19;20
1000068,1500064,1500066,metro,1,1.2,1,service_links,757.831965045546,14,999999,22.723597152789985,0,2.0,13999986,0.15,4,0,"LINESTRING (139.76725 35.669815, 139.771866 35.675506)",w_metro_only;w_bus_metro;d_metro_only;d_bus_metro,東京都交通局,11,1.2:1;2;3;4;5;6;7;8;9;10;11;12;13;14;15;16;17;18;19;20
1000069,1500066,1500068,metro,1,1.2,1,service_links,771.0734758460634,14,999999,23.1206439534052,0,2.0,13999986,0.15,4,0,"LINESTRING (139.771866 35.675506, 139.775714 35.681695999999995)",w_metro_only;w_bus_metro;d_metro_only;d_bus_metro,東京都交通局,12,1.2:1;2;3;4;5;6;7;8;9;10;11;12;13;14;15;16;17;18;19;20
1000070,1500068,1500070,metro,1,1.2,1,service_links,772.3258684308558,14,999999,23.15819695444845,0,2.0,13999986,0.15,4,0,"LINESTRING (139.775714 35.681695999999995, 139.782176 35.686245)",w_metro_only;w_bus_metro;d_metro_only;d_bus_metro,東京都交通局,13,1.2:1;2;3;4;5;6;7;8;9;10;11;12;13;14;15;16;17;18;19;20
1000071,1500070,1500072,metro,1,1.2,1,service_links,684.3589271968219,14,999999,20.520507562123594,0,2.0,13999986,0.15,4,0,"LINESTRING (139.782176 35.686245, 139.784786 35.692023)",w_metro_only;w_bus_metro;d_metro_only;d_bus_metro,東京都交通局,14,1.2:1;2;3;4;5;6;7;8;9;10;11;12;13;14;15;16;17;18;19;20
1000072,1500072,1500074,metro,1,1.2,1,service_links,611.3948555924813,14,999999,18.332679328110384,0,2.0,13999986,0.15,4,0,"LINESTRING (139.784786 35.692023, 139.786235 35.697393999999996)",w_metro_only;w_bus_metro;d_metro_only;d_bus_metro,東京都交通局,15,1.2:1;2;3;4;5;6;7;8;9;10;11;12;13;14;15;16;17;18;19;20
1000073,1500074,1500076,metro,1,1.2,1,service_links,747.8485758552923,14,999999,22.42424515308223,0,2.0,13999986,0.15,4,0,"LINESTRING (139.786235 35.697393999999996, 139.79075799999998 35.703027999999996)",w_metro_only;w_bus_metro;d_metro_only;d_bus_metro,東京都交通局,16,1.2:1;2;3;4;5;6;7;8;9;10;11;12;13;14;15;16;17;18;19;20
1000074,1500076,1500078,metro,1,1.2,1,service_links,823.5219053313126,14,999999,49.36195236751125,0,1.0,13999986,0.15,4,0,"LINESTRING (139.79075799999998 35.703027999999996, 139.79644199999998 35.708819999999996)",w_metro_only;w_bus_metro;d_metro_only;d_bus_metro,東京都交通局,17,1.2:1;2;3;4;5;6;7;8;9;10;11;12;13;14;15;16;17;18;19;20
1000075,1500078,1500080,metro,1,1.2,1,service_links,710.3238993200216,14,999999,21.29906744587771,0,2.0,13999986,0.15,4,0,"LINESTRING (139.79644199999998 35.708819999999996, 139.804297 35.708465)",w_metro_only;w_bus_metro;d_metro_only;d_bus_metro,東京都交通局,18,1.2:1;2;3;4;5;6;7;8;9;10;11;12;13;14;15;16;17;18;19;20
1000076,1500080,1500082,metro,1,1.2,1,service_links,815.7578928657541,14,999999,24.46050653270627,0,2.0,13999986,0.15,4,0,"LINESTRING (139.804297 35.708465, 139.812893 35.710724)",w_metro_only;w_bus_metro;d_metro_only;d_bus_metro,東京都交通局,19,1.2:1;2;3;4;5;6;7;8;9;10;11;12;13;14;15;16;17;18;19;20
1000077,1500153,1500150,metro,1,2.1,1,service_links,1057.686462449693,4,999999,31.714736505238168,0,2.0,3999996,0.15,4,0,"LINESTRING (139.661261 35.788807999999996, 139.672767 35.786973999999994)",w_metro_only;w_bus_metro;d_metro_only;d_bus_metro,東京都交通局,1,2.1:1;2;3;4;5;6;7;8;9;10;11;12;13;14;15;16;17;18;19;20;21;22;23
1000078,1500150,1500147,metro,1,2.1,1,service_links,631.305049362307,4,999999,18.92968663755044,0,2.0,3999996,0.15,4,0,"LINESTRING (139.672767 35.786973999999994, 139.678847 35.784161999999995)",w_metro_only;w_bus_metro;d_metro_only;d_bus_metro,東京都交通局,2,2.1:1;2;3;4;5;6;7;8;9;10;11;12;13;14;15;16;17;18;19;20;21;22;23
1000079,1500147,1500144,metro,1,2.1,1,service_links,973.363978232827,4,999999,29.186326183892863,0,2.0,3999996,0.15,4,0,"LINESTRING (139.678847 35.784161999999995, 139.685651 35.777367999999996)",w_metro_only;w_bus_metro;d_metro_only;d_bus_metro,東京都交通局,3,2.1:1;2;3;4;5;6;7;8;9;10;11;12;13;14;15;16;17;18;19;20;21;22;23
1000080,1500144,1500141,metro,1,2.1,1,service_links,857.0972585422401,4,999999,25.700067722406,0,2.0,3999996,0.15,4,0,"LINESTRING (139.685651 35.777367999999996, 139.694997 35.775982)",w_metro_only;w_bus_metro;d_metro_only;d_bus_metro,東京都交通局,4,2.1:1;2;3;4;5;6;7;8;9;10;11;12;13;14;15;16;17;18;19;20;21;22;23
1000081,1500141,1500138,metro,1,2.1,1,service_links,1064.7765570867296,4,999999,31.92733304607885,0,2.0,3999996,0.15,4,0,"LINESTRING (139.694997 35.775982, 139.70230999999998 35.768466)",w_metro_only;w_bus_metro;d_metro_only;d_bus_metro,東京都交通局,5,2.1:1;2;3;4;5;6;7;8;9;10;11;12;13;14;15;16;17;18;19;20;21;22;23
1000082,1500138,1500135,metro,1,2.1,1,service_links,855.0513238960439,4,999999,25.638720356702965,0,2.0,3999996,0.15,4,0,"LINESTRING (139.70230999999998 35.768466, 139.705444 35.761208999999994)",w_metro_only;w_bus_metro;d_metro_only;d_bus_metro,東京都交通局,6,2.1:1;2;3;4;5;6;7;8;9;10;11;12;13;14;15;16;17;18;19;20;21;22;23
1000083,1500135,1500132,metro,1,2.1,1,service_links,1179.5776589913899,4,999999,35.36964494726806,0,2.0,3999996,0.15,4,0,"LINESTRING (139.705444 35.761208999999994, 139.71002 35.751272)",w_metro_only;w_bus_metro;d_metro_only;d_bus_metro,東京都交通局,7,2.1:1;2;3;4;5;6;7;8;9;10;11;12;13;14;15;16;17;18;19;20;21;22;23
1000084,1500132,1500129,metro,1,2.1,1,service_links,920.8350003823567,4,999999,27.611244389276067,0,2.0,3999996,0.15,4,0,"LINESTRING (139.71002 35.751272, 139.719708 35.748672)",w_metro_only;w_bus_metro;d_metro_only;d_bus_metro,東京都交通局,8,2.1:1;2;3;4;5;6;7;8;9;10;11;12;13;14;15;16;17;18;19;20;21;22;23
1000085,1500129,1500126,metro,1,2.1,1,service_links,989.5724364336804,4,999999,59.31503115486597,0,1.0,3999996,0.15,4,0,"LINESTRING (139.719708 35.748672, 139.728603 35.743468)",w_metro_only;w_bus_metro;d_metro_only;d_bus_metro,東京都交通局,9,2.1:1;2;3;4;5;6;7;8;9;10;11;12;13;14;15;16;17;18;19;20;21;22;23
1000086,1500126,1500123,metro,1,2.1,1,service_links,1381.68032226267,4,999999,27.624398312482572,0,3.0,3999996,0.15,4,0,"LINESTRING (139.728603 35.743468, 139.738054 35.733692999999995)",w_metro_only;w_bus_metro;d_metro_only;d_bus_metro,東京都交通局,10,2.1:1;2;3;4;5;6;7;8;9;10;11;12;13;14;15;16;17;18;19;20;21;22;23
1000087,1500123,1500120,metro,1,2.1,1,service_links,910.1205296723253,4,999999,27.289970904717407,0,2.0,3999996,0.15,4,0,"LINESTRING (139.738054 35.733692999999995, 139.74488399999998 35.727672)",w_metro_only;w_bus_metro;d_metro_only;d_bus_metro,東京都交通局,11,2.1:1;2;3;4;5;6;7;8;9;10;11;12;13;14;15;16;17;18;19;20;21;22;23
1000088,1500120,1500117,metro,1,2.1,1,service_links,935.5024171968594,4,999999,28.051046992409578,0,2.0,3999996,0.15,4,0,"LINESTRING (139.74488399999998 35.727672, 139.752034 35.721582)",w_metro_only;w_bus_metro;d_metro_only;d_bus_metro,東京都交通局,12,2.1:1;2;3;4;5;6;7;8;9;10;11;12;13;14;15;16;17;18;19;20;21;22;23
1000089,1500117,1500114,metro,1,2.1,1,service_links,1355.022658762584,4,999999,40.630364580587226,0,2.0,3999996,0.15,4,0,"LINESTRING (139.752034 35.721582, 139.753187 35.709432)",w_metro_only;w_bus_metro;d_metro_only;d_bus_metro,東京都交通局,13,2.1:1;2;3;4;5;6;7;8;9;10;11;12;13;14;15;16;17;18;19;20;21;22;23
1000090,1500114,1500111,metro,1,2.1,1,service_links,695.7493640540108,4,999999,20.862049896671987,0,2.0,3999996,0.15,4,0,"LINESTRING (139.753187 35.709432, 139.755047 35.703359999999996)",w_metro_only;w_bus_metro;d_metro_only;d_bus_metro,東京都交通局,14,2.1:1;2;3;4;5;6;7;8;9;10;11;12;13;14;15;16;17;18;19;20;21;22;23
1000091,1500111,1500108,metro,1,2.1,1,service_links,945.3536974905826,4,999999,28.34643770586455,0,2.0,3999996,0.15,4,0,"LINESTRING (139.755047 35.703359999999996, 139.758113 35.695231)",w_metro_only;w_bus_metro;d_metro_only;d_bus_metro,東京都交通局,15,2.1:1;2;3;4;5;6;7;8;9;10;11;12;13;14;15;16;17;18;19;20;21;22;23
1000092,1500108,1500105,metro,1,2.1,1,service_links,1316.427648096603,4,999999,19.74147935161114,0,4.0,3999996,0.15,4,0,"LINESTRING (139.758113 35.695231, 139.762698 35.683992999999994)",w_metro_only;w_bus_metro;d_metro_only;d_bus_metro,東京都交通局,16,2.1:1;2;3;4;5;6;7;8;9;10;11;12;13;14;15;16;17;18;19;20;21;22;23
1000093,1500105,1500102,metro,1,2.1,1,service_links,865.4181302669833,4,999999,25.94956912344778,0,2.0,3999996,0.15,4,0,"LINESTRING (139.762698 35.683992999999994, 139.760174 35.676485)",w_metro_only;w_bus_metro;d_metro_only;d_bus_metro,東京都交通局,17,2.1:1;2;3;4;5;6;7;8;9;10;11;12;13;14;15;16;17;18;19;20;21;22;23
1000094,1500102,1500099,metro,1,2.1,1,service_links,920.7235487094264,4,999999,27.607902510027778,0,2.0,3999996,0.15,4,0,"LINESTRING (139.760174 35.676485, 139.75522999999998 35.669244)",w_metro_only;w_bus_metro;d_metro_only;d_bus_metro,東京都交通局,18,2.1:1;2;3;4;5;6;7;8;9;10;11;12;13;14;15;16;17;18;19;20;21;22;23
1000095,1500099,1500096,metro,1,2.1,1,service_links,1018.0052220142873,4,999999,30.524894213321957,0,2.0,3999996,0.15,4,0,"LINESTRING (139.75522999999998 35.669244, 139.751266 35.660674)",w_metro_only;w_bus_metro;d_metro_only;d_bus_metro,東京都交通局,19,2.1:1;2;3;4;5;6;7;8;9;10;11;12;13;14;15;16;17;18;19;20;21;22;23
1000096,1500096,1500093,metro,1,2.1,1,service_links,745.2467559915432,4,999999,22.346229564963814,0,2.0,3999996,0.15,4,0,"LINESTRING (139.751266 35.660674, 139.74975 35.654086)",w_metro_only;w_bus_metro;d_metro_only;d_bus_metro,東京都交通局,20,2.1:1;2;3;4;5;6;7;8;9;10;11;12;13;14;15;16;17;18;19;20;21;22;23
1000097,1500093,1500090,metro,1,2.1,1,service_links,620.3700318087476,4,999999,18.601800054235312,0,2.0,3999996,0.15,4,0,"LINESTRING (139.74975 35.654086, 139.748898 35.64855)",w_metro_only;w_bus_metro;d_metro_only;d_bus_metro,東京都交通局,21,2.1:1;2;3;4;5;6;7;8;9;10;11;12;13;14;15;16;17;18;19;20;21;22;23
1000098,1500090,1500087,metro,1,2.1,1,service_links,1452.417693227371,4,999999,29.038674306445277,0,3.0,3999996,0.15,4,0,"LINESTRING (139.748898 35.64855, 139.734244 35.64318299999999)",w_metro_only;w_bus_metro;d_metro_only;d_bus_metro,東京都交通局,22,2.1:1;2;3;4;5;6;7;8;9;10;11;12;13;14;15;16;17;18;19;20;21;22;23
1000099,1500154,1500151,metro,1,2.1,1,service_links,1057.686462449693,11,999999,31.714736505238168,0,2.0,10999989,0.15,4,0,"LINESTRING (139.661261 35.788807999999996, 139.672767 35.786973999999994)",w_metro_only;w_bus_metro;d_metro_only;d_bus_metro,東京都交通局,1,2.1:1;2;3;4;5;6;7;8;9;10;11;12;13;14;15;16;17;18;19;20;21;22;23;24;25
1000100,1500151,1500148,metro,1,2.1,1,service_links,631.305049362307,11,999999,18.92968663755044,0,2.0,10999989,0.15,4,0,"LINESTRING (139.672767 35.786973999999994, 139.678847 35.784161999999995)",w_metro_only;w_bus_metro;d_metro_only;d_bus_metro,東京都交通局,2,2.1:1;2;3;4;5;6;7;8;9;10;11;12;13;14;15;16;17;18;19;20;21;22;23;24;25
1000101,1500148,1500145,metro,1,2.1,1,service_links,973.363978232827,11,999999,19.460792633778613,0,3.0,10999989,0.15,4,0,"LINESTRING (139.678847 35.784161999999995, 139.685651 35.777367999999996)",w_metro_only;w_bus_metro;d_metro_only;d_bus_metro,東京都交通局,3,2.1:1;2;3;4;5;6;7;8;9;10;11;12;13;14;15;16;17;18;19;20;21;22;23;24;25
1000102,1500145,1500142,metro,1,2.1,1,service_links,857.0972585422401,11,999999,51.37446105148293,0,1.0,10999989,0.15,4,0,"LINESTRING (139.685651 35.777367999999996, 139.694997 35.775982)",w_metro_only;w_bus_metro;d_metro_only;d_bus_metro,東京都交通局,4,2.1:1;2;3;4;5;6;7;8;9;10;11;12;13;14;15;16;17;18;19;20;21;22;23;24;25
1000103,1500142,1500139,metro,1,2.1,1,service_links,1064.7765570867296,11,999999,31.92733304607885,0,2.0,10999989,0.15,4,0,"LINESTRING (139.694997 35.775982, 139.70230999999998 35.768466)",w_metro_only;w_bus_metro;d_metro_only;d_bus_metro,東京都交通局,5,2.1:1;2;3;4;5;6;7;8;9;10;11;12;13;14;15;16;17;18;19;20;21;22;23;24;25
1000104,1500139,1500136,metro,1,2.1,1,service_links,855.0513238960439,11,999999,25.638720356702965,0,2.0,10999989,0.15,4,0,"LINESTRING (139.70230999999998 35.768466, 139.705444 35.761208999999994)",w_metro_only;w_bus_metro;d_metro_only;d_bus_metro,東京都交通局,6,2.1:1;2;3;4;5;6;7;8;9;10;11;12;13;14;15;16;17;18;19;20;21;22;23;24;25
1000105,1500136,1500133,metro,1,2.1,1,service_links,1179.5776589913899,11,999999,35.36964494726806,0,2.0,10999989,0.15,4,0,"LINESTRING (139.705444 35.761208999999994, 139.71002 35.751272)",w_metro_only;w_bus_metro;d_metro_only;d_bus_metro,東京都交通局,7,2.1:1;2;3;4;5;6;7;8;9;10;11;12;13;14;15;16;17;18;19;20;21;22;23;24;25
1000106,1500133,1500130,metro,1,2.1,1,service_links,920.8350003823567,11,999999,27.611244389276067,0,2.0,10999989,0.15,4,0,"LINESTRING (139.71002 35.751272, 139.719708 35.748672)",w_metro_only;w_bus_metro;d_metro_only;d_bus_metro,東京都交通局,8,2.1:1;2;3;4;5;6;7;8;9;10;11;12;13;14;15;16;17;18;19;20;21;22;23;24;25
1000107,1500130,1500127,metro,1,2.1,1,service_links,989.5724364336804,11,999999,29.67233692454814,0,2.0,10999989,0.15,4,0,"LINESTRING (139.719708 35.748672, 139.728603 35.743468)",w_metro_only;w_bus_metro;d_metro_only;d_bus_metro,東京都交通局,9,2.1:1;2;3;4;5;6;7;8;9;10;11;12;13;14;15;16;17;18;19;20;21;22;23;24;25
1000108,1500127,1500124,metro,1,2.1,1,service_links,1381.68032226267,11,999999,41.42969482046987,0,2.0,10999989,0.15,4,0,"LINESTRING (139.728603 35.743468, 139.738054 35.733692999999995)",w_metro_only;w_bus_metro;d_metro_only;d_bus_metro,東京都交通局,10,2.1:1;2;3;4;5;6;7;8;9;10;11;12;13;14;15;16;17;18;19;20;21;22;23;24;25
1000109,1500124,1500121,metro,1,2.1,1,service_links,910.1205296723253,11,999999,27.289970904717407,0,2.0,10999989,0.15,4,0,"LINESTRING (139.738054 35.733692999999995, 139.74488399999998 35.727672)",w_metro_only;w_bus_metro;d_metro_only;d_bus_metro,東京都交通局,11,2.1:1;2;3;4;5;6;7;8;9;10;11;12;13;14;15;16;17;18;19;20;21;22;23;24;25
1000110,1500121,1500118,metro,1,2.1,1,service_links,935.5024171968594,11,999999,28.051046992409578,0,2.0,10999989,0.15,4,0,"LINESTRING (139.74488399999998 35.727672, 139.752034 35.721582)",w_metro_only;w_bus_metro;d_metro_only;d_bus_metro,東京都交通局,12,2.1:1;2;3;4;5;6;7;8;9;10;11;12;13;14;15;16;17;18;19;20;21;22;23;24;25
1000111,1500118,1500115,metro,1,2.1,1,service_links,1355.022658762584,11,999999,40.630364580587226,0,2.0,10999989,0.15,4,0,"LINESTRING (139.752034 35.721582, 139.753187 35.709432)",w_metro_only;w_bus_metro;d_metro_only;d_bus_metro,東京都交通局,13,2.1:1;2;3;4;5;6;7;8;9;10;11;12;13;14;15;16;17;18;19;20;21;22;23;24;25
1000112,1500115,1500112,metro,1,2.1,1,service_links,695.7493640540108,11,999999,20.862049896671987,0,2.0,10999989,0.15,4,0,"LINESTRING (139.753187 35.709432, 139.755047 35.703359999999996)",w_metro_only;w_bus_metro;d_metro_only;d_bus_metro,東京都交通局,14,2.1:1;2;3;4;5;6;7;8;9;10;11;12;13;14;15;16;17;18;19;20;21;22;23;24;25
1000113,1500112,1500109,metro,1,2.1,1,service_links,945.3536974905826,11,999999,28.34643770586455,0,2.0,10999989,0.15,4,0,"LINESTRING (139.755047 35.703359999999996, 139.758113 35.695231)",w_metro_only;w_bus_metro;d_metro_only;d_bus_metro,東京都交通局,15,2.1:1;2;3;4;5;6;7;8;9;10;11;12;13;14;15;16;17;18;19;20;21;22;23;24;25
1000114,1500109,1500106,metro,1,2.1,1,service_links,1316.427648096603,11,999999,19.74147935161114,0,4.0,10999989,0.15,4,0,"LINESTRING (139.758113 35.695231, 139.762698 35.683992999999994)",w_metro_only;w_bus_metro;d_metro_only;d_bus_metro,東京都交通局,16,2.1:1;2;3;4;5;6;7;8;9;10;11;12;13;14;15;16;17;18;19;20;21;22;23;24;25
1000115,1500106,1500103,metro,1,2.1,1,service_links,865.4181302669833,11,999999,25.94956912344778,0,2.0,10999989,0.15,4,0,"LINESTRING (139.762698 35.683992999999994, 139.760174 35.676485)",w_metro_only;w_bus_metro;d_metro_only;d_bus_metro,東京都交通局,17,2.1:1;2;3;4;5;6;7;8;9;10;11;12;13;14;15;16;17;18;19;20;21;22;23;24;25
1000116,1500103,1500100,metro,1,2.1,1,service_links,920.7235487094264,11,999999,27.607902510027778,0,2.0,10999989,0.15,4,0,"LINESTRING (139.760174 35.676485, 139.75522999999998 35.669244)",w_metro_only;w_bus_metro;d_metro_only;d_bus_metro,東京都交通局,18,2.1:1;2;3;4;5;6;7;8;9;10;11;12;13;14;15;16;17;18;19;20;21;22;23;24;25
1000117,1500100,1500097,metro,1,2.1,1,service_links,1018.0052220142873,11,999999,30.524894213321957,0,2.0,10999989,0.15,4,0,"LINESTRING (139.75522999999998 35.669244, 139.751266 35.660674)",w_metro_only;w_bus_metro;d_metro_only;d_bus_metro,東京都交通局,19,2.1:1;2;3;4;5;6;7;8;9;10;11;12;13;14;15;16;17;18;19;20;21;22;23;24;25
1000118,1500097,1500094,metro,1,2.1,1,service_links,745.2467559915432,11,999999,22.346229564963814,0,2.0,10999989,0.15,4,0,"LINESTRING (139.751266 35.660674, 139.74975 35.654086)",w_metro_only;w_bus_metro;d_metro_only;d_bus_metro,東京都交通局,20,2.1:1;2;3;4;5;6;7;8;9;10;11;12;13;14;15;16;17;18;19;20;21;22;23;24;25
1000119,1500094,1500091,metro,1,2.1,1,service_links,620.3700318087476,11,999999,18.601800054235312,0,2.0,10999989,0.15,4,0,"LINESTRING (139.74975 35.654086, 139.748898 35.64855)",w_metro_only;w_bus_metro;d_metro_only;d_bus_metro,東京都交通局,21,2.1:1;2;3;4;5;6;7;8;9;10;11;12;13;14;15;16;17;18;19;20;21;22;23;24;25
1000120,1500091,1500088,metro,1,2.1,1,service_links,1452.417693227371,11,999999,29.038674306445277,0,3.0,10999989,0.15,4,0,"LINESTRING (139.748898 35.64855, 139.734244 35.64318299999999)",w_metro_only;w_bus_metro;d_metro_only;d_bus_metro,東京都交通局,22,2.1:1;2;3;4;5;6;7;8;9;10;11;12;13;14;15;16;17;18;19;20;21;22;23;24;25
1000121,1500088,1500085,metro,1,2.1,1,service_links,965.6212242089599,11,999999,28.954159646445575,0,2.0,10999989,0.15,4,0,"LINESTRING (139.734244 35.64318299999999, 139.725907 35.637750999999994)",w_metro_only;w_bus_metro;d_metro_only;d_bus_metro,東京都交通局,23,2.1:1;2;3;4;5;6;7;8;9;10;11;12;13;14;15;16;17;18;19;20;21;22;23;24;25
1000122,1500085,1500083,metro,1,2.1,1,service_links,1063.5033758658342,11,999999,21.262979857364225,0,3.0,10999989,0.15,4,0,"LINESTRING (139.725907 35.637750999999994, 139.715344 35.633534999999995)",w_metro_only;w_bus_metro;d_metro_only;d_bus_metro,東京都交通局,24,2.1:1;2;3;4;5;6;7;8;9;10;11;12;13;14;15;16;17;18;19;20;21;22;23;24;25
1000123,1500159,1500157,metro,1,2.1,1,service_links,800.3054890176868,15,999999,47.970358982079134,0,1.0,14999985,0.15,4,0,"LINESTRING (139.645321 35.791864999999994, 139.65395 35.790189)",w_metro_only;w_bus_metro;d_metro_only;d_bus_metro,東京都交通局,1,2.1:1;2;3;4;5;6;7;8;9;10;11;12;13;14;15;16;17;18;19;20;21;22;23;24;25;26;27
1000124,1500157,1500155,metro,1,2.1,1,service_links,677.0817055627631,15,999999,20.302300016874455,0,2.0,14999985,0.15,4,0,"LINESTRING (139.65395 35.790189, 139.661261 35.788807999999996)",w_metro_only;w_bus_metro;d_metro_only;d_bus_metro,東京都交通局,2,2.1:1;2;3;4;5;6;7;8;9;10;11;12;13;14;15;16;17;18;19;20;21;22;23;24;25;26;27
1000125,1500155,1500152,metro,1,2.1,1,service_links,1057.686462449693,15,999999,31.714736505238168,0,2.0,14999985,0.15,4,0,"LINESTRING (139.661261 35.788807999999996, 139.672767 35.786973999999994)",w_metro_only;w_bus_metro;d_metro_only;d_bus_metro,東京都交通局,3,2.1:1;2;3;4;5;6;7;8;9;10;11;12;13;14;15;16;17;18;19;20;21;22;23;24;25;26;27
1000126,1500152,1500149,metro,1,2.1,1,service_links,631.305049362307,15,999999,18.92968663755044,0,2.0,14999985,0.15,4,0,"LINESTRING (139.672767 35.786973999999994, 139.678847 35.784161999999995)",w_metro_only;w_bus_metro;d_metro_only;d_bus_metro,東京都交通局,4,2.1:1;2;3;4;5;6;7;8;9;10;11;12;13;14;15;16;17;18;19;20;21;22;23;24;25;26;27
1000127,1500149,1500146,metro,1,2.1,1,service_links,973.363978232827,15,999999,29.186326183892863,0,2.0,14999985,0.15,4,0,"LINESTRING (139.678847 35.784161999999995, 139.685651 35.777367999999996)",w_metro_only;w_bus_metro;d_metro_only;d_bus_metro,東京都交通局,5,2.1:1;2;3;4;5;6;7;8;9;10;11;12;13;14;15;16;17;18;19;20;21;22;23;24;25;26;27
1000128,1500146,1500143,metro,1,2.1,1,service_links,857.0972585422401,15,999999,25.700067722406,0,2.0,14999985,0.15,4,0,"LINESTRING (139.685651 35.777367999999996, 139.694997 35.775982)",w_metro_only;w_bus_metro;d_metro_only;d_bus_metro,東京都交通局,6,2.1:1;2;3;4;5;6;7;8;9;10;11;12;13;14;15;16;17;18;19;20;21;22;23;24;25;26;27
1000129,1500143,1500140,metro,1,2.1,1,service_links,1064.7765570867296,15,999999,31.92733304607885,0,2.0,14999985,0.15,4,0,"LINESTRING (139.694997 35.775982, 139.70230999999998 35.768466)",w_metro_only;w_bus_metro;d_metro_only;d_bus_metro,東京都交通局,7,2.1:1;2;3;4;5;6;7;8;9;10;11;12;13;14;15;16;17;18;19;20;21;22;23;24;25;26;27
1000130,1500140,1500137,metro,1,2.1,1,service_links,855.0513238960439,15,999999,51.25182760615648,0,1.0,14999985,0.15,4,0,"LINESTRING (139.70230999999998 35.768466, 139.705444 35.761208999999994)",w_metro_only;w_bus_metro;d_metro_only;d_bus_metro,東京都交通局,8,2.1:1;2;3;4;5;6;7;8;9;10;11;12;13;14;15;16;17;18;19;20;21;22;23;24;25;26;27
1000131,1500137,1500134,metro,1,2.1,1,service_links,1179.5776589913899,15,999999,35.36964494726806,0,2.0,14999985,0.15,4,0,"LINESTRING (139.705444 35.761208999999994, 139.71002 35.751272)",w_metro_only;w_bus_metro;d_metro_only;d_bus_metro,東京都交通局,9,2.1:1;2;3;4;5;6;7;8;9;10;11;12;13;14;15;16;17;18;19;20;21;22;23;24;25;26;27
1000132,1500134,1500131,metro,1,2.1,1,service_links,920.8350003823567,15,999999,27.611244389276067,0,2.0,14999985,0.15,4,0,"LINESTRING (139.71002 35.751272, 139.719708 35.748672)",w_metro_only;w_bus_metro;d_metro_only;d_bus_metro,東京都交通局,10,2.1:1;2;3;4;5;6;7;8;9;10;11;12;13;14;15;16;17;18;19;20;21;22;23;24;25;26;27
1000133,1500131,1500128,metro,1,2.1,1,service_links,989.5724364336804,15,999999,29.67233692454814,0,2.0,14999985,0.15,4,0,"LINESTRING (139.719708 35.748672, 139.728603 35.743468)",w_metro_only;w_bus_metro;d_metro_only;d_bus_metro,東京都交通局,11,2.1:1;2;3;4;5;6;7;8;9;10;11;12;13;14;15;16;17;18;19;20;21;22;23;24;25;26;27
1000134,1500128,1500125,metro,1,2.1,1,service_links,1381.68032226267,15,999999,41.42969482046987,0,2.0,14999985,0.15,4,0,"LINESTRING (139.728603 35.743468, 139.738054 35.733692999999995)",w_metro_only;w_bus_metro;d_metro_only;d_bus_metro,東京都交通局,12,2.1:1;2;3;4;5;6;7;8;9;10;11;12;13;14;15;16;17;18;19;20;21;22;23;24;25;26;27
1000135,1500125,1500122,metro,1,2.1,1,service_links,910.1205296723253,15,999999,18.196345145064818,0,3.0,14999985,0.15,4,0,"LINESTRING (139.738054 35.733692999999995, 139.74488399999998 35.727672)",w_metro_only;w_bus_metro;d_metro_only;d_bus_metro,東京都交通局,13,2.1:1;2;3;4;5;6;7;8;9;10;11;12;13;14;15;16;17;18;19;20;21;22;23;24;25;26;27
1000136,1500122,1500119,metro,1,2.1,1,service_links,935.5024171968594,15,999999,56.07407096085071,0,1.0,14999985,0.15,4,0,"LINESTRING (139.74488399999998 35.727672, 139.752034 35.721582)",w_metro_only;w_bus_metro;d_metro_only;d_bus_metro,東京都交通局,14,2.1:1;2;3;4;5;6;7;8;9;10;11;12;13;14;15;16;17;18;19;20;21;22;23;24;25;26;27
1000137,1500119,1500116,metro,1,2.1,1,service_links,1355.022658762584,15,999999,27.091422701018008,0,3.0,14999985,0.15,4,0,"LINESTRING (139.752034 35.721582, 139.753187 35.709432)",w_metro_only;w_bus_metro;d_metro_only;d_bus_metro,東京都交通局,15,2.1:1;2;3;4;5;6;7;8;9;10;11;12;13;14;15;16;17;18;19;20;21;22;23;24;25;26;27
1000138,1500116,1500113,metro,1,2.1,1,service_links,695.7493640540108,15,999999,20.862049896671987,0,2.0,14999985,0.15,4,0,"LINESTRING (139.753187 35.709432, 139.755047 35.703359999999996)",w_metro_only;w_bus_metro;d_metro_only;d_bus_metro,東京都交通局,16,2.1:1;2;3;4;5;6;7;8;9;10;11;12;13;14;15;16;17;18;19;20;21;22;23;24;25;26;27
1000139,1500113,1500110,metro,1,2.1,1,service_links,945.3536974905826,15,999999,28.34643770586455,0,2.0,14999985,0.15,4,0,"LINESTRING (139.755047 35.703359999999996, 139.758113 35.695231)",w_metro_only;w_bus_metro;d_metro_only;d_bus_metro,東京都交通局,17,2.1:1;2;3;4;5;6;7;8;9;10;11;12;13;14;15;16;17;18;19;20;21;22;23;24;25;26;27
1000140,1500110,1500107,metro,1,2.1,1,service_links,1316.427648096603,15,999999,26.319779702031386,0,3.0,14999985,0.15,4,0,"LINESTRING (139.758113 35.695231, 139.762698 35.683992999999994)",w_metro_only;w_bus_metro;d_metro_only;d_bus_metro,東京都交通局,18,2.1:1;2;3;4;5;6;7;8;9;10;11;12;13;14;15;16;17;18;19;20;21;22;23;24;25;26;27
1000141,1500107,1500104,metro,1,2.1,1,service_links,865.4181302669833,15,999999,25.94956912344778,0,2.0,14999985,0.15,4,0,"LINESTRING (139.762698 35.683992999999994, 139.760174 35.676485)",w_metro_only;w_bus_metro;d_metro_only;d_bus_metro,東京都交通局,19,2.1:1;2;3;4;5;6;7;8;9;10;11;12;13;14;15;16;17;18;19;20;21;22;23;24;25;26;27
1000142,1500104,1500101,metro,1,2.1,1,service_links,920.7235487094264,15,999999,27.607902510027778,0,2.0,14999985,0.15,4,0,"LINESTRING (139.760174 35.676485, 139.75522999999998 35.669244)",w_metro_only;w_bus_metro;d_metro_only;d_bus_metro,東京都交通局,20,2.1:1;2;3;4;5;6;7;8;9;10;11;12;13;14;15;16;17;18;19;20;21;22;23;24;25;26;27
1000143,1500101,1500098,metro,1,2.1,1,service_links,1018.0052220142873,15,999999,30.524894213321957,0,2.0,14999985,0.15,4,0,"LINESTRING (139.75522999999998 35.669244, 139.751266 35.660674)",w_metro_only;w_bus_metro;d_metro_only;d_bus_metro,東京都交通局,21,2.1:1;2;3;4;5;6;7;8;9;10;11;12;13;14;15;16;17;18;19;20;21;22;23;24;25;26;27
1000144,1500098,1500095,metro,1,2.1,1,service_links,745.2467559915432,15,999999,22.346229564963814,0,2.0,14999985,0.15,4,0,"LINESTRING (139.751266 35.660674, 139.74975 35.654086)",w_metro_only;w_bus_metro;d_metro_only;d_bus_metro,東京都交通局,22,2.1:1;2;3;4;5;6;7;8;9;10;11;12;13;14;15;16;17;18;19;20;21;22;23;24;25;26;27
1000145,1500095,1500092,metro,1,2.1,1,service_links,620.3700318087476,15,999999,18.601800054235312,0,2.0,14999985,0.15,4,0,"LINESTRING (139.74975 35.654086, 139.748898 35.64855)",w_metro_only;w_bus_metro;d_metro_only;d_bus_metro,東京都交通局,23,2.1:1;2;3;4;5;6;7;8;9;10;11;12;13;14;15;16;17;18;19;20;21;22;23;24;25;26;27
1000146,1500092,1500089,metro,1,2.1,1,service_links,1452.417693227371,15,999999,29.038674306445277,0,3.0,14999985,0.15,4,0,"LINESTRING (139.748898 35.64855, 139.734244 35.64318299999999)",w_metro_only;w_bus_metro;d_metro_only;d_bus_metro,東京都交通局,24,2.1:1;2;3;4;5;6;7;8;9;10;11;12;13;14;15;16;17;18;19;20;21;22;23;24;25;26;27
1000147,1500089,1500086,metro,1,2.1,1,service_links,965.6212242089599,15,999999,19.305989154461045,0,3.0,14999985,0.15,4,0,"LINESTRING (139.734244 35.64318299999999, 139.725907 35.637750999999994)",w_metro_only;w_bus_metro;d_metro_only;d_bus_metro,東京都交通局,25,2.1:1;2;3;4;5;6;7;8;9;10;11;12;13;14;15;16;17;18;19;20;21;22;23;24;25;26;27
1000148,1500086,1500084,metro,1,2.1,1,service_links,1063.5033758658342,15,999999,21.262979857364225,0,3.0,14999985,0.15,4,0,"LINESTRING (139.725907 35.637750999999994, 139.715344 35.633534999999995)",w_metro_only;w_bus_metro;d_metro_only;d_bus_metro,東京都交通局,26,2.1:1;2;3;4;5;6;7;8;9;10;11;12;13;14;15;16;17;18;19;20;21;22;23;24;25;26;27
1000149,1500162,1500164,metro,1,2.2,1,service_links,1452.417693227371,5,999999,29.038674306445277,0,3.0,4999995,0.15,4,0,"LINESTRING (139.734244 35.64318299999999, 139.748898 35.64855)",w_metro_only;w_bus_metro;d_metro_only;d_bus_metro,東京都交通局,1,2.2:1;2;3;4;5;6;7;8;9;10;11;12;13;14;15;16;17;18;19;20;21;22;23;24;25
1000150,1500164,1500166,metro,1,2.2,1,service_links,620.3700318087476,5,999999,37.185016891633225,0,1.0,4999995,0.15,4,0,"LINESTRING (139.748898 35.64855, 139.74975 35.654086)",w_metro_only;w_bus_metro;d_metro_only;d_bus_metro,東京都交通局,2,2.2:1;2;3;4;5;6;7;8;9;10;11;12;13;14;15;16;17;18;19;20;21;22;23;24;25
1000151,1500166,1500168,metro,1,2.2,1,service_links,745.2467559915432,5,999999,22.346229564963814,0,2.0,4999995,0.15,4,0,"LINESTRING (139.74975 35.654086, 139.751266 35.660674)",w_metro_only;w_bus_metro;d_metro_only;d_bus_metro,東京都交通局,3,2.2:1;2;3;4;5;6;7;8;9;10;11;12;13;14;15;16;17;18;19;20;21;22;23;24;25
1000152,1500168,1500170,metro,1,2.2,1,service_links,1018.0052220142873,5,999999,30.524894213321957,0,2.0,4999995,0.15,4,0,"LINESTRING (139.751266 35.660674, 139.75522999999998 35.669244)",w_metro_only;w_bus_metro;d_metro_only;d_bus_metro,東京都交通局,4,2.2:1;2;3;4;5;6;7;8;9;10;11;12;13;14;15;16;17;18;19;20;21;22;23;24;25
1000153,1500170,1500172,metro,1,2.2,1,service_links,920.7235487094264,5,999999,27.607902510027778,0,2.0,4999995,0.15,4,0,"LINESTRING (139.75522999999998 35.669244, 139.760174 35.676485)",w_metro_only;w_bus_metro;d_metro_only;d_bus_metro,東京都交通局,5,2.2:1;2;3;4;5;6;7;8;9;10;11;12;13;14;15;16;17;18;19;20;21;22;23;24;25
1000154,1500172,1500174,metro,1,2.2,1,service_links,865.4181302669833,5,999999,25.94956912344778,0,2.0,4999995,0.15,4,0,"LINESTRING (139.760174 35.676485, 139.762698 35.683992999999994)",w_metro_only;w_bus_metro;d_metro_only;d_bus_metro,東京都交通局,6,2.2:1;2;3;4;5;6;7;8;9;10;11;12;13;14;15;16;17;18;19;20;21;22;23;24;25
1000155,1500174,1500176,metro,1,2.2,1,service_links,1316.427648096603,5,999999,26.319779702031386,0,3.0,4999995,0.15,4,0,"LINESTRING (139.762698 35.683992999999994, 139.758113 35.695231)",w_metro_only;w_bus_metro;d_metro_only;d_bus_metro,東京都交通局,7,2.2:1;2;3;4;5;6;7;8;9;10;11;12;13;14;15;16;17;18;19;20;21;22;23;24;25
1000156,1500176,1500178,metro,1,2.2,1,service_links,945.3536974905826,5,999999,28.34643770586455,0,2.0,4999995,0.15,4,0,"LINESTRING (139.758113 35.695231, 139.755047 35.703359999999996)",w_metro_only;w_bus_metro;d_metro_only;d_bus_metro,東京都交通局,8,2.2:1;2;3;4;5;6;7;8;9;10;11;12;13;14;15;16;17;18;19;20;21;22;23;24;25
1000157,1500178,1500180,metro,1,2.2,1,service_links,695.7493640540108,5,999999,20.862049896671987,0,2.0,4999995,0.15,4,0,"LINESTRING (139.755047 35.703359999999996, 139.753187 35.709432)",w_metro_only;w_bus_metro;d_metro_only;d_bus_metro,東京都交通局,9,2.2:1;2;3;4;5;6;7;8;9;10;11;12;13;14;15;16;17;18;19;20;21;22;23;24;25
1000158,1500180,1500182,metro,1,2.2,1,service_links,1355.022658762584,5,999999,40.630364580587226,0,2.0,4999995,0.15,4,0,"LINESTRING (139.753187 35.709432, 139.752034 35.721582)",w_metro_only;w_bus_metro;d_metro_only;d_bus_metro,東京都交通局,10,2.2:1;2;3;4;5;6;7;8;9;10;11;12;13;14;15;16;17;18;19;20;21;22;23;24;25
1000159,1500182,1500184,metro,1,2.2,1,service_links,935.5024171968594,5,999999,28.051046992409578,0,2.0,4999995,0.15,4,0,"LINESTRING (139.752034 35.721582, 139.74488399999998 35.727672)",w_metro_only;w_bus_metro;d_metro_only;d_bus_metro,東京都交通局,11,2.2:1;2;3;4;5;6;7;8;9;10;11;12;13;14;15;16;17;18;19;20;21;22;23;24;25
1000160,1500184,1500186,metro,1,2.2,1,service_links,910.1205296723253,5,999999,27.289970904717407,0,2.0,4999995,0.15,4,0,"LINESTRING (139.74488399999998 35.727672, 139.738054 35.733692999999995)",w_metro_only;w_bus_metro;d_metro_only;d_bus_metro,東京都交通局,12,2.2:1;2;3;4;5;6;7;8;9;10;11;12;13;14;15;16;17;18;19;20;21;22;23;24;25
1000161,1500186,1500188,metro,1,2.2,1,service_links,1381.68032226267,5,999999,41.42969482046987,0,2.0,4999995,0.15,4,0,"LINESTRING (139.738054 35.733692999999995, 139.728603 35.743468)",w_metro_only;w_bus_metro;d_metro_only;d_bus_metro,東京都交通局,13,2.2:1;2;3;4;5;6;7;8;9;10;11;12;13;14;15;16;17;18;19;20;21;22;23;24;25
1000162,1500188,1500190,metro,1,2.2,1,service_links,989.5724364336804,5,999999,29.67233692454814,0,2.0,4999995,0.15,4,0,"LINESTRING (139.728603 35.743468, 139.719708 35.748672)",w_metro_only;w_bus_metro;d_metro_only;d_bus_metro,東京都交通局,14,2.2:1;2;3;4;5;6;7;8;9;10;11;12;13;14;15;16;17;18;19;20;21;22;23;24;25
1000163,1500190,1500192,metro,1,2.2,1,service_links,920.8350003823567,5,999999,27.611244389276067,0,2.0,4999995,0.15,4,0,"LINESTRING (139.719708 35.748672, 139.71002 35.751272)",w_metro_only;w_bus_metro;d_metro_only;d_bus_metro,東京都交通局,15,2.2:1;2;3;4;5;6;7;8;9;10;11;12;13;14;15;16;17;18;19;20;21;22;23;24;25
1000164,1500192,1500194,metro,1,2.2,1,service_links,1179.5776589913899,5,999999,35.36964494726806,0,2.0,4999995,0.15,4,0,"LINESTRING (139.71002 35.751272, 139.705444 35.761208999999994)",w_metro_only;w_bus_metro;d_metro_only;d_bus_metro,東京都交通局,16,2.2:1;2;3;4;5;6;7;8;9;10;11;12;13;14;15;16;17;18;19;20;21;22;23;24;25
1000165,1500194,1500196,metro,1,2.2,1,service_links,855.0513238960439,5,999999,25.638720356702965,0,2.0,4999995,0.15,4,0,"LINESTRING (139.705444 35.761208999999994, 139.70230999999998 35.768466)",w_metro_only;w_bus_metro;d_metro_only;d_bus_metro,東京都交通局,17,2.2:1;2;3;4;5;6;7;8;9;10;11;12;13;14;15;16;17;18;19;20;21;22;23;24;25
1000166,1500196,1500198,metro,1,2.2,1,service_links,1064.7765570867296,5,999999,63.82277065454923,0,1.0,4999995,0.15,4,0,"LINESTRING (139.70230999999998 35.768466, 139.694997 35.775982)",w_metro_only;w_bus_metro;d_metro_only;d_bus_metro,東京都交通局,18,2.2:1;2;3;4;5;6;7;8;9;10;11;12;13;14;15;16;17;18;19;20;21;22;23;24;25
1000167,1500198,1500200,metro,1,2.2,1,service_links,857.0972585422401,5,999999,25.700067722406,0,2.0,4999995,0.15,4,0,"LINESTRING (139.694997 35.775982, 139.685651 35.777367999999996)",w_metro_only;w_bus_metro;d_metro_only;d_bus_metro,東京都交通局,19,2.2:1;2;3;4;5;6;7;8;9;10;11;12;13;14;15;16;17;18;19;20;21;22;23;24;25
1000168,1500200,1500202,metro,1,2.2,1,service_links,973.363978232827,5,999999,19.460792633778613,0,3.0,4999995,0.15,4,0,"LINESTRING (139.685651 35.777367999999996, 139.678847 35.784161999999995)",w_metro_only;w_bus_metro;d_metro_only;d_bus_metro,東京都交通局,20,2.2:1;2;3;4;5;6;7;8;9;10;11;12;13;14;15;16;17;18;19;20;21;22;23;24;25
1000169,1500202,1500204,metro,1,2.2,1,service_links,631.305049362307,5,999999,37.84046249923919,0,1.0,4999995,0.15,4,0,"LINESTRING (139.678847 35.784161999999995, 139.672767 35.786973999999994)",w_metro_only;w_bus_metro;d_metro_only;d_bus_metro,東京都交通局,21,2.2:1;2;3;4;5;6;7;8;9;10;11;12;13;14;15;16;17;18;19;20;21;22;23;24;25
1000170,1500204,1500206,metro,1,2.2,1,service_links,1057.686462449693,5,999999,31.714736505238168,0,2.0,4999995,0.15,4,0,"LINESTRING (139.672767 35.786973999999994, 139.661261 35.788807999999996)",w_metro_only;w_bus_metro;d_metro_only;d_bus_metro,東京都交通局,22,2.2:1;2;3;4;5;6;7;8;9;10;11;12;13;14;15;16;17;18;19;20;21;22;23;24;25
1000171,1500206,1500208,metro,1,2.2,1,service_links,677.0817055627631,5,999999,20.302300016874455,0,2.0,4999995,0.15,4,0,"LINESTRING (139.661261 35.788807999999996, 139.65395 35.790189)",w_metro_only;w_bus_metro;d_metro_only;d_bus_metro,東京都交通局,23,2.2:1;2;3;4;5;6;7;8;9;10;11;12;13;14;15;16;17;18;19;20;21;22;23;24;25
1000172,1500208,1500210,metro,1,2.2,1,service_links,800.3054890176868,5,999999,23.99716608748686,0,2.0,4999995,0.15,4,0,"LINESTRING (139.65395 35.790189, 139.645321 35.791864999999994)",w_metro_only;w_bus_metro;d_metro_only;d_bus_metro,東京都交通局,24,2.2:1;2;3;4;5;6;7;8;9;10;11;12;13;14;15;16;17;18;19;20;21;22;23;24;25
1000173,1500160,1500161,metro,1,2.2,1,service_links,1063.5033758658342,15,999999,31.889156697626213,0,2.0,14999985,0.15,4,0,"LINESTRING (139.715344 35.633534999999995, 139.725907 35.637750999999994)",w_metro_only;w_bus_metro;d_metro_only;d_bus_metro,東京都交通局,1,2.2:1;2;3;4;5;6;7;8;9;10;11;12;13;14;15;16;17;18;19;20;21;22;23;24;25;26;27
1000174,1500161,1500163,metro,1,2.2,1,service_links,965.6212242089599,15,999999,19.305989154461045,0,3.0,14999985,0.15,4,0,"LINESTRING (139.725907 35.637750999999994, 139.734244 35.64318299999999)",w_metro_only;w_bus_metro;d_metro_only;d_bus_metro,東京都交通局,2,2.2:1;2;3;4;5;6;7;8;9;10;11;12;13;14;15;16;17;18;19;20;21;22;23;24;25;26;27
1000175,1500163,1500165,metro,1,2.2,1,service_links,1452.417693227371,15,999999,29.038674306445277,0,3.0,14999985,0.15,4,0,"LINESTRING (139.734244 35.64318299999999, 139.748898 35.64855)",w_metro_only;w_bus_metro;d_metro_only;d_bus_metro,東京都交通局,3,2.2:1;2;3;4;5;6;7;8;9;10;11;12;13;14;15;16;17;18;19;20;21;22;23;24;25;26;27
1000176,1500165,1500167,metro,1,2.2,1,service_links,620.3700318087476,15,999999,18.601800054235312,0,2.0,14999985,0.15,4,0,"LINESTRING (139.748898 35.64855, 139.74975 35.654086)",w_metro_only;w_bus_metro;d_metro_only;d_bus_metro,東京都交通局,4,2.2:1;2;3;4;5;6;7;8;9;10;11;12;13;14;15;16;17;18;19;20;21;22;23;24;25;26;27
1000177,1500167,1500169,metro,1,2.2,1,service_links,745.2467559915432,15,999999,22.346229564963814,0,2.0,14999985,0.15,4,0,"LINESTRING (139.74975 35.654086, 139.751266 35.660674)",w_metro_only;w_bus_metro;d_metro_only;d_bus_metro,東京都交通局,5,2.2:1;2;3;4;5;6;7;8;9;10;11;12;13;14;15;16;17;18;19;20;21;22;23;24;25;26;27
1000178,1500169,1500171,metro,1,2.2,1,service_links,1018.0052220142873,15,999999,61.0192940268304,0,1.0,14999985,0.15,4,0,"LINESTRING (139.751266 35.660674, 139.75522999999998 35.669244)",w_metro_only;w_bus_metro;d_metro_only;d_bus_metro,東京都交通局,6,2.2:1;2;3;4;5;6;7;8;9;10;11;12;13;14;15;16;17;18;19;20;21;22;23;24;25;26;27
1000179,1500171,1500173,metro,1,2.2,1,service_links,920.7235487094264,15,999999,27.607902510027778,0,2.0,14999985,0.15,4,0,"LINESTRING (139.75522999999998 35.669244, 139.760174 35.676485)",w_metro_only;w_bus_metro;d_metro_only;d_bus_metro,東京都交通局,7,2.2:1;2;3;4;5;6;7;8;9;10;11;12;13;14;15;16;17;18;19;20;21;22;23;24;25;26;27
1000180,1500173,1500175,metro,1,2.2,1,service_links,865.4181302669833,15,999999,25.94956912344778,0,2.0,14999985,0.15,4,0,"LINESTRING (139.760174 35.676485, 139.762698 35.683992999999994)",w_metro_only;w_bus_metro;d_metro_only;d_bus_metro,東京都交通局,8,2.2:1;2;3;4;5;6;7;8;9;10;11;12;13;14;15;16;17;18;19;20;21;22;23;24;25;26;27
1000181,1500175,1500177,metro,1,2.2,1,service_links,1316.427648096603,15,999999,26.319779702031386,0,3.0,14999985,0.15,4,0,"LINESTRING (139.762698 35.683992999999994, 139.758113 35.695231)",w_metro_only;w_bus_metro;d_metro_only;d_bus_metro,東京都交通局,9,2.2:1;2;3;4;5;6;7;8;9;10;11;12;13;14;15;16;17;18;19;20;21;22;23;24;25;26;27
1000182,1500177,1500179,metro,1,2.2,1,service_links,945.3536974905826,15,999999,18.90077369191435,0,3.0,14999985,0.15,4,0,"LINESTRING (139.758113 35.695231, 139.755047 35.703359999999996)",w_metro_only;w_bus_metro;d_metro_only;d_bus_metro,東京都交通局,10,2.2:1;2;3;4;5;6;7;8;9;10;11;12;13;14;15;16;17;18;19;20;21;22;23;24;25;26;27
1000183,1500179,1500181,metro,1,2.2,1,service_links,695.7493640540108,15,999999,41.703258584656,0,1.0,14999985,0.15,4,0,"LINESTRING (139.755047 35.703359999999996, 139.753187 35.709432)",w_metro_only;w_bus_metro;d_metro_only;d_bus_metro,東京都交通局,11,2.2:1;2;3;4;5;6;7;8;9;10;11;12;13;14;15;16;17;18;19;20;21;22;23;24;25;26;27
1000184,1500181,1500183,metro,1,2.2,1,service_links,1355.022658762584,15,999999,40.630364580587226,0,2.0,14999985,0.15,4,0,"LINESTRING (139.753187 35.709432, 139.752034 35.721582)",w_metro_only;w_bus_metro;d_metro_only;d_bus_metro,東京都交通局,12,2.2:1;2;3;4;5;6;7;8;9;10;11;12;13;14;15;16;17;18;19;20;21;22;23;24;25;26;27
1000185,1500183,1500185,metro,1,2.2,1,service_links,935.5024171968594,15,999999,28.051046992409578,0,2.0,14999985,0.15,4,0,"LINESTRING (139.752034 35.721582, 139.74488399999998 35.727672)",w_metro_only;w_bus_metro;d_metro_only;d_bus_metro,東京都交通局,13,2.2:1;2;3;4;5;6;7;8;9;10;11;12;13;14;15;16;17;18;19;20;21;22;23;24;25;26;27
1000186,1500185,1500187,metro,1,2.2,1,service_links,910.1205296723253,15,999999,27.289970904717407,0,2.0,14999985,0.15,4,0,"LINESTRING (139.74488399999998 35.727672, 139.738054 35.733692999999995)",w_metro_only;w_bus_metro;d_metro_only;d_bus_metro,東京都交通局,14,2.2:1;2;3;4;5;6;7;8;9;10;11;12;13;14;15;16;17;18;19;20;21;22;23;24;25;26;27
1000187,1500187,1500189,metro,1,2.2,1,service_links,1381.68032226267,15,999999,41.42969482046987,0,2.0,14999985,0.15,4,0,"LINESTRING (139.738054 35.733692999999995, 139.728603 35.743468)",w_metro_only;w_bus_metro;d_metro_only;d_bus_metro,東京都交通局,15,2.2:1;2;3;4;5;6;7;8;9;10;11;12;13;14;15;16;17;18;19;20;21;22;23;24;25;26;27
1000188,1500189,1500191,metro,1,2.2,1,service_links,989.5724364336804,15,999999,29.67233692454814,0,2.0,14999985,0.15,4,0,"LINESTRING (139.728603 35.743468, 139.719708 35.748672)",w_metro_only;w_bus_metro;d_metro_only;d_bus_metro,東京都交通局,16,2.2:1;2;3;4;5;6;7;8;9;10;11;12;13;14;15;16;17;18;19;20;21;22;23;24;25;26;27
1000189,1500191,1500193,metro,1,2.2,1,service_links,920.8350003823567,15,999999,27.611244389276067,0,2.0,14999985,0.15,4,0,"LINESTRING (139.719708 35.748672, 139.71002 35.751272)",w_metro_only;w_bus_metro;d_metro_only;d_bus_metro,東京都交通局,17,2.2:1;2;3;4;5;6;7;8;9;10;11;12;13;14;15;16;17;18;19;20;21;22;23;24;25;26;27
1000190,1500193,1500195,metro,1,2.2,1,service_links,1179.5776589913899,15,999999,35.36964494726806,0,2.0,14999985,0.15,4,0,"LINESTRING (139.71002 35.751272, 139.705444 35.761208999999994)",w_metro_only;w_bus_metro;d_metro_only;d_bus_metro,東京都交通局,18,2.2:1;2;3;4;5;6;7;8;9;10;11;12;13;14;15;16;17;18;19;20;21;22;23;24;25;26;27
1000191,1500195,1500197,metro,1,2.2,1,service_links,855.0513238960439,15,999999,25.638720356702965,0,2.0,14999985,0.15,4,0,"LINESTRING (139.705444 35.761208999999994, 139.70230999999998 35.768466)",w_metro_only;w_bus_metro;d_metro_only;d_bus_metro,東京都交通局,19,2.2:1;2;3;4;5;6;7;8;9;10;11;12;13;14;15;16;17;18;19;20;21;22;23;24;25;26;27
1000192,1500197,1500199,metro,1,2.2,1,service_links,1064.7765570867296,15,999999,31.92733304607885,0,2.0,14999985,0.15,4,0,"LINESTRING (139.70230999999998 35.768466, 139.694997 35.775982)",w_metro_only;w_bus_metro;d_metro_only;d_bus_metro,東京都交通局,20,2.2:1;2;3;4;5;6;7;8;9;10;11;12;13;14;15;16;17;18;19;20;21;22;23;24;25;26;27
1000193,1500199,1500201,metro,1,2.2,1,service_links,857.0972585422401,15,999999,25.700067722406,0,2.0,14999985,0.15,4,0,"LINESTRING (139.694997 35.775982, 139.685651 35.777367999999996)",w_metro_only;w_bus_metro;d_metro_only;d_bus_metro,東京都交通局,21,2.2:1;2;3;4;5;6;7;8;9;10;11;12;13;14;15;16;17;18;19;20;21;22;23;24;25;26;27
1000194,1500201,1500203,metro,1,2.2,1,service_links,973.363978232827,15,999999,29.186326183892863,0,2.0,14999985,0.15,4,0,"LINESTRING (139.685651 35.777367999999996, 139.678847 35.784161999999995)",w_metro_only;w_bus_metro;d_metro_only;d_bus_metro,東京都交通局,22,2.2:1;2;3;4;5;6;7;8;9;10;11;12;13;14;15;16;17;18;19;20;21;22;23;24;25;26;27
1000195,1500203,1500205,metro,1,2.2,1,service_links,631.305049362307,15,999999,18.92968663755044,0,2.0,14999985,0.15,4,0,"LINESTRING (139.678847 35.784161999999995, 139.672767 35.786973999999994)",w_metro_only;w_bus_metro;d_metro_only;d_bus_metro,東京都交通局,23,2.2:1;2;3;4;5;6;7;8;9;10;11;12;13;14;15;16;17;18;19;20;21;22;23;24;25;26;27
1000196,1500205,1500207,metro,1,2.2,1,service_links,1057.686462449693,15,999999,31.714736505238168,0,2.0,14999985,0.15,4,0,"LINESTRING (139.672767 35.786973999999994, 139.661261 35.788807999999996)",w_metro_only;w_bus_metro;d_metro_only;d_bus_metro,東京都交通局,24,2.2:1;2;3;4;5;6;7;8;9;10;11;12;13;14;15;16;17;18;19;20;21;22;23;24;25;26;27
1000197,1500207,1500209,metro,1,2.2,1,service_links,677.0817055627631,15,999999,40.584318015750036,0,1.0,14999985,0.15,4,0,"LINESTRING (139.661261 35.788807999999996, 139.65395 35.790189)",w_metro_only;w_bus_metro;d_metro_only;d_bus_metro,東京都交通局,25,2.2:1;2;3;4;5;6;7;8;9;10;11;12;13;14;15;16;17;18;19;20;21;22;23;24;25;26;27
1000198,1500209,1500211,metro,1,2.2,1,service_links,800.3054890176868,15,999999,16.000776188290974,0,3.0,14999985,0.15,4,0,"LINESTRING (139.65395 35.790189, 139.645321 35.791864999999994)",w_metro_only;w_bus_metro;d_metro_only;d_bus_metro,東京都交通局,26,2.2:1;2;3;4;5;6;7;8;9;10;11;12;13;14;15;16;17;18;19;20;21;22;23;24;25;26;27
1000199,1500250,1500248,metro,1,3.1,1,service_links,766.3515879237068,3,999999,22.979058108656876,0,2.0,2999997,0.15,4,0,"LINESTRING (139.834605 35.689651999999995, 139.826131 35.689291)",w_metro_only;w_bus_metro;d_metro_only;d_bus_metro,東京都交通局,1,3.1:1;2;3;4;5;6;7;8;9;10;11;12;13;14;15
1000200,1500248,1500246,metro,1,3.1,1,service_links,949.7996151797265,3,999999,28.479748581101248,0,2.0,2999997,0.15,4,0,"LINESTRING (139.826131 35.689291, 139.815623 35.688939999999995)",w_metro_only;w_bus_metro;d_metro_only;d_bus_metro,東京都交通局,2,3.1:1;2;3;4;5;6;7;8;9;10;11;12;13;14;15
1000201,1500246,1500244,metro,1,3.1,1,service_links,875.8651429151718,3,999999,26.262822876017147,0,2.0,2999997,0.15,4,0,"LINESTRING (139.815623 35.688939999999995, 139.805957 35.688298999999994)",w_metro_only;w_bus_metro;d_metro_only;d_bus_metro,東京都交通局,3,3.1:1;2;3;4;5;6;7;8;9;10;11;12;13;14;15
1000202,1500244,1500240,metro,1,3.1,1,service_links,853.2741424844716,3,999999,51.145303245822475,0,1.0,2999997,0.15,4,0,"LINESTRING (139.805957 35.688298999999994, 139.796523 35.687881999999995)",w_metro_only;w_bus_metro;d_metro_only;d_bus_metro,東京都交通局,4,3.1:1;2;3;4;5;6;7;8;9;10;11;12;13;14;15
1000203,1500240,1500238,metro,1,3.1,1,service_links,806.5468170808056,3,999999,24.184312356246046,0,2.0,2999997,0.15,4,0,"LINESTRING (139.796523 35.687881999999995, 139.787625 35.688500999999995)",w_metro_only;w_bus_metro;d_metro_only;d_bus_metro,東京都交通局,5,3.1:1;2;3;4;5;6;7;8;9;10;11;12;13;14;15
1000204,1500238,1500234,metro,1,3.1,1,service_links,564.4913171868915,3,999999,16.926276377418034,0,2.0,2999997,0.15,4,0,"LINESTRING (139.787625 35.688500999999995, 139.782906 35.691829999999996)",w_metro_only;w_bus_metro;d_metro_only;d_bus_metro,東京都交通局,6,3.1:1;2;3;4;5;6;7;8;9;10;11;12;13;14;15
1000205,1500234,1500232,metro,1,3.1,1,service_links,821.5736381089655,3,999999,24.634891697420255,0,2.0,2999997,0.15,4,0,"LINESTRING (139.782906 35.691829999999996, 139.775015 35.695507)",w_metro_only;w_bus_metro;d_metro_only;d_bus_metro,東京都交通局,7,3.1:1;2;3;4;5;6;7;8;9;10;11;12;13;14;15
1000206,1500232,1500230,metro,1,3.1,1,service_links,785.4407621056802,3,999999,47.07936635998083,0,1.0,2999997,0.15,4,0,"LINESTRING (139.775015 35.695507, 139.766349 35.694905)",w_metro_only;w_bus_metro;d_metro_only;d_bus_metro,東京都交通局,8,3.1:1;2;3;4;5;6;7;8;9;10;11;12;13;14;15
1000207,1500230,1500226,metro,1,3.1,1,service_links,772.2236057426734,3,999999,23.155130606976716,0,2.0,2999997,0.15,4,0,"LINESTRING (139.766349 35.694905, 139.757881 35.695871999999994)",w_metro_only;w_bus_metro;d_metro_only;d_bus_metro,東京都交通局,9,3.1:1;2;3;4;5;6;7;8;9;10;11;12;13;14;15
1000208,1500226,1500224,metro,1,3.1,1,service_links,565.75740979953,3,999999,16.96424017389895,0,2.0,2999997,0.15,4,0,"LINESTRING (139.757881 35.695871999999994, 139.75163799999999 35.695446)",w_metro_only;w_bus_metro;d_metro_only;d_bus_metro,東京都交通局,10,3.1:1;2;3;4;5;6;7;8;9;10;11;12;13;14;15
1000209,1500224,1500220,metro,1,3.1,1,service_links,1353.6248224654187,3,999999,40.588450448738186,0,2.0,2999997,0.15,4,0,"LINESTRING (139.75163799999999 35.695446, 139.73748799999998 35.69143)",w_metro_only;w_bus_metro;d_metro_only;d_bus_metro,東京都交通局,11,3.1:1;2;3;4;5;6;7;8;9;10;11;12;13;14;15
1000210,1500220,1500218,metro,1,3.1,1,service_links,1382.5097555841,3,999999,27.640981451198265,0,3.0,2999997,0.15,4,0,"LINESTRING (139.73748799999998 35.69143, 139.722217 35.692302)",w_metro_only;w_bus_metro;d_metro_only;d_bus_metro,東京都交通局,12,3.1:1;2;3;4;5;6;7;8;9;10;11;12;13;14;15
1000211,1500218,1500216,metro,1,3.1,1,service_links,1410.3137300083627,3,999999,42.288267766367696,0,2.0,2999997,0.15,4,0,"LINESTRING (139.722217 35.692302, 139.706694 35.690915999999994)",w_metro_only;w_bus_metro;d_metro_only;d_bus_metro,東京都交通局,13,3.1:1;2;3;4;5;6;7;8;9;10;11;12;13;14;15
1000212,1500216,1500212,metro,1,3.1,1,service_links,809.1392161572678,3,999999,24.26204546198704,0,2.0,2999997,0.15,4,0,"LINESTRING (139.706694 35.690915999999994, 139.698318 35.688333)",w_metro_only;w_bus_metro;d_metro_only;d_bus_metro,東京都交通局,14,3.1:1;2;3;4;5;6;7;8;9;10;11;12;13;14;15
1000213,1500260,1500259,metro,1,3.1,1,service_links,2780.6540621223107,27,999999,55.59454972587092,0,3.0,26999973,0.15,4,0,"LINESTRING (139.926513 35.722719, 139.903696 35.705921999999994)",w_metro_only;w_bus_metro;d_metro_only;d_bus_metro,東京都交通局,1,3.1:1;2;3;4;5;6;7;8;9;10;11;12;13;14;15;16;17;18;19;20;21
1000214,1500259,1500258,metro,1,3.1,1,service_links,1496.2119890312897,27,999999,44.86392770708515,0,2.0,26999973,0.15,4,0,"LINESTRING (139.903696 35.705921999999994, 139.89759999999998 35.69341)",w_metro_only;w_bus_metro;d_metro_only;d_bus_metro,東京都交通局,2,3.1:1;2;3;4;5;6;7;8;9;10;11;12;13;14;15;16;17;18;19;20;21
1000215,1500258,1500257,metro,1,3.1,1,service_links,1600.9040398911964,27,999999,32.00741166060373,0,3.0,26999973,0.15,4,0,"LINESTRING (139.89759999999998 35.69341, 139.882486 35.685886999999994)",w_metro_only;w_bus_metro;d_metro_only;d_bus_metro,東京都交通局,3,3.1:1;2;3;4;5;6;7;8;9;10;11;12;13;14;15;16;17;18;19;20;21
1000216,1500257,1500255,metro,1,3.1,1,service_links,1700.8160063052967,27,999999,50.9989806988095,0,2.0,26999973,0.15,4,0,"LINESTRING (139.882486 35.685886999999994, 139.863855 35.683659999999996)",w_metro_only;w_bus_metro;d_metro_only;d_bus_metro,東京都交通局,4,3.1:1;2;3;4;5;6;7;8;9;10;11;12;13;14;15;16;17;18;19;20;21
1000217,1500255,1500254,metro,1,3.1,1,service_links,1658.2998589002248,27,999999,33.15494552949467,0,3.0,26999973,0.15,4,0,"LINESTRING (139.863855 35.683659999999996, 139.847155 35.689859)",w_metro_only;w_bus_metro;d_metro_only;d_bus_metro,東京都交通局,5,3.1:1;2;3;4;5;6;7;8;9;10;11;12;13;14;15;16;17;18;19;20;21
1000218,1500254,1500251,metro,1,3.1,1,service_links,1133.6388600669954,27,999999,33.99216971715129,0,2.0,26999973,0.15,4,0,"LINESTRING (139.847155 35.689859, 139.834605 35.689651999999995)",w_metro_only;w_bus_metro;d_metro_only;d_bus_metro,東京都交通局,6,3.1:1;2;3;4;5;6;7;8;9;10;11;12;13;14;15;16;17;18;19;20;21
1000219,1500251,1500249,metro,1,3.1,1,service_links,766.3515879237068,27,999999,11.492400718675933,0,4.0,26999973,0.15,4,0,"LINESTRING (139.834605 35.689651999999995, 139.826131 35.689291)",w_metro_only;w_bus_metro;d_metro_only;d_bus_metro,東京都交通局,7,3.1:1;2;3;4;5;6;7;8;9;10;11;12;13;14;15;16;17;18;19;20;21
1000220,1500249,1500247,metro,1,3.1,1,service_links,949.7996151797265,27,999999,28.479748581101248,0,2.0,26999973,0.15,4,0,"LINESTRING (139.826131 35.689291, 139.815623 35.688939999999995)",w_metro_only;w_bus_metro;d_metro_only;d_bus_metro,東京都交通局,8,3.1:1;2;3;4;5;6;7;8;9;10;11;12;13;14;15;16;17;18;19;20;21
1000221,1500247,1500245,metro,1,3.1,1,service_links,875.8651429151718,27,999999,26.262822876017147,0,2.0,26999973,0.15,4,0,"LINESTRING (139.815623 35.688939999999995, 139.805957 35.688298999999994)",w_metro_only;w_bus_metro;d_metro_only;d_bus_metro,東京都交通局,9,3.1:1;2;3;4;5;6;7;8;9;10;11;12;13;14;15;16;17;18;19;20;21
1000222,1500245,1500241,metro,1,3.1,1,service_links,853.2741424844716,27,999999,51.145303245822475,0,1.0,26999973,0.15,4,0,"LINESTRING (139.805957 35.688298999999994, 139.796523 35.687881999999995)",w_metro_only;w_bus_metro;d_metro_only;d_bus_metro,東京都交通局,10,3.1:1;2;3;4;5;6;7;8;9;10;11;12;13;14;15;16;17;18;19;20;21
1000223,1500241,1500239,metro,1,3.1,1,service_links,806.5468170808056,27,999999,24.184312356246046,0,2.0,26999973,0.15,4,0,"LINESTRING (139.796523 35.687881999999995, 139.787625 35.688500999999995)",w_metro_only;w_bus_metro;d_metro_only;d_bus_metro,東京都交通局,11,3.1:1;2;3;4;5;6;7;8;9;10;11;12;13;14;15;16;17;18;19;20;21
1000224,1500239,1500235,metro,1,3.1,1,service_links,564.4913171868915,27,999999,16.926276377418034,0,2.0,26999973,0.15,4,0,"LINESTRING (139.787625 35.688500999999995, 139.782906 35.691829999999996)",w_metro_only;w_bus_metro;d_metro_only;d_bus_metro,東京都交通局,12,3.1:1;2;3;4;5;6;7;8;9;10;11;12;13;14;15;16;17;18;19;20;21
1000225,1500235,1500233,metro,1,3.1,1,service_links,821.5736381089655,27,999999,24.634891697420255,0,2.0,26999973,0.15,4,0,"LINESTRING (139.782906 35.691829999999996, 139.775015 35.695507)",w_metro_only;w_bus_metro;d_metro_only;d_bus_metro,東京都交通局,13,3.1:1;2;3;4;5;6;7;8;9;10;11;12;13;14;15;16;17;18;19;20;21
1000226,1500233,1500231,metro,1,3.1,1,service_links,785.4407621056802,27,999999,47.07936635998083,0,1.0,26999973,0.15,4,0,"LINESTRING (139.775015 35.695507, 139.766349 35.694905)",w_metro_only;w_bus_metro;d_metro_only;d_bus_metro,東京都交通局,14,3.1:1;2;3;4;5;6;7;8;9;10;11;12;13;14;15;16;17;18;19;20;21
1000227,1500231,1500227,metro,1,3.1,1,service_links,772.2236057426734,27,999999,23.155130606976716,0,2.0,26999973,0.15,4,0,"LINESTRING (139.766349 35.694905, 139.757881 35.695871999999994)",w_metro_only;w_bus_metro;d_metro_only;d_bus_metro,東京都交通局,15,3.1:1;2;3;4;5;6;7;8;9;10;11;12;13;14;15;16;17;18;19;20;21
1000228,1500227,1500225,metro,1,3.1,1,service_links,565.75740979953,27,999999,16.96424017389895,0,2.0,26999973,0.15,4,0,"LINESTRING (139.757881 35.695871999999994, 139.75163799999999 35.695446)",w_metro_only;w_bus_metro;d_metro_only;d_bus_metro,東京都交通局,16,3.1:1;2;3;4;5;6;7;8;9;10;11;12;13;14;15;16;17;18;19;20;21
1000229,1500225,1500221,metro,1,3.1,1,service_links,1353.6248224654187,27,999999,40.588450448738186,0,2.0,26999973,0.15,4,0,"LINESTRING (139.75163799999999 35.695446, 139.73748799999998 35.69143)",w_metro_only;w_bus_metro;d_metro_only;d_bus_metro,東京都交通局,17,3.1:1;2;3;4;5;6;7;8;9;10;11;12;13;14;15;16;17;18;19;20;21
1000230,1500221,1500219,metro,1,3.1,1,service_links,1382.5097555841,27,999999,27.640981451198265,0,3.0,26999973,0.15,4,0,"LINESTRING (139.73748799999998 35.69143, 139.722217 35.692302)",w_metro_only;w_bus_metro;d_metro_only;d_bus_metro,東京都交通局,18,3.1:1;2;3;4;5;6;7;8;9;10;11;12;13;14;15;16;17;18;19;20;21
1000231,1500219,1500217,metro,1,3.1,1,service_links,1410.3137300083627,27,999999,42.288267766367696,0,2.0,26999973,0.15,4,0,"LINESTRING (139.722217 35.692302, 139.706694 35.690915999999994)",w_metro_only;w_bus_metro;d_metro_only;d_bus_metro,東京都交通局,19,3.1:1;2;3;4;5;6;7;8;9;10;11;12;13;14;15;16;17;18;19;20;21
1000232,1500217,1500213,metro,1,3.1,1,service_links,809.1392161572678,27,999999,24.26204546198704,0,2.0,26999973,0.15,4,0,"LINESTRING (139.706694 35.690915999999994, 139.698318 35.688333)",w_metro_only;w_bus_metro;d_metro_only;d_bus_metro,東京都交通局,20,3.1:1;2;3;4;5;6;7;8;9;10;11;12;13;14;15;16;17;18;19;20;21
1000233,1500252,1500242,metro,1,3.1,1,service_links,3444.899361433588,1,999999,51.6605752776844,0,4.0,999999,0.15,4,0,"LINESTRING (139.834605 35.689651999999995, 139.796523 35.687881999999995)",w_metro_only;w_bus_metro;d_metro_only;d_bus_metro,東京都交通局,1,3.1:1;5;7;10;12;15
1000234,1500242,1500236,metro,1,3.1,1,service_links,1305.7727114183522,1,999999,26.10675197770781,0,3.0,999999,0.15,4,0,"LINESTRING (139.796523 35.687881999999995, 139.782906 35.691829999999996)",w_metro_only;w_bus_metro;d_metro_only;d_bus_metro,東京都交通局,5,3.1:1;5;7;10;12;15
1000235,1500236,1500228,metro,1,3.1,1,service_links,2304.180518345723,1,999999,34.55406925787138,0,4.0,999999,0.15,4,0,"LINESTRING (139.782906 35.691829999999996, 139.757881 35.695871999999994)",w_metro_only;w_bus_metro;d_metro_only;d_bus_metro,東京都交通局,7,3.1:1;5;7;10;12;15
1000236,1500228,1500222,metro,1,3.1,1,service_links,1906.7118246516673,1,999999,38.12152931659448,0,3.0,999999,0.15,4,0,"LINESTRING (139.757881 35.695871999999994, 139.73748799999998 35.69143)",w_metro_only;w_bus_metro;d_metro_only;d_bus_metro,東京都交通局,10,3.1:1;5;7;10;12;15
1000237,1500222,1500214,metro,1,3.1,1,service_links,3554.205417494445,1,999999,42.64193662260882,0,5.0,999999,0.15,4,0,"LINESTRING (139.73748799999998 35.69143, 139.698318 35.688333)",w_metro_only;w_bus_metro;d_metro_only;d_bus_metro,東京都交通局,12,3.1:1;5;7;10;12;15
1000238,1500261,1500256,metro,1,3.1,1,service_links,7132.555717702588,1,999999,61.127459371826205,0,7.0,999999,0.15,4,0,"LINESTRING (139.926513 35.722719, 139.863855 35.683659999999996)",w_metro_only;w_bus_metro;d_metro_only;d_bus_metro,東京都交通局,1,3.1:1;5;7;11;13;16;18;21
1000239,1500256,1500253,metro,1,3.1,1,service_links,2724.4321788464904,1,999999,40.85626861554346,0,4.0,999999,0.15,4,0,"LINESTRING (139.863855 35.683659999999996, 139.834605 35.689651999999995)",w_metro_only;w_bus_metro;d_metro_only;d_bus_metro,東京都交通局,5,3.1:1;5;7;11;13;16;18;21
1000240,1500253,1500243,metro,1,3.1,1,service_links,3444.899361433588,1,999999,41.33052623195667,0,5.0,999999,0.15,4,0,"LINESTRING (139.834605 35.689651999999995, 139.796523 35.687881999999995)",w_metro_only;w_bus_metro;d_metro_only;d_bus_metro,東京都交通局,7,3.1:1;5;7;11;13;16;18;21
1000241,1500243,1500237,metro,1,3.1,1,service_links,1305.7727114183522,1,999999,39.153604540280426,0,2.0,999999,0.15,4,0,"LINESTRING (139.796523 35.687881999999995, 139.782906 35.691829999999996)",w_metro_only;w_bus_metro;d_metro_only;d_bus_metro,東京都交通局,11,3.1:1;5;7;11;13;16;18;21
1000242,1500237,1500229,metro,1,3.1,1,service_links,2304.180518345723,1,999999,34.55406925787138,0,4.0,999999,0.15,4,0,"LINESTRING (139.782906 35.691829999999996, 139.757881 35.695871999999994)",w_metro_only;w_bus_metro;d_metro_only;d_bus_metro,東京都交通局,13,3.1:1;5;7;11;13;16;18;21
1000243,1500229,1500223,metro,1,3.1,1,service_links,1906.7118246516673,1,999999,57.172768355372334,0,2.0,999999,0.15,4,0,"LINESTRING (139.757881 35.695871999999994, 139.73748799999998 35.69143)",w_metro_only;w_bus_metro;d_metro_only;d_bus_metro,東京都交通局,16,3.1:1;5;7;11;13;16;18;21
1000244,1500223,1500215,metro,1,3.1,1,service_links,3554.205417494445,1,999999,42.64193662260882,0,5.0,999999,0.15,4,0,"LINESTRING (139.73748799999998 35.69143, 139.698318 35.688333)",w_metro_only;w_bus_metro;d_metro_only;d_bus_metro,東京都交通局,18,3.1:1;5;7;11;13;16;18;21
1000245,1500276,1500278,metro,1,3.2,1,service_links,1133.6388600669954,2,999999,33.99216971715129,0,2.0,1999998,0.15,4,0,"LINESTRING (139.834605 35.689651999999995, 139.847155 35.689859)",w_metro_only;w_bus_metro;d_metro_only;d_bus_metro,東京都交通局,1,3.2:1;2;3;4;5;6;7
1000246,1500278,1500280,metro,1,3.2,1,service_links,1658.2998589002248,2,999999,33.15494552949467,0,3.0,1999998,0.15,4,0,"LINESTRING (139.847155 35.689859, 139.863855 35.683659999999996)",w_metro_only;w_bus_metro;d_metro_only;d_bus_metro,東京都交通局,2,3.2:1;2;3;4;5;6;7
1000247,1500280,1500282,metro,1,3.2,1,service_links,1700.8160063052967,2,999999,50.9989806988095,0,2.0,1999998,0.15,4,0,"LINESTRING (139.863855 35.683659999999996, 139.882486 35.685886999999994)",w_metro_only;w_bus_metro;d_metro_only;d_bus_metro,東京都交通局,3,3.2:1;2;3;4;5;6;7
1000248,1500282,1500284,metro,1,3.2,1,service_links,1600.9040398911964,2,999999,32.00741166060373,0,3.0,1999998,0.15,4,0,"LINESTRING (139.882486 35.685886999999994, 139.89759999999998 35.69341)",w_metro_only;w_bus_metro;d_metro_only;d_bus_metro,東京都交通局,4,3.2:1;2;3;4;5;6;7
1000249,1500284,1500286,metro,1,3.2,1,service_links,1496.2119890312897,2,999999,44.86392770708515,0,2.0,1999998,0.15,4,0,"LINESTRING (139.89759999999998 35.69341, 139.903696 35.705921999999994)",w_metro_only;w_bus_metro;d_metro_only;d_bus_metro,東京都交通局,5,3.2:1;2;3;4;5;6;7
1000250,1500286,1500288,metro,1,3.2,1,service_links,2780.6540621223107,2,999999,41.69938608531333,0,4.0,1999998,0.15,4,0,"LINESTRING (139.903696 35.705921999999994, 139.926513 35.722719)",w_metro_only;w_bus_metro;d_metro_only;d_bus_metro,東京都交通局,6,3.2:1;2;3;4;5;6;7
1000251,1500262,1500263,metro,1,3.2,1,service_links,809.1392161572678,20,999999,48.499853116319755,0,1.0,19999980,0.15,4,0,"LINESTRING (139.698318 35.688333, 139.706694 35.690915999999994)",w_metro_only;w_bus_metro;d_metro_only;d_bus_metro,東京都交通局,1,3.2:1;2;3;4;5;6;7;8;9;10;11;12;13;14;15;16;17;18;19;20;21
1000252,1500263,1500264,metro,1,3.2,1,service_links,1410.3137300083627,20,999999,42.288267766367696,0,2.0,19999980,0.15,4,0,"LINESTRING (139.706694 35.690915999999994, 139.722217 35.692302)",w_metro_only;w_bus_metro;d_metro_only;d_bus_metro,東京都交通局,2,3.2:1;2;3;4;5;6;7;8;9;10;11;12;13;14;15;16;17;18;19;20;21
1000253,1500264,1500265,metro,1,3.2,1,service_links,1382.5097555841,20,999999,27.640981451198265,0,3.0,19999980,0.15,4,0,"LINESTRING (139.722217 35.692302, 139.73748799999998 35.69143)",w_metro_only;w_bus_metro;d_metro_only;d_bus_metro,東京都交通局,3,3.2:1;2;3;4;5;6;7;8;9;10;11;12;13;14;15;16;17;18;19;20;21
1000254,1500265,1500266,metro,1,3.2,1,service_links,1353.6248224654187,20,999999,40.588450448738186,0,2.0,19999980,0.15,4,0,"LINESTRING (139.73748799999998 35.69143, 139.75163799999999 35.695446)",w_metro_only;w_bus_metro;d_metro_only;d_bus_metro,東京都交通局,4,3.2:1;2;3;4;5;6;7;8;9;10;11;12;13;14;15;16;17;18;19;20;21
1000255,1500266,1500267,metro,1,3.2,1,service_links,565.75740979953,20,999999,33.91153305491689,0,1.0,19999980,0.15,4,0,"LINESTRING (139.75163799999999 35.695446, 139.757881 35.695871999999994)",w_metro_only;w_bus_metro;d_metro_only;d_bus_metro,東京都交通局,5,3.2:1;2;3;4;5;6;7;8;9;10;11;12;13;14;15;16;17;18;19;20;21
1000256,1500267,1500268,metro,1,3.2,1,service_links,772.2236057426734,20,999999,23.155130606976716,0,2.0,19999980,0.15,4,0,"LINESTRING (139.757881 35.695871999999994, 139.766349 35.694905)",w_metro_only;w_bus_metro;d_metro_only;d_bus_metro,東京都交通局,6,3.2:1;2;3;4;5;6;7;8;9;10;11;12;13;14;15;16;17;18;19;20;21
1000257,1500268,1500269,metro,1,3.2,1,service_links,785.4407621056802,20,999999,23.551447139600608,0,2.0,19999980,0.15,4,0,"LINESTRING (139.766349 35.694905, 139.775015 35.695507)",w_metro_only;w_bus_metro;d_metro_only;d_bus_metro,東京都交通局,7,3.2:1;2;3;4;5;6;7;8;9;10;11;12;13;14;15;16;17;18;19;20;21
1000258,1500269,1500270,metro,1,3.2,1,service_links,821.5736381089655,20,999999,24.634891697420255,0,2.0,19999980,0.15,4,0,"LINESTRING (139.775015 35.695507, 139.782906 35.691829999999996)",w_metro_only;w_bus_metro;d_metro_only;d_bus_metro,東京都交通局,8,3.2:1;2;3;4;5;6;7;8;9;10;11;12;13;14;15;16;17;18;19;20;21
1000259,1500270,1500271,metro,1,3.2,1,service_links,564.4913171868915,20,999999,33.83564338782567,0,1.0,19999980,0.15,4,0,"LINESTRING (139.782906 35.691829999999996, 139.787625 35.688500999999995)",w_metro_only;w_bus_metro;d_metro_only;d_bus_metro,東京都交通局,9,3.2:1;2;3;4;5;6;7;8;9;10;11;12;13;14;15;16;17;18;19;20;21
1000260,1500271,1500272,metro,1,3.2,1,service_links,806.5468170808056,20,999999,24.184312356246046,0,2.0,19999980,0.15,4,0,"LINESTRING (139.787625 35.688500999999995, 139.796523 35.687881999999995)",w_metro_only;w_bus_metro;d_metro_only;d_bus_metro,東京都交通局,10,3.2:1;2;3;4;5;6;7;8;9;10;11;12;13;14;15;16;17;18;19;20;21
1000261,1500272,1500273,metro,1,3.2,1,service_links,853.2741424844716,20,999999,25.58543155875477,0,2.0,19999980,0.15,4,0,"LINESTRING (139.796523 35.687881999999995, 139.805957 35.688298999999994)",w_metro_only;w_bus_metro;d_metro_only;d_bus_metro,東京都交通局,11,3.2:1;2;3;4;5;6;7;8;9;10;11;12;13;14;15;16;17;18;19;20;21
1000262,1500273,1500274,metro,1,3.2,1,service_links,875.8651429151718,20,999999,52.499409165744574,0,1.0,19999980,0.15,4,0,"LINESTRING (139.805957 35.688298999999994, 139.815623 35.688939999999995)",w_metro_only;w_bus_metro;d_metro_only;d_bus_metro,東京都交通局,12,3.2:1;2;3;4;5;6;7;8;9;10;11;12;13;14;15;16;17;18;19;20;21
1000263,1500274,1500275,metro,1,3.2,1,service_links,949.7996151797265,20,999999,28.479748581101248,0,2.0,19999980,0.15,4,0,"LINESTRING (139.815623 35.688939999999995, 139.826131 35.689291)",w_metro_only;w_bus_metro;d_metro_only;d_bus_metro,東京都交通局,13,3.2:1;2;3;4;5;6;7;8;9;10;11;12;13;14;15;16;17;18;19;20;21
1000264,1500275,1500277,metro,1,3.2,1,service_links,766.3515879237068,20,999999,22.979058108656876,0,2.0,19999980,0.15,4,0,"LINESTRING (139.826131 35.689291, 139.834605 35.689651999999995)",w_metro_only;w_bus_metro;d_metro_only;d_bus_metro,東京都交通局,14,3.2:1;2;3;4;5;6;7;8;9;10;11;12;13;14;15;16;17;18;19;20;21
1000265,1500277,1500279,metro,1,3.2,1,service_links,1133.6388600669954,20,999999,33.99216971715129,0,2.0,19999980,0.15,4,0,"LINESTRING (139.834605 35.689651999999995, 139.847155 35.689859)",w_metro_only;w_bus_metro;d_metro_only;d_bus_metro,東京都交通局,15,3.2:1;2;3;4;5;6;7;8;9;10;11;12;13;14;15;16;17;18;19;20;21
1000266,1500279,1500281,metro,1,3.2,1,service_links,1658.2998589002248,20,999999,33.15494552949467,0,3.0,19999980,0.15,4,0,"LINESTRING (139.847155 35.689859, 139.863855 35.683659999999996)",w_metro_only;w_bus_metro;d_metro_only;d_bus_metro,東京都交通局,16,3.2:1;2;3;4;5;6;7;8;9;10;11;12;13;14;15;16;17;18;19;20;21
1000267,1500281,1500283,metro,1,3.2,1,service_links,1700.8160063052967,20,999999,50.9989806988095,0,2.0,19999980,0.15,4,0,"LINESTRING (139.863855 35.683659999999996, 139.882486 35.685886999999994)",w_metro_only;w_bus_metro;d_metro_only;d_bus_metro,東京都交通局,17,3.2:1;2;3;4;5;6;7;8;9;10;11;12;13;14;15;16;17;18;19;20;21
1000268,1500283,1500285,metro,1,3.2,1,service_links,1600.9040398911964,20,999999,32.00741166060373,0,3.0,19999980,0.15,4,0,"LINESTRING (139.882486 35.685886999999994, 139.89759999999998 35.69341)",w_metro_only;w_bus_metro;d_metro_only;d_bus_metro,東京都交通局,18,3.2:1;2;3;4;5;6;7;8;9;10;11;12;13;14;15;16;17;18;19;20;21
1000269,1500285,1500287,metro,1,3.2,1,service_links,1496.2119890312897,20,999999,44.86392770708515,0,2.0,19999980,0.15,4,0,"LINESTRING (139.89759999999998 35.69341, 139.903696 35.705921999999994)",w_metro_only;w_bus_metro;d_metro_only;d_bus_metro,東京都交通局,19,3.2:1;2;3;4;5;6;7;8;9;10;11;12;13;14;15;16;17;18;19;20;21
1000270,1500287,1500289,metro,1,3.2,1,service_links,2780.6540621223107,20,999999,41.69938608531333,0,4.0,19999980,0.15,4,0,"LINESTRING (139.903696 35.705921999999994, 139.926513 35.722719)",w_metro_only;w_bus_metro;d_metro_only;d_bus_metro,東京都交通局,20,3.2:1;2;3;4;5;6;7;8;9;10;11;12;13;14;15;16;17;18;19;20;21
1000271,1500316,1500314,metro,1,4.1,1,service_links,621.1570270442288,6,999999,37.23218943322051,0,1.0,5999994,0.15,4,0,"LINESTRING (139.798658 35.682255, 139.798151 35.687825999999994)",w_metro_only;w_bus_metro;d_metro_only;d_bus_metro,東京都交通局,1,4.1:1;2;3;4;5;6;7;8;9;10;11;12;13;14;15
1000272,1500314,1500312,metro,1,4.1,1,service_links,990.0441026487249,6,999999,29.686479839541978,0,2.0,5999994,0.15,4,0,"LINESTRING (139.798151 35.687825999999994, 139.797369 35.696706999999996)",w_metro_only;w_bus_metro;d_metro_only;d_bus_metro,東京都交通局,2,4.1:1;2;3;4;5;6;7;8;9;10;11;12;13;14;15
1000273,1500312,1500310,metro,1,4.1,1,service_links,1084.3193739632836,6,999999,32.513324556620205,0,2.0,5999994,0.15,4,0,"LINESTRING (139.797369 35.696706999999996, 139.792144 35.705487)",w_metro_only;w_bus_metro;d_metro_only;d_bus_metro,東京都交通局,3,4.1:1;2;3;4;5;6;7;8;9;10;11;12;13;14;15
1000274,1500310,1500308,metro,1,4.1,1,service_links,923.6038058070616,6,999999,27.694267040691503,0,2.0,5999994,0.15,4,0,"LINESTRING (139.792144 35.705487, 139.782066 35.706908999999996)",w_metro_only;w_bus_metro;d_metro_only;d_bus_metro,東京都交通局,4,4.1:1;2;3;4;5;6;7;8;9;10;11;12;13;14;15
1000275,1500308,1500306,metro,1,4.1,1,service_links,802.7509037410568,6,999999,24.070491866298557,0,2.0,5999994,0.15,4,0,"LINESTRING (139.782066 35.706908999999996, 139.773251 35.707848999999996)",w_metro_only;w_bus_metro;d_metro_only;d_bus_metro,東京都交通局,5,4.1:1;2;3;4;5;6;7;8;9;10;11;12;13;14;15
1000276,1500306,1500304,metro,1,4.1,1,service_links,1159.1899904963025,6,999999,34.75832055461177,0,2.0,5999994,0.15,4,0,"LINESTRING (139.773251 35.707848999999996, 139.760424 35.707409999999996)",w_metro_only;w_bus_metro;d_metro_only;d_bus_metro,東京都交通局,6,4.1:1;2;3;4;5;6;7;8;9;10;11;12;13;14;15
1000277,1500304,1500302,metro,1,4.1,1,service_links,733.8516288445919,6,999999,22.004546592041734,0,2.0,5999994,0.15,4,0,"LINESTRING (139.760424 35.707409999999996, 139.752387 35.708392999999994)",w_metro_only;w_bus_metro;d_metro_only;d_bus_metro,東京都交通局,7,4.1:1;2;3;4;5;6;7;8;9;10;11;12;13;14;15
1000278,1500302,1500300,metro,1,4.1,1,service_links,897.6587652310416,6,999999,26.916304804528988,0,2.0,5999994,0.15,4,0,"LINESTRING (139.752387 35.708392999999994, 139.745157 35.702852)",w_metro_only;w_bus_metro;d_metro_only;d_bus_metro,東京都交通局,8,4.1:1;2;3;4;5;6;7;8;9;10;11;12;13;14;15
1000279,1500300,1500298,metro,1,4.1,1,service_links,875.3860134208028,6,999999,26.24845617453682,0,2.0,5999994,0.15,4,0,"LINESTRING (139.745157 35.702852, 139.735794 35.700810999999995)",w_metro_only;w_bus_metro;d_metro_only;d_bus_metro,東京都交通局,9,4.1:1;2;3;4;5;6;7;8;9;10;11;12;13;14;15
1000280,1500298,1500296,metro,1,4.1,1,service_links,992.571161861695,6,999999,29.762253728986362,0,2.0,5999994,0.15,4,0,"LINESTRING (139.735794 35.700810999999995, 139.72494 35.699400999999995)",w_metro_only;w_bus_metro;d_metro_only;d_bus_metro,東京都交通局,10,4.1:1;2;3;4;5;6;7;8;9;10;11;12;13;14;15
1000281,1500296,1500294,metro,1,4.1,1,service_links,632.7899159809614,6,999999,18.974210374241718,0,2.0,5999994,0.15,4,0,"LINESTRING (139.72494 35.699400999999995, 139.717943 35.699087999999996)",w_metro_only;w_bus_metro;d_metro_only;d_bus_metro,東京都交通局,11,4.1:1;2;3;4;5;6;7;8;9;10;11;12;13;14;15
1000282,1500294,1500292,metro,1,4.1,1,service_links,967.7359108777605,6,999999,29.017568542061785,0,2.0,5999994,0.15,4,0,"LINESTRING (139.717943 35.699087999999996, 139.707334 35.697857)",w_metro_only;w_bus_metro;d_metro_only;d_bus_metro,東京都交通局,12,4.1:1;2;3;4;5;6;7;8;9;10;11;12;13;14;15
1000283,1500292,1500290,metro,1,4.1,1,service_links,907.7698944279975,6,999999,18.149348105858,0,3.0,5999994,0.15,4,0,"LINESTRING (139.707334 35.697857, 139.699021 35.693267)",w_metro_only;w_bus_metro;d_metro_only;d_bus_metro,東京都交通局,13,4.1:1;2;3;4;5;6;7;8;9;10;11;12;13;14;15
1000284,1500290,1500345,metro,1,4.1,1,service_links,657.9146896955081,6,999999,19.727576902414036,0,2.0,5999994,0.15,4,0,"LINESTRING (139.699021 35.693267, 139.692577 35.690507)",w_metro_only;w_bus_metro;d_metro_only;d_bus_metro,東京都交通局,14,4.1:1;2;3;4;5;6;7;8;9;10;11;12;13;14;15
1000285,1500366,1500364,metro,1,4.1,1,service_links,1297.815138242642,3,999999,77.79111717738115,0,1.0,2999997,0.15,4,0,"LINESTRING (139.628801 35.758427, 139.6402 35.75131)",w_metro_only;w_bus_metro;d_metro_only;d_bus_metro,東京都交通局,1,4.1:1;2;3;4;5;6;7;8;9;10;11;12;13;14;15;16;17;18;19;20;21;22;23;24;25
1000286,1500364,1500362,metro,1,4.1,1,service_links,1340.1956691573891,3,999999,26.794981722573592,0,3.0,2999997,0.15,4,0,"LINESTRING (139.6402 35.75131, 139.649016 35.741611)",w_metro_only;w_bus_metro;d_metro_only;d_bus_metro,東京都交通局,2,4.1:1;2;3;4;5;6;7;8;9;10;11;12;13;14;15;16;17;18;19;20;21;22;23;24;25
1000287,1500362,1500360,metro,1,4.1,1,service_links,698.7752180077275,3,999999,20.95278015015675,0,2.0,2999997,0.15,4,0,"LINESTRING (139.649016 35.741611, 139.654662 35.737311)",w_metro_only;w_bus_metro;d_metro_only;d_bus_metro,東京都交通局,3,4.1:1;2;3;4;5;6;7;8;9;10;11;12;13;14;15;16;17;18;19;20;21;22;23;24;25
1000288,1500360,1500358,metro,1,4.1,1,service_links,1518.5609540683772,3,999999,30.36109871512917,0,3.0,2999997,0.15,4,0,"LINESTRING (139.654662 35.737311, 139.670398 35.732479)",w_metro_only;w_bus_metro;d_metro_only;d_bus_metro,東京都交通局,4,4.1:1;2;3;4;5;6;7;8;9;10;11;12;13;14;15;16;17;18;19;20;21;22;23;24;25
1000289,1500358,1500356,metro,1,4.1,1,service_links,1545.2772269618488,3,999999,46.33514923423835,0,2.0,2999997,0.15,4,0,"LINESTRING (139.670398 35.732479, 139.683289 35.723335)",w_metro_only;w_bus_metro;d_metro_only;d_bus_metro,東京都交通局,5,4.1:1;2;3;4;5;6;7;8;9;10;11;12;13;14;15;16;17;18;19;20;21;22;23;24;25
1000290,1500356,1500354,metro,1,4.1,1,service_links,1088.4639174459626,3,999999,21.76202434080565,0,3.0,2999997,0.15,4,0,"LINESTRING (139.683289 35.723335, 139.686196 35.713834999999996)",w_metro_only;w_bus_metro;d_metro_only;d_bus_metro,東京都交通局,6,4.1:1;2;3;4;5;6;7;8;9;10;11;12;13;14;15;16;17;18;19;20;21;22;23;24;25
1000291,1500354,1500352,metro,1,4.1,1,service_links,806.3325435900327,3,999999,24.17788736401897,0,2.0,2999997,0.15,4,0,"LINESTRING (139.686196 35.713834999999996, 139.683012 35.70706)",w_metro_only;w_bus_metro;d_metro_only;d_bus_metro,東京都交通局,7,4.1:1;2;3;4;5;6;7;8;9;10;11;12;13;14;15;16;17;18;19;20;21;22;23;24;25
1000292,1500352,1500350,metro,1,4.1,1,service_links,1031.289917069524,3,999999,30.923235894138653,0,2.0,2999997,0.15,4,0,"LINESTRING (139.683012 35.70706, 139.682799 35.697787)",w_metro_only;w_bus_metro;d_metro_only;d_bus_metro,東京都交通局,8,4.1:1;2;3;4;5;6;7;8;9;10;11;12;13;14;15;16;17;18;19;20;21;22;23;24;25
1000293,1500350,1500348,metro,1,4.1,1,service_links,901.3447454317992,3,999999,18.020887945987322,0,3.0,2999997,0.15,4,0,"LINESTRING (139.682799 35.697787, 139.684445 35.689792)",w_metro_only;w_bus_metro;d_metro_only;d_bus_metro,東京都交通局,9,4.1:1;2;3;4;5;6;7;8;9;10;11;12;13;14;15;16;17;18;19;20;21;22;23;24;25
1000294,1500348,1500346,metro,1,4.1,1,service_links,738.6976955308781,3,999999,22.149855937957366,0,2.0,2999997,0.15,4,0,"LINESTRING (139.684445 35.689792, 139.692577 35.690507)",w_metro_only;w_bus_metro;d_metro_only;d_bus_metro,東京都交通局,10,4.1:1;2;3;4;5;6;7;8;9;10;11;12;13;14;15;16;17;18;19;20;21;22;23;24;25
1000295,1500346,1500343,metro,1,4.1,1,service_links,620.433429113078,3,999999,18.6037010228809,0,2.0,2999997,0.15,4,0,"LINESTRING (139.692577 35.690507, 139.698919 35.688362)",w_metro_only;w_bus_metro;d_metro_only;d_bus_metro,東京都交通局,11,4.1:1;2;3;4;5;6;7;8;9;10;11;12;13;14;15;16;17;18;19;20;21;22;23;24;25
1000296,1500343,1500341,metro,1,4.1,1,service_links,598.5633396092096,3,999999,17.94792622516371,0,2.0,2999997,0.15,4,0,"LINESTRING (139.698919 35.688362, 139.701503 35.68340499999999)",w_metro_only;w_bus_metro;d_metro_only;d_bus_metro,東京都交通局,12,4.1:1;2;3;4;5;6;7;8;9;10;11;12;13;14;15;16;17;18;19;20;21;22;23;24;25
1000297,1500341,1500339,metro,1,4.1,1,service_links,1246.3208164029766,3,999999,24.91811029129577,0,3.0,2999997,0.15,4,0,"LINESTRING (139.701503 35.68340499999999, 139.714567 35.679795999999996)",w_metro_only;w_bus_metro;d_metro_only;d_bus_metro,東京都交通局,13,4.1:1;2;3;4;5;6;7;8;9;10;11;12;13;14;15;16;17;18;19;20;21;22;23;24;25
1000298,1500339,1500337,metro,1,4.1,1,service_links,1129.5625699479008,3,999999,33.86994212737334,0,2.0,2999997,0.15,4,0,"LINESTRING (139.714567 35.679795999999996, 139.723825 35.672967)",w_metro_only;w_bus_metro;d_metro_only;d_bus_metro,東京都交通局,14,4.1:1;2;3;4;5;6;7;8;9;10;11;12;13;14;15;16;17;18;19;20;21;22;23;24;25
1000299,1500337,1500335,metro,1,4.1,1,service_links,1201.3426721324724,3,999999,24.018847160262695,0,3.0,2999997,0.15,4,0,"LINESTRING (139.723825 35.672967, 139.731254 35.66400599999999)",w_metro_only;w_bus_metro;d_metro_only;d_bus_metro,東京都交通局,15,4.1:1;2;3;4;5;6;7;8;9;10;11;12;13;14;15;16;17;18;19;20;21;22;23;24;25
1000300,1500335,1500333,metro,1,4.1,1,service_links,962.9144680588383,3,999999,19.251872070486606,0,3.0,2999997,0.15,4,0,"LINESTRING (139.731254 35.66400599999999, 139.73623 35.656347999999994)",w_metro_only;w_bus_metro;d_metro_only;d_bus_metro,東京都交通局,16,4.1:1;2;3;4;5;6;7;8;9;10;11;12;13;14;15;16;17;18;19;20;21;22;23;24;25
1000301,1500333,1500331,metro,1,4.1,1,service_links,710.8538394063246,3,999999,21.31495770333807,0,2.0,2999997,0.15,4,0,"LINESTRING (139.73623 35.656347999999994, 139.743889 35.654885)",w_metro_only;w_bus_metro;d_metro_only;d_bus_metro,東京都交通局,17,4.1:1;2;3;4;5;6;7;8;9;10;11;12;13;14;15;16;17;18;19;20;21;22;23;24;25
1000302,1500331,1500329,metro,1,4.1,1,service_links,1074.2095441545985,3,999999,21.477031872467816,0,3.0,2999997,0.15,4,0,"LINESTRING (139.743889 35.654885, 139.755596 35.656571)",w_metro_only;w_bus_metro;d_metro_only;d_bus_metro,東京都交通局,18,4.1:1;2;3;4;5;6;7;8;9;10;11;12;13;14;15;16;17;18;19;20;21;22;23;24;25
1000303,1500329,1500327,metro,1,4.1,1,service_links,832.6803818860478,3,999999,24.96792749283502,0,2.0,2999997,0.15,4,0,"LINESTRING (139.755596 35.656571, 139.760125 35.663092999999996)",w_metro_only;w_bus_metro;d_metro_only;d_bus_metro,東京都交通局,19,4.1:1;2;3;4;5;6;7;8;9;10;11;12;13;14;15;16;17;18;19;20;21;22;23;24;25
1000304,1500327,1500325,metro,1,4.1,1,service_links,635.3237450336419,3,999999,12.702240820399371,0,3.0,2999997,0.15,4,0,"LINESTRING (139.760125 35.663092999999996, 139.766829 35.664818999999994)",w_metro_only;w_bus_metro;d_metro_only;d_bus_metro,東京都交通局,20,4.1:1;2;3;4;5;6;7;8;9;10;11;12;13;14;15;16;17;18;19;20;21;22;23;24;25
1000305,1500325,1500323,metro,1,4.1,1,service_links,1137.3421274779437,3,999999,34.103212218229196,0,2.0,2999997,0.15,4,0,"LINESTRING (139.766829 35.664818999999994, 139.777038 35.658834)",w_metro_only;w_bus_metro;d_metro_only;d_bus_metro,東京都交通局,21,4.1:1;2;3;4;5;6;7;8;9;10;11;12;13;14;15;16;17;18;19;20;21;22;23;24;25
1000306,1500323,1500321,metro,1,4.1,1,service_links,813.7184548883001,3,999999,24.39935396966417,0,2.0,2999997,0.15,4,0,"LINESTRING (139.777038 35.658834, 139.78381199999998 35.66365699999999)",w_metro_only;w_bus_metro;d_metro_only;d_bus_metro,東京都交通局,22,4.1:1;2;3;4;5;6;7;8;9;10;11;12;13;14;15;16;17;18;19;20;21;22;23;24;25
1000307,1500321,1500319,metro,1,4.1,1,service_links,1425.0266634479638,3,999999,28.491036256873652,0,3.0,2999997,0.15,4,0,"LINESTRING (139.78381199999998 35.66365699999999, 139.79502399999998 35.672672)",w_metro_only;w_bus_metro;d_metro_only;d_bus_metro,東京都交通局,23,4.1:1;2;3;4;5;6;7;8;9;10;11;12;13;14;15;16;17;18;19;20;21;22;23;24;25
1000308,1500319,1500317,metro,1,4.1,1,service_links,1114.9911276969983,3,999999,22.29239175668774,0,3.0,2999997,0.15,4,0,"LINESTRING (139.79502399999998 35.672672, 139.798658 35.682255)",w_metro_only;w_bus_metro;d_metro_only;d_bus_metro,東京都交通局,24,4.1:1;2;3;4;5;6;7;8;9;10;11;12;13;14;15;16;17;18;19;20;21;22;23;24;25
1000309,1500367,1500365,metro,1,4.1,1,service_links,1297.815138242642,26,999999,38.914996648954784,0,2.0,25999974,0.15,4,0,"LINESTRING (139.628801 35.758427, 139.6402 35.75131)",w_metro_only;w_bus_metro;d_metro_only;d_bus_metro,東京都交通局,1,4.1:1;2;3;4;5;6;7;8;9;10;11;12;13;14;15;16;17;18;19;20;21;22;23;24;25;26;27;28;29;30;31;32;33;34;35;36;37;38;39
1000310,1500365,1500363,metro,1,4.1,1,service_links,1340.1956691573891,26,999999,26.794981722573592,0,3.0,25999974,0.15,4,0,"LINESTRING (139.6402 35.75131, 139.649016 35.741611)",w_metro_only;w_bus_metro;d_metro_only;d_bus_metro,東京都交通局,2,4.1:1;2;3;4;5;6;7;8;9;10;11;12;13;14;15;16;17;18;19;20;21;22;23;24;25;26;27;28;29;30;31;32;33;34;35;36;37;38;39
1000311,1500363,1500361,metro,1,4.1,1,service_links,698.7752180077275,26,999999,41.88462845201165,0,1.0,25999974,0.15,4,0,"LINESTRING (139.649016 35.741611, 139.654662 35.737311)",w_metro_only;w_bus_metro;d_metro_only;d_bus_metro,東京都交通局,3,4.1:1;2;3;4;5;6;7;8;9;10;11;12;13;14;15;16;17;18;19;20;21;22;23;24;25;26;27;28;29;30;31;32;33;34;35;36;37;38;39
1000312,1500361,1500359,metro,1,4.1,1,service_links,1518.5609540683772,26,999999,30.36109871512917,0,3.0,25999974,0.15,4,0,"LINESTRING (139.654662 35.737311, 139.670398 35.732479)",w_metro_only;w_bus_metro;d_metro_only;d_bus_metro,東京都交通局,4,4.1:1;2;3;4;5;6;7;8;9;10;11;12;13;14;15;16;17;18;19;20;21;22;23;24;25;26;27;28;29;30;31;32;33;34;35;36;37;38;39
1000313,1500359,1500357,metro,1,4.1,1,service_links,1545.2772269618488,26,999999,30.895246123862357,0,3.0,25999974,0.15,4,0,"LINESTRING (139.670398 35.732479, 139.683289 35.723335)",w_metro_only;w_bus_metro;d_metro_only;d_bus_metro,東京都交通局,5,4.1:1;2;3;4;5;6;7;8;9;10;11;12;13;14;15;16;17;18;19;20;21;22;23;24;25;26;27;28;29;30;31;32;33;34;35;36;37;38;39
1000314,1500357,1500355,metro,1,4.1,1,service_links,1088.4639174459626,26,999999,21.76202434080565,0,3.0,25999974,0.15,4,0,"LINESTRING (139.683289 35.723335, 139.686196 35.713834999999996)",w_metro_only;w_bus_metro;d_metro_only;d_bus_metro,東京都交通局,6,4.1:1;2;3;4;5;6;7;8;9;10;11;12;13;14;15;16;17;18;19;20;21;22;23;24;25;26;27;28;29;30;31;32;33;34;35;36;37;38;39
1000315,1500355,1500353,metro,1,4.1,1,service_links,806.3325435900327,26,999999,48.331620994407565,0,1.0,25999974,0.15,4,0,"LINESTRING (139.686196 35.713834999999996, 139.683012 35.70706)",w_metro_only;w_bus_metro;d_metro_only;d_bus_metro,東京都交通局,7,4.1:1;2;3;4;5;6;7;8;9;10;11;12;13;14;15;16;17;18;19;20;21;22;23;24;25;26;27;28;29;30;31;32;33;34;35;36;37;38;39
1000316,1500353,1500351,metro,1,4.1,1,service_links,1031.289917069524,26,999999,20.618925366268392,0,3.0,25999974,0.15,4,0,"LINESTRING (139.683012 35.70706, 139.682799 35.697787)",w_metro_only;w_bus_metro;d_metro_only;d_bus_metro,東京都交通局,8,4.1:1;2;3;4;5;6;7;8;9;10;11;12;13;14;15;16;17;18;19;20;21;22;23;24;25;26;27;28;29;30;31;32;33;34;35;36;37;38;39
1000317,1500351,1500349,metro,1,4.1,1,service_links,901.3447454317992,26,999999,27.026828948479736,0,2.0,25999974,0.15,4,0,"LINESTRING (139.682799 35.697787, 139.684445 35.689792)",w_metro_only;w_bus_metro;d_metro_only;d_bus_metro,東京都交通局,9,4.1:1;2;3;4;5;6;7;8;9;10;11;12;13;14;15;16;17;18;19;20;21;22;23;24;25;26;27;28;29;30;31;32;33;34;35;36;37;38;39
1000318,1500349,1500347,metro,1,4.1,1,service_links,738.6976955308781,26,999999,22.149855937957366,0,2.0,25999974,0.15,4,0,"LINESTRING (139.684445 35.689792, 139.692577 35.690507)",w_metro_only;w_bus_metro;d_metro_only;d_bus_metro,東京都交通局,10,4.1:1;2;3;4;5;6;7;8;9;10;11;12;13;14;15;16;17;18;19;20;21;22;23;24;25;26;27;28;29;30;31;32;33;34;35;36;37;38;39
1000319,1500347,1500344,metro,1,4.1,1,service_links,620.433429113078,26,999999,12.404533737682332,0,3.0,25999974,0.15,4,0,"LINESTRING (139.692577 35.690507, 139.698919 35.688362)",w_metro_only;w_bus_metro;d_metro_only;d_bus_metro,東京都交通局,11,4.1:1;2;3;4;5;6;7;8;9;10;11;12;13;14;15;16;17;18;19;20;21;22;23;24;25;26;27;28;29;30;31;32;33;34;35;36;37;38;39
1000320,1500344,1500342,metro,1,4.1,1,service_links,598.5633396092096,26,999999,17.94792622516371,0,2.0,25999974,0.15,4,0,"LINESTRING (139.698919 35.688362, 139.701503 35.68340499999999)",w_metro_only;w_bus_metro;d_metro_only;d_bus_metro,東京都交通局,12,4.1:1;2;3;4;5;6;7;8;9;10;11;12;13;14;15;16;17;18;19;20;21;22;23;24;25;26;27;28;29;30;31;32;33;34;35;36;37;38;39
1000321,1500342,1500340,metro,1,4.1,1,service_links,1246.3208164029766,26,999999,24.91811029129577,0,3.0,25999974,0.15,4,0,"LINESTRING (139.701503 35.68340499999999, 139.714567 35.679795999999996)",w_metro_only;w_bus_metro;d_metro_only;d_bus_metro,東京都交通局,13,4.1:1;2;3;4;5;6;7;8;9;10;11;12;13;14;15;16;17;18;19;20;21;22;23;24;25;26;27;28;29;30;31;32;33;34;35;36;37;38;39
1000322,1500340,1500338,metro,1,4.1,1,service_links,1129.5625699479008,26,999999,33.86994212737334,0,2.0,25999974,0.15,4,0,"LINESTRING (139.714567 35.679795999999996, 139.723825 35.672967)",w_metro_only;w_bus_metro;d_metro_only;d_bus_metro,東京都交通局,14,4.1:1;2;3;4;5;6;7;8;9;10;11;12;13;14;15;16;17;18;19;20;21;22;23;24;25;26;27;28;29;30;31;32;33;34;35;36;37;38;39
1000323,1500338,1500336,metro,1,4.1,1,service_links,1201.3426721324724,26,999999,24.018847160262695,0,3.0,25999974,0.15,4,0,"LINESTRING (139.723825 35.672967, 139.731254 35.66400599999999)",w_metro_only;w_bus_metro;d_metro_only;d_bus_metro,東京都交通局,15,4.1:1;2;3;4;5;6;7;8;9;10;11;12;13;14;15;16;17;18;19;20;21;22;23;24;25;26;27;28;29;30;31;32;33;34;35;36;37;38;39
1000324,1500336,1500334,metro,1,4.1,1,service_links,962.9144680588383,26,999999,19.251872070486606,0,3.0,25999974,0.15,4,0,"LINESTRING (139.731254 35.66400599999999, 139.73623 35.656347999999994)",w_metro_only;w_bus_metro;d_metro_only;d_bus_metro,東京都交通局,16,4.1:1;2;3;4;5;6;7;8;9;10;11;12;13;14;15;16;17;18;19;20;21;22;23;24;25;26;27;28;29;30;31;32;33;34;35;36;37;38;39
1000325,1500334,1500332,metro,1,4.1,1,service_links,710.8538394063246,26,999999,42.60862174263684,0,1.0,25999974,0.15,4,0,"LINESTRING (139.73623 35.656347999999994, 139.743889 35.654885)",w_metro_only;w_bus_metro;d_metro_only;d_bus_metro,東京都交通局,17,4.1:1;2;3;4;5;6;7;8;9;10;11;12;13;14;15;16;17;18;19;20;21;22;23;24;25;26;27;28;29;30;31;32;33;34;35;36;37;38;39
1000326,1500332,1500330,metro,1,4.1,1,service_links,1074.2095441545985,26,999999,21.477031872467816,0,3.0,25999974,0.15,4,0,"LINESTRING (139.743889 35.654885, 139.755596 35.656571)",w_metro_only;w_bus_metro;d_metro_only;d_bus_metro,東京都交通局,18,4.1:1;2;3;4;5;6;7;8;9;10;11;12;13;14;15;16;17;18;19;20;21;22;23;24;25;26;27;28;29;30;31;32;33;34;35;36;37;38;39
1000327,1500330,1500328,metro,1,4.1,1,service_links,832.6803818860478,26,999999,16.648058284959305,0,3.0,25999974,0.15,4,0,"LINESTRING (139.755596 35.656571, 139.760125 35.663092999999996)",w_metro_only;w_bus_metro;d_metro_only;d_bus_metro,東京都交通局,19,4.1:1;2;3;4;5;6;7;8;9;10;11;12;13;14;15;16;17;18;19;20;21;22;23;24;25;26;27;28;29;30;31;32;33;34;35;36;37;38;39
1000328,1500328,1500326,metro,1,4.1,1,service_links,635.3237450336419,26,999999,19.050187257380564,0,2.0,25999974,0.15,4,0,"LINESTRING (139.760125 35.663092999999996, 139.766829 35.664818999999994)",w_metro_only;w_bus_metro;d_metro_only;d_bus_metro,東京都交通局,20,4.1:1;2;3;4;5;6;7;8;9;10;11;12;13;14;15;16;17;18;19;20;21;22;23;24;25;26;27;28;29;30;31;32;33;34;35;36;37;38;39
1000329,1500326,1500324,metro,1,4.1,1,service_links,1137.3421274779437,26,999999,22.739262795293776,0,3.0,25999974,0.15,4,0,"LINESTRING (139.766829 35.664818999999994, 139.777038 35.658834)",w_metro_only;w_bus_metro;d_metro_only;d_bus_metro,東京都交通局,21,4.1:1;2;3;4;5;6;7;8;9;10;11;12;13;14;15;16;17;18;19;20;21;22;23;24;25;26;27;28;29;30;31;32;33;34;35;36;37;38;39
1000330,1500324,1500322,metro,1,4.1,1,service_links,813.7184548883001,26,999999,24.39935396966417,0,2.0,25999974,0.15,4,0,"LINESTRING (139.777038 35.658834, 139.78381199999998 35.66365699999999)",w_metro_only;w_bus_metro;d_metro_only;d_bus_metro,東京都交通局,22,4.1:1;2;3;4;5;6;7;8;9;10;11;12;13;14;15;16;17;18;19;20;21;22;23;24;25;26;27;28;29;30;31;32;33;34;35;36;37;38;39
1000331,1500322,1500320,metro,1,4.1,1,service_links,1425.0266634479638,26,999999,42.72943518584599,0,2.0,25999974,0.15,4,0,"LINESTRING (139.78381199999998 35.66365699999999, 139.79502399999998 35.672672)",w_metro_only;w_bus_metro;d_metro_only;d_bus_metro,東京都交通局,23,4.1:1;2;3;4;5;6;7;8;9;10;11;12;13;14;15;16;17;18;19;20;21;22;23;24;25;26;27;28;29;30;31;32;33;34;35;36;37;38;39
1000332,1500320,1500318,metro,1,4.1,1,service_links,1114.9911276969983,26,999999,22.29239175668774,0,3.0,25999974,0.15,4,0,"LINESTRING (139.79502399999998 35.672672, 139.798658 35.682255)",w_metro_only;w_bus_metro;d_metro_only;d_bus_metro,東京都交通局,24,4.1:1;2;3;4;5;6;7;8;9;10;11;12;13;14;15;16;17;18;19;20;21;22;23;24;25;26;27;28;29;30;31;32;33;34;35;36;37;38;39
1000333,1500318,1500315,metro,1,4.1,1,service_links,621.1570270442288,26,999999,18.62539811227073,0,2.0,25999974,0.15,4,0,"LINESTRING (139.798658 35.682255, 139.798151 35.687825999999994)",w_metro_only;w_bus_metro;d_metro_only;d_bus_metro,東京都交通局,25,4.1:1;2;3;4;5;6;7;8;9;10;11;12;13;14;15;16;17;18;19;20;21;22;23;24;25;26;27;28;29;30;31;32;33;34;35;36;37;38;39
1000334,1500315,1500313,metro,1,4.1,1,service_links,990.0441026487249,26,999999,29.686479839541978,0,2.0,25999974,0.15,4,0,"LINESTRING (139.798151 35.687825999999994, 139.797369 35.696706999999996)",w_metro_only;w_bus_metro;d_metro_only;d_bus_metro,東京都交通局,26,4.1:1;2;3;4;5;6;7;8;9;10;11;12;13;14;15;16;17;18;19;20;21;22;23;24;25;26;27;28;29;30;31;32;33;34;35;36;37;38;39
1000335,1500313,1500311,metro,1,4.1,1,service_links,1084.3193739632836,26,999999,21.679161092234928,0,3.0,25999974,0.15,4,0,"LINESTRING (139.797369 35.696706999999996, 139.792144 35.705487)",w_metro_only;w_bus_metro;d_metro_only;d_bus_metro,東京都交通局,27,4.1:1;2;3;4;5;6;7;8;9;10;11;12;13;14;15;16;17;18;19;20;21;22;23;24;25;26;27;28;29;30;31;32;33;34;35;36;37;38;39
1000336,1500311,1500309,metro,1,4.1,1,service_links,923.6038058070616,26,999999,55.36086748094276,0,1.0,25999974,0.15,4,0,"LINESTRING (139.792144 35.705487, 139.782066 35.706908999999996)",w_metro_only;w_bus_metro;d_metro_only;d_bus_metro,東京都交通局,28,4.1:1;2;3;4;5;6;7;8;9;10;11;12;13;14;15;16;17;18;19;20;21;22;23;24;25;26;27;28;29;30;31;32;33;34;35;36;37;38;39
1000337,1500309,1500307,metro,1,4.1,1,service_links,802.7509037410568,26,999999,24.070491866298557,0,2.0,25999974,0.15,4,0,"LINESTRING (139.782066 35.706908999999996, 139.773251 35.707848999999996)",w_metro_only;w_bus_metro;d_metro_only;d_bus_metro,東京都交通局,29,4.1:1;2;3;4;5;6;7;8;9;10;11;12;13;14;15;16;17;18;19;20;21;22;23;24;25;26;27;28;29;30;31;32;33;34;35;36;37;38;39
1000338,1500307,1500305,metro,1,4.1,1,service_links,1159.1899904963025,26,999999,34.75832055461177,0,2.0,25999974,0.15,4,0,"LINESTRING (139.773251 35.707848999999996, 139.760424 35.707409999999996)",w_metro_only;w_bus_metro;d_metro_only;d_bus_metro,東京都交通局,30,4.1:1;2;3;4;5;6;7;8;9;10;11;12;13;14;15;16;17;18;19;20;21;22;23;24;25;26;27;28;29;30;31;32;33;34;35;36;37;38;39
1000339,1500305,1500303,metro,1,4.1,1,service_links,733.8516288445919,26,999999,22.004546592041734,0,2.0,25999974,0.15,4,0,"LINESTRING (139.760424 35.707409999999996, 139.752387 35.708392999999994)",w_metro_only;w_bus_metro;d_metro_only;d_bus_metro,東京都交通局,31,4.1:1;2;3;4;5;6;7;8;9;10;11;12;13;14;15;16;17;18;19;20;21;22;23;24;25;26;27;28;29;30;31;32;33;34;35;36;37;38;39
1000340,1500303,1500301,metro,1,4.1,1,service_links,897.6587652310416,26,999999,17.947192906985173,0,3.0,25999974,0.15,4,0,"LINESTRING (139.752387 35.708392999999994, 139.745157 35.702852)",w_metro_only;w_bus_metro;d_metro_only;d_bus_metro,東京都交通局,32,4.1:1;2;3;4;5;6;7;8;9;10;11;12;13;14;15;16;17;18;19;20;21;22;23;24;25;26;27;28;29;30;31;32;33;34;35;36;37;38;39
1000341,1500301,1500299,metro,1,4.1,1,service_links,875.3860134208028,26,999999,26.24845617453682,0,2.0,25999974,0.15,4,0,"LINESTRING (139.745157 35.702852, 139.735794 35.700810999999995)",w_metro_only;w_bus_metro;d_metro_only;d_bus_metro,東京都交通局,33,4.1:1;2;3;4;5;6;7;8;9;10;11;12;13;14;15;16;17;18;19;20;21;22;23;24;25;26;27;28;29;30;31;32;33;34;35;36;37;38;39
1000342,1500299,1500297,metro,1,4.1,1,service_links,992.571161861695,26,999999,29.762253728986362,0,2.0,25999974,0.15,4,0,"LINESTRING (139.735794 35.700810999999995, 139.72494 35.699400999999995)",w_metro_only;w_bus_metro;d_metro_only;d_bus_metro,東京都交通局,34,4.1:1;2;3;4;5;6;7;8;9;10;11;12;13;14;15;16;17;18;19;20;21;22;23;24;25;26;27;28;29;30;31;32;33;34;35;36;37;38;39
1000343,1500297,1500295,metro,1,4.1,1,service_links,632.7899159809614,26,999999,18.974210374241718,0,2.0,25999974,0.15,4,0,"LINESTRING (139.72494 35.699400999999995, 139.717943 35.699087999999996)",w_metro_only;w_bus_metro;d_metro_only;d_bus_metro,東京都交通局,35,4.1:1;2;3;4;5;6;7;8;9;10;11;12;13;14;15;16;17;18;19;20;21;22;23;24;25;26;27;28;29;30;31;32;33;34;35;36;37;38;39
1000344,1500295,1500293,metro,1,4.1,1,service_links,967.7359108777605,26,999999,29.017568542061785,0,2.0,25999974,0.15,4,0,"LINESTRING (139.717943 35.699087999999996, 139.707334 35.697857)",w_metro_only;w_bus_metro;d_metro_only;d_bus_metro,東京都交通局,36,4.1:1;2;3;4;5;6;7;8;9;10;11;12;13;14;15;16;17;18;19;20;21;22;23;24;25;26;27;28;29;30;31;32;33;34;35;36;37;38;39
1000345,1500293,1500291,metro,1,4.1,1,service_links,907.7698944279975,26,999999,18.149348105858,0,3.0,25999974,0.15,4,0,"LINESTRING (139.707334 35.697857, 139.699021 35.693267)",w_metro_only;w_bus_metro;d_metro_only;d_bus_metro,東京都交通局,37,4.1:1;2;3;4;5;6;7;8;9;10;11;12;13;14;15;16;17;18;19;20;21;22;23;24;25;26;27;28;29;30;31;32;33;34;35;36;37;38;39
1000346,1500291,1500347,metro,1,4.1,1,service_links,657.9146896955081,26,999999,13.15390915752432,0,3.0,25999974,0.15,4,0,"LINESTRING (139.699021 35.693267, 139.692577 35.690507)",w_metro_only;w_bus_metro;d_metro_only;d_bus_metro,東京都交通局,38,4.1:1;2;3;4;5;6;7;8;9;10;11;12;13;14;15;16;17;18;19;20;21;22;23;24;25;26;27;28;29;30;31;32;33;34;35;36;37;38;39
1000347,1500381,1500383,metro,1,4.2,1,service_links,1114.9911276969983,9,999999,33.43301732224883,0,2.0,8999991,0.15,4,0,"LINESTRING (139.798658 35.682255, 139.79502399999998 35.672672)",w_metro_only;w_bus_metro;d_metro_only;d_bus_metro,東京都交通局,1,4.2:1;2;3;4;5;6;7;8;9;10;11;12;13;14;15;16;17;18;19;20;21;22;23;24;25
1000348,1500383,1500385,metro,1,4.2,1,service_links,1425.0266634479638,9,999999,28.491036256873652,0,3.0,8999991,0.15,4,0,"LINESTRING (139.79502399999998 35.672672, 139.78381199999998 35.66365699999999)",w_metro_only;w_bus_metro;d_metro_only;d_bus_metro,東京都交通局,2,4.2:1;2;3;4;5;6;7;8;9;10;11;12;13;14;15;16;17;18;19;20;21;22;23;24;25
1000349,1500385,1500387,metro,1,4.2,1,service_links,813.7184548883001,9,999999,24.39935396966417,0,2.0,8999991,0.15,4,0,"LINESTRING (139.78381199999998 35.66365699999999, 139.777038 35.658834)",w_metro_only;w_bus_metro;d_metro_only;d_bus_metro,東京都交通局,3,4.2:1;2;3;4;5;6;7;8;9;10;11;12;13;14;15;16;17;18;19;20;21;22;23;24;25
1000350,1500387,1500389,metro,1,4.2,1,service_links,1137.3421274779437,9,999999,22.739262795293776,0,3.0,8999991,0.15,4,0,"LINESTRING (139.777038 35.658834, 139.766829 35.664818999999994)",w_metro_only;w_bus_metro;d_metro_only;d_bus_metro,東京都交通局,4,4.2:1;2;3;4;5;6;7;8;9;10;11;12;13;14;15;16;17;18;19;20;21;22;23;24;25
1000351,1500389,1500391,metro,1,4.2,1,service_links,635.3237450336419,9,999999,19.050187257380564,0,2.0,8999991,0.15,4,0,"LINESTRING (139.766829 35.664818999999994, 139.760125 35.663092999999996)",w_metro_only;w_bus_metro;d_metro_only;d_bus_metro,東京都交通局,5,4.2:1;2;3;4;5;6;7;8;9;10;11;12;13;14;15;16;17;18;19;20;21;22;23;24;25
1000352,1500391,1500393,metro,1,4.2,1,service_links,832.6803818860478,9,999999,24.96792749283502,0,2.0,8999991,0.15,4,0,"LINESTRING (139.760125 35.663092999999996, 139.755596 35.656571)",w_metro_only;w_bus_metro;d_metro_only;d_bus_metro,東京都交通局,6,4.2:1;2;3;4;5;6;7;8;9;10;11;12;13;14;15;16;17;18;19;20;21;22;23;24;25
1000353,1500393,1500395,metro,1,4.2,1,service_links,1074.2095441545985,9,999999,16.10911588334814,0,4.0,8999991,0.15,4,0,"LINESTRING (139.755596 35.656571, 139.743889 35.654885)",w_metro_only;w_bus_metro;d_metro_only;d_bus_metro,東京都交通局,7,4.2:1;2;3;4;5;6;7;8;9;10;11;12;13;14;15;16;17;18;19;20;21;22;23;24;25
1000354,1500395,1500397,metro,1,4.2,1,service_links,710.8538394063246,9,999999,42.60862174263684,0,1.0,8999991,0.15,4,0,"LINESTRING (139.743889 35.654885, 139.73623 35.656347999999994)",w_metro_only;w_bus_metro;d_metro_only;d_bus_metro,東京都交通局,8,4.2:1;2;3;4;5;6;7;8;9;10;11;12;13;14;15;16;17;18;19;20;21;22;23;24;25
1000355,1500397,1500399,metro,1,4.2,1,service_links,962.9144680588383,9,999999,19.251872070486606,0,3.0,8999991,0.15,4,0,"LINESTRING (139.73623 35.656347999999994, 139.731254 35.66400599999999)",w_metro_only;w_bus_metro;d_metro_only;d_bus_metro,東京都交通局,9,4.2:1;2;3;4;5;6;7;8;9;10;11;12;13;14;15;16;17;18;19;20;21;22;23;24;25
1000356,1500399,1500401,metro,1,4.2,1,service_links,1201.3426721324724,9,999999,36.022269029459444,0,2.0,8999991,0.15,4,0,"LINESTRING (139.731254 35.66400599999999, 139.723825 35.672967)",w_metro_only;w_bus_metro;d_metro_only;d_bus_metro,東京都交通局,10,4.2:1;2;3;4;5;6;7;8;9;10;11;12;13;14;15;16;17;18;19;20;21;22;23;24;25
1000357,1500401,1500403,metro,1,4.2,1,service_links,1129.5625699479008,9,999999,22.583723491127643,0,3.0,8999991,0.15,4,0,"LINESTRING (139.723825 35.672967, 139.714567 35.679795999999996)",w_metro_only;w_bus_metro;d_metro_only;d_bus_metro,東京都交通局,11,4.2:1;2;3;4;5;6;7;8;9;10;11;12;13;14;15;16;17;18;19;20;21;22;23;24;25
1000358,1500403,1500405,metro,1,4.2,1,service_links,1246.3208164029766,9,999999,24.91811029129577,0,3.0,8999991,0.15,4,0,"LINESTRING (139.714567 35.679795999999996, 139.701503 35.68340499999999)",w_metro_only;w_bus_metro;d_metro_only;d_bus_metro,東京都交通局,12,4.2:1;2;3;4;5;6;7;8;9;10;11;12;13;14;15;16;17;18;19;20;21;22;23;24;25
1000359,1500405,1500407,metro,1,4.2,1,service_links,598.5633396092096,9,999999,17.94792622516371,0,2.0,8999991,0.15,4,0,"LINESTRING (139.701503 35.68340499999999, 139.698919 35.688362)",w_metro_only;w_bus_metro;d_metro_only;d_bus_metro,東京都交通局,13,4.2:1;2;3;4;5;6;7;8;9;10;11;12;13;14;15;16;17;18;19;20;21;22;23;24;25
1000360,1500407,1500409,metro,1,4.2,1,service_links,620.433429113078,9,999999,18.6037010228809,0,2.0,8999991,0.15,4,0,"LINESTRING (139.698919 35.688362, 139.692577 35.690507)",w_metro_only;w_bus_metro;d_metro_only;d_bus_metro,東京都交通局,14,4.2:1;2;3;4;5;6;7;8;9;10;11;12;13;14;15;16;17;18;19;20;21;22;23;24;25
1000361,1500409,1500411,metro,1,4.2,1,service_links,738.6976955308781,9,999999,22.149855937957366,0,2.0,8999991,0.15,4,0,"LINESTRING (139.692577 35.690507, 139.684445 35.689792)",w_metro_only;w_bus_metro;d_metro_only;d_bus_metro,東京都交通局,15,4.2:1;2;3;4;5;6;7;8;9;10;11;12;13;14;15;16;17;18;19;20;21;22;23;24;25
1000362,1500411,1500413,metro,1,4.2,1,service_links,901.3447454317992,9,999999,27.026828948479736,0,2.0,8999991,0.15,4,0,"LINESTRING (139.684445 35.689792, 139.682799 35.697787)",w_metro_only;w_bus_metro;d_metro_only;d_bus_metro,東京都交通局,16,4.2:1;2;3;4;5;6;7;8;9;10;11;12;13;14;15;16;17;18;19;20;21;22;23;24;25
1000363,1500413,1500415,metro,1,4.2,1,service_links,1031.289917069524,9,999999,30.923235894138653,0,2.0,8999991,0.15,4,0,"LINESTRING (139.682799 35.697787, 139.683012 35.70706)",w_metro_only;w_bus_metro;d_metro_only;d_bus_metro,東京都交通局,17,4.2:1;2;3;4;5;6;7;8;9;10;11;12;13;14;15;16;17;18;19;20;21;22;23;24;25
1000364,1500415,1500417,metro,1,4.2,1,service_links,806.3325435900327,9,999999,24.17788736401897,0,2.0,8999991,0.15,4,0,"LINESTRING (139.683012 35.70706, 139.686196 35.713834999999996)",w_metro_only;w_bus_metro;d_metro_only;d_bus_metro,東京都交通局,18,4.2:1;2;3;4;5;6;7;8;9;10;11;12;13;14;15;16;17;18;19;20;21;22;23;24;25
1000365,1500417,1500419,metro,1,4.2,1,service_links,1088.4639174459626,9,999999,21.76202434080565,0,3.0,8999991,0.15,4,0,"LINESTRING (139.686196 35.713834999999996, 139.683289 35.723335)",w_metro_only;w_bus_metro;d_metro_only;d_bus_metro,東京都交通局,19,4.2:1;2;3;4;5;6;7;8;9;10;11;12;13;14;15;16;17;18;19;20;21;22;23;24;25
1000366,1500419,1500421,metro,1,4.2,1,service_links,1545.2772269618488,9,999999,46.33514923423835,0,2.0,8999991,0.15,4,0,"LINESTRING (139.683289 35.723335, 139.670398 35.732479)",w_metro_only;w_bus_metro;d_metro_only;d_bus_metro,東京都交通局,20,4.2:1;2;3;4;5;6;7;8;9;10;11;12;13;14;15;16;17;18;19;20;21;22;23;24;25
1000367,1500421,1500423,metro,1,4.2,1,service_links,1518.5609540683772,9,999999,30.36109871512917,0,3.0,8999991,0.15,4,0,"LINESTRING (139.670398 35.732479, 139.654662 35.737311)",w_metro_only;w_bus_metro;d_metro_only;d_bus_metro,東京都交通局,21,4.2:1;2;3;4;5;6;7;8;9;10;11;12;13;14;15;16;17;18;19;20;21;22;23;24;25
1000368,1500423,1500425,metro,1,4.2,1,service_links,698.7752180077275,9,999999,20.95278015015675,0,2.0,8999991,0.15,4,0,"LINESTRING (139.654662 35.737311, 139.649016 35.741611)",w_metro_only;w_bus_metro;d_metro_only;d_bus_metro,東京都交通局,22,4.2:1;2;3;4;5;6;7;8;9;10;11;12;13;14;15;16;17;18;19;20;21;22;23;24;25
1000369,1500425,1500427,metro,1,4.2,1,service_links,1340.1956691573891,9,999999,40.18577718612861,0,2.0,8999991,0.15,4,0,"LINESTRING (139.649016 35.741611, 139.6402 35.75131)",w_metro_only;w_bus_metro;d_metro_only;d_bus_metro,東京都交通局,23,4.2:1;2;3;4;5;6;7;8;9;10;11;12;13;14;15;16;17;18;19;20;21;22;23;24;25
1000370,1500427,1500429,metro,1,4.2,1,service_links,1297.815138242642,9,999999,38.914996648954784,0,2.0,8999991,0.15,4,0,"LINESTRING (139.6402 35.75131, 139.628801 35.758427)",w_metro_only;w_bus_metro;d_metro_only;d_bus_metro,東京都交通局,24,4.2:1;2;3;4;5;6;7;8;9;10;11;12;13;14;15;16;17;18;19;20;21;22;23;24;25
1000371,1500410,1500368,metro,1,4.2,1,service_links,657.9146896955081,25,999999,39.43544593579469,0,1.0,24999975,0.15,4,0,"LINESTRING (139.692577 35.690507, 139.699021 35.693267)",w_metro_only;w_bus_metro;d_metro_only;d_bus_metro,東京都交通局,1,4.2:1;2;3;4;5;6;7;8;9;10;11;12;13;14;15;16;17;18;19;20;21;22;23;24;25;26;27;28;29;30;31;32;33;34;35;36;37;38;39
1000372,1500368,1500369,metro,1,4.2,1,service_links,907.7698944279975,25,999999,18.149348105858,0,3.0,24999975,0.15,4,0,"LINESTRING (139.699021 35.693267, 139.707334 35.697857)",w_metro_only;w_bus_metro;d_metro_only;d_bus_metro,東京都交通局,2,4.2:1;2;3;4;5;6;7;8;9;10;11;12;13;14;15;16;17;18;19;20;21;22;23;24;25;26;27;28;29;30;31;32;33;34;35;36;37;38;39
1000373,1500369,1500370,metro,1,4.2,1,service_links,967.7359108777605,25,999999,29.017568542061785,0,2.0,24999975,0.15,4,0,"LINESTRING (139.707334 35.697857, 139.717943 35.699087999999996)",w_metro_only;w_bus_metro;d_metro_only;d_bus_metro,東京都交通局,3,4.2:1;2;3;4;5;6;7;8;9;10;11;12;13;14;15;16;17;18;19;20;21;22;23;24;25;26;27;28;29;30;31;32;33;34;35;36;37;38;39
1000374,1500370,1500371,metro,1,4.2,1,service_links,632.7899159809614,25,999999,18.974210374241718,0,2.0,24999975,0.15,4,0,"LINESTRING (139.717943 35.699087999999996, 139.72494 35.699400999999995)",w_metro_only;w_bus_metro;d_metro_only;d_bus_metro,東京都交通局,4,4.2:1;2;3;4;5;6;7;8;9;10;11;12;13;14;15;16;17;18;19;20;21;22;23;24;25;26;27;28;29;30;31;32;33;34;35;36;37;38;39
1000375,1500371,1500372,metro,1,4.2,1,service_links,992.571161861695,25,999999,29.762253728986362,0,2.0,24999975,0.15,4,0,"LINESTRING (139.72494 35.699400999999995, 139.735794 35.700810999999995)",w_metro_only;w_bus_metro;d_metro_only;d_bus_metro,東京都交通局,5,4.2:1;2;3;4;5;6;7;8;9;10;11;12;13;14;15;16;17;18;19;20;21;22;23;24;25;26;27;28;29;30;31;32;33;34;35;36;37;38;39
1000376,1500372,1500373,metro,1,4.2,1,service_links,875.3860134208028,25,999999,17.501886306313953,0,3.0,24999975,0.15,4,0,"LINESTRING (139.735794 35.700810999999995, 139.745157 35.702852)",w_metro_only;w_bus_metro;d_metro_only;d_bus_metro,東京都交通局,6,4.2:1;2;3;4;5;6;7;8;9;10;11;12;13;14;15;16;17;18;19;20;21;22;23;24;25;26;27;28;29;30;31;32;33;34;35;36;37;38;39
1000377,1500373,1500374,metro,1,4.2,1,service_links,897.6587652310416,25,999999,26.916304804528988,0,2.0,24999975,0.15,4,0,"LINESTRING (139.745157 35.702852, 139.752387 35.708392999999994)",w_metro_only;w_bus_metro;d_metro_only;d_bus_metro,東京都交通局,7,4.2:1;2;3;4;5;6;7;8;9;10;11;12;13;14;15;16;17;18;19;20;21;22;23;24;25;26;27;28;29;30;31;32;33;34;35;36;37;38;39
1000378,1500374,1500375,metro,1,4.2,1,service_links,733.8516288445919,25,999999,22.004546592041734,0,2.0,24999975,0.15,4,0,"LINESTRING (139.752387 35.708392999999994, 139.760424 35.707409999999996)",w_metro_only;w_bus_metro;d_metro_only;d_bus_metro,東京都交通局,8,4.2:1;2;3;4;5;6;7;8;9;10;11;12;13;14;15;16;17;18;19;20;21;22;23;24;25;26;27;28;29;30;31;32;33;34;35;36;37;38;39
1000379,1500375,1500376,metro,1,4.2,1,service_links,1159.1899904963025,25,999999,34.75832055461177,0,2.0,24999975,0.15,4,0,"LINESTRING (139.760424 35.707409999999996, 139.773251 35.707848999999996)",w_metro_only;w_bus_metro;d_metro_only;d_bus_metro,東京都交通局,9,4.2:1;2;3;4;5;6;7;8;9;10;11;12;13;14;15;16;17;18;19;20;21;22;23;24;25;26;27;28;29;30;31;32;33;34;35;36;37;38;39
1000380,1500376,1500377,metro,1,4.2,1,service_links,802.7509037410568,25,999999,24.070491866298557,0,2.0,24999975,0.15,4,0,"LINESTRING (139.773251 35.707848999999996, 139.782066 35.706908999999996)",w_metro_only;w_bus_metro;d_metro_only;d_bus_metro,東京都交通局,10,4.2:1;2;3;4;5;6;7;8;9;10;11;12;13;14;15;16;17;18;19;20;21;22;23;24;25;26;27;28;29;30;31;32;33;34;35;36;37;38;39
1000381,1500377,1500378,metro,1,4.2,1,service_links,923.6038058070616,25,999999,27.694267040691503,0,2.0,24999975,0.15,4,0,"LINESTRING (139.782066 35.706908999999996, 139.792144 35.705487)",w_metro_only;w_bus_metro;d_metro_only;d_bus_metro,東京都交通局,11,4.2:1;2;3;4;5;6;7;8;9;10;11;12;13;14;15;16;17;18;19;20;21;22;23;24;25;26;27;28;29;30;31;32;33;34;35;36;37;38;39
1000382,1500378,1500379,metro,1,4.2,1,service_links,1084.3193739632836,25,999999,32.513324556620205,0,2.0,24999975,0.15,4,0,"LINESTRING (139.792144 35.705487, 139.797369 35.696706999999996)",w_metro_only;w_bus_metro;d_metro_only;d_bus_metro,東京都交通局,12,4.2:1;2;3;4;5;6;7;8;9;10;11;12;13;14;15;16;17;18;19;20;21;22;23;24;25;26;27;28;29;30;31;32;33;34;35;36;37;38;39
1000383,1500379,1500380,metro,1,4.2,1,service_links,990.0441026487249,25,999999,29.686479839541978,0,2.0,24999975,0.15,4,0,"LINESTRING (139.797369 35.696706999999996, 139.798151 35.687825999999994)",w_metro_only;w_bus_metro;d_metro_only;d_bus_metro,東京都交通局,13,4.2:1;2;3;4;5;6;7;8;9;10;11;12;13;14;15;16;17;18;19;20;21;22;23;24;25;26;27;28;29;30;31;32;33;34;35;36;37;38;39
1000384,1500380,1500382,metro,1,4.2,1,service_links,621.1570270442288,25,999999,18.62539811227073,0,2.0,24999975,0.15,4,0,"LINESTRING (139.798151 35.687825999999994, 139.798658 35.682255)",w_metro_only;w_bus_metro;d_metro_only;d_bus_metro,東京都交通局,14,4.2:1;2;3;4;5;6;7;8;9;10;11;12;13;14;15;16;17;18;19;20;21;22;23;24;25;26;27;28;29;30;31;32;33;34;35;36;37;38;39
1000385,1500382,1500384,metro,1,4.2,1,service_links,1114.9911276969983,25,999999,22.29239175668774,0,3.0,24999975,0.15,4,0,"LINESTRING (139.798658 35.682255, 139.79502399999998 35.672672)",w_metro_only;w_bus_metro;d_metro_only;d_bus_metro,東京都交通局,15,4.2:1;2;3;4;5;6;7;8;9;10;11;12;13;14;15;16;17;18;19;20;21;22;23;24;25;26;27;28;29;30;31;32;33;34;35;36;37;38;39
1000386,1500384,1500386,metro,1,4.2,1,service_links,1425.0266634479638,25,999999,42.72943518584599,0,2.0,24999975,0.15,4,0,"LINESTRING (139.79502399999998 35.672672, 139.78381199999998 35.66365699999999)",w_metro_only;w_bus_metro;d_metro_only;d_bus_metro,東京都交通局,16,4.2:1;2;3;4;5;6;7;8;9;10;11;12;13;14;15;16;17;18;19;20;21;22;23;24;25;26;27;28;29;30;31;32;33;34;35;36;37;38;39
1000387,1500386,1500388,metro,1,4.2,1,service_links,813.7184548883001,25,999999,24.39935396966417,0,2.0,24999975,0.15,4,0,"LINESTRING (139.78381199999998 35.66365699999999, 139.777038 35.658834)",w_metro_only;w_bus_metro;d_metro_only;d_bus_metro,東京都交通局,17,4.2:1;2;3;4;5;6;7;8;9;10;11;12;13;14;15;16;17;18;19;20;21;22;23;24;25;26;27;28;29;30;31;32;33;34;35;36;37;38;39
1000388,1500388,1500390,metro,1,4.2,1,service_links,1137.3421274779437,25,999999,22.739262795293776,0,3.0,24999975,0.15,4,0,"LINESTRING (139.777038 35.658834, 139.766829 35.664818999999994)",w_metro_only;w_bus_metro;d_metro_only;d_bus_metro,東京都交通局,18,4.2:1;2;3;4;5;6;7;8;9;10;11;12;13;14;15;16;17;18;19;20;21;22;23;24;25;26;27;28;29;30;31;32;33;34;35;36;37;38;39
1000389,1500390,1500392,metro,1,4.2,1,service_links,635.3237450336419,25,999999,12.702240820399371,0,3.0,24999975,0.15,4,0,"LINESTRING (139.766829 35.664818999999994, 139.760125 35.663092999999996)",w_metro_only;w_bus_metro;d_metro_only;d_bus_metro,東京都交通局,19,4.2:1;2;3;4;5;6;7;8;9;10;11;12;13;14;15;16;17;18;19;20;21;22;23;24;25;26;27;28;29;30;31;32;33;34;35;36;37;38;39
1000390,1500392,1500394,metro,1,4.2,1,service_links,832.6803818860478,25,999999,24.96792749283502,0,2.0,24999975,0.15,4,0,"LINESTRING (139.760125 35.663092999999996, 139.755596 35.656571)",w_metro_only;w_bus_metro;d_metro_only;d_bus_metro,東京都交通局,20,4.2:1;2;3;4;5;6;7;8;9;10;11;12;13;14;15;16;17;18;19;20;21;22;23;24;25;26;27;28;29;30;31;32;33;34;35;36;37;38;39
1000391,1500394,1500396,metro,1,4.2,1,service_links,1074.2095441545985,25,999999,21.477031872467816,0,3.0,24999975,0.15,4,0,"LINESTRING (139.755596 35.656571, 139.743889 35.654885)",w_metro_only;w_bus_metro;d_metro_only;d_bus_metro,東京都交通局,21,4.2:1;2;3;4;5;6;7;8;9;10;11;12;13;14;15;16;17;18;19;20;21;22;23;24;25;26;27;28;29;30;31;32;33;34;35;36;37;38;39
1000392,1500396,1500398,metro,1,4.2,1,service_links,710.8538394063246,25,999999,21.31495770333807,0,2.0,24999975,0.15,4,0,"LINESTRING (139.743889 35.654885, 139.73623 35.656347999999994)",w_metro_only;w_bus_metro;d_metro_only;d_bus_metro,東京都交通局,22,4.2:1;2;3;4;5;6;7;8;9;10;11;12;13;14;15;16;17;18;19;20;21;22;23;24;25;26;27;28;29;30;31;32;33;34;35;36;37;38;39
1000393,1500398,1500400,metro,1,4.2,1,service_links,962.9144680588383,25,999999,28.87299754299365,0,2.0,24999975,0.15,4,0,"LINESTRING (139.73623 35.656347999999994, 139.731254 35.66400599999999)",w_metro_only;w_bus_metro;d_metro_only;d_bus_metro,東京都交通局,23,4.2:1;2;3;4;5;6;7;8;9;10;11;12;13;14;15;16;17;18;19;20;21;22;23;24;25;26;27;28;29;30;31;32;33;34;35;36;37;38;39
1000394,1500400,1500402,metro,1,4.2,1,service_links,1201.3426721324724,25,999999,24.018847160262695,0,3.0,24999975,0.15,4,0,"LINESTRING (139.731254 35.66400599999999, 139.723825 35.672967)",w_metro_only;w_bus_metro;d_metro_only;d_bus_metro,東京都交通局,24,4.2:1;2;3;4;5;6;7;8;9;10;11;12;13;14;15;16;17;18;19;20;21;22;23;24;25;26;27;28;29;30;31;32;33;34;35;36;37;38;39
1000395,1500402,1500404,metro,1,4.2,1,service_links,1129.5625699479008,25,999999,22.583723491127643,0,3.0,24999975,0.15,4,0,"LINESTRING (139.723825 35.672967, 139.714567 35.679795999999996)",w_metro_only;w_bus_metro;d_metro_only;d_bus_metro,東京都交通局,25,4.2:1;2;3;4;5;6;7;8;9;10;11;12;13;14;15;16;17;18;19;20;21;22;23;24;25;26;27;28;29;30;31;32;33;34;35;36;37;38;39
1000396,1500404,1500406,metro,1,4.2,1,service_links,1246.3208164029766,25,999999,24.91811029129577,0,3.0,24999975,0.15,4,0,"LINESTRING (139.714567 35.679795999999996, 139.701503 35.68340499999999)",w_metro_only;w_bus_metro;d_metro_only;d_bus_metro,東京都交通局,26,4.2:1;2;3;4;5;6;7;8;9;10;11;12;13;14;15;16;17;18;19;20;21;22;23;24;25;26;27;28;29;30;31;32;33;34;35;36;37;38;39
1000397,1500406,1500408,metro,1,4.2,1,service_links,598.5633396092096,25,999999,35.87792245409848,0,1.0,24999975,0.15,4,0,"LINESTRING (139.701503 35.68340499999999, 139.698919 35.688362)",w_metro_only;w_bus_metro;d_metro_only;d_bus_metro,東京都交通局,27,4.2:1;2;3;4;5;6;7;8;9;10;11;12;13;14;15;16;17;18;19;20;21;22;23;24;25;26;27;28;29;30;31;32;33;34;35;36;37;38;39
1000398,1500408,1500410,metro,1,4.2,1,service_links,620.433429113078,25,999999,12.404533737682332,0,3.0,24999975,0.15,4,0,"LINESTRING (139.698919 35.688362, 139.692577 35.690507)",w_metro_only;w_bus_metro;d_metro_only;d_bus_metro,東京都交通局,28,4.2:1;2;3;4;5;6;7;8;9;10;11;12;13;14;15;16;17;18;19;20;21;22;23;24;25;26;27;28;29;30;31;32;33;34;35;36;37;38;39
1000399,1500410,1500412,metro,1,4.2,1,service_links,738.6976955308781,25,999999,22.149855937957366,0,2.0,24999975,0.15,4,0,"LINESTRING (139.692577 35.690507, 139.684445 35.689792)",w_metro_only;w_bus_metro;d_metro_only;d_bus_metro,東京都交通局,29,4.2:1;2;3;4;5;6;7;8;9;10;11;12;13;14;15;16;17;18;19;20;21;22;23;24;25;26;27;28;29;30;31;32;33;34;35;36;37;38;39
1000400,1500412,1500414,metro,1,4.2,1,service_links,901.3447454317992,25,999999,27.026828948479736,0,2.0,24999975,0.15,4,0,"LINESTRING (139.684445 35.689792, 139.682799 35.697787)",w_metro_only;w_bus_metro;d_metro_only;d_bus_metro,東京都交通局,30,4.2:1;2;3;4;5;6;7;8;9;10;11;12;13;14;15;16;17;18;19;20;21;22;23;24;25;26;27;28;29;30;31;32;33;34;35;36;37;38;39
1000401,1500414,1500416,metro,1,4.2,1,service_links,1031.289917069524,25,999999,30.923235894138653,0,2.0,24999975,0.15,4,0,"LINESTRING (139.682799 35.697787, 139.683012 35.70706)",w_metro_only;w_bus_metro;d_metro_only;d_bus_metro,東京都交通局,31,4.2:1;2;3;4;5;6;7;8;9;10;11;12;13;14;15;16;17;18;19;20;21;22;23;24;25;26;27;28;29;30;31;32;33;34;35;36;37;38;39
1000402,1500416,1500418,metro,1,4.2,1,service_links,806.3325435900327,25,999999,24.17788736401897,0,2.0,24999975,0.15,4,0,"LINESTRING (139.683012 35.70706, 139.686196 35.713834999999996)",w_metro_only;w_bus_metro;d_metro_only;d_bus_metro,東京都交通局,32,4.2:1;2;3;4;5;6;7;8;9;10;11;12;13;14;15;16;17;18;19;20;21;22;23;24;25;26;27;28;29;30;31;32;33;34;35;36;37;38;39
1000403,1500418,1500420,metro,1,4.2,1,service_links,1088.4639174459626,25,999999,32.63759872401687,0,2.0,24999975,0.15,4,0,"LINESTRING (139.686196 35.713834999999996, 139.683289 35.723335)",w_metro_only;w_bus_metro;d_metro_only;d_bus_metro,東京都交通局,33,4.2:1;2;3;4;5;6;7;8;9;10;11;12;13;14;15;16;17;18;19;20;21;22;23;24;25;26;27;28;29;30;31;32;33;34;35;36;37;38;39
1000404,1500420,1500422,metro,1,4.2,1,service_links,1545.2772269618488,25,999999,30.895246123862357,0,3.0,24999975,0.15,4,0,"LINESTRING (139.683289 35.723335, 139.670398 35.732479)",w_metro_only;w_bus_metro;d_metro_only;d_bus_metro,東京都交通局,34,4.2:1;2;3;4;5;6;7;8;9;10;11;12;13;14;15;16;17;18;19;20;21;22;23;24;25;26;27;28;29;30;31;32;33;34;35;36;37;38;39
1000405,1500422,1500424,metro,1,4.2,1,service_links,1518.5609540683772,25,999999,45.5340615912557,0,2.0,24999975,0.15,4,0,"LINESTRING (139.670398 35.732479, 139.654662 35.737311)",w_metro_only;w_bus_metro;d_metro_only;d_bus_metro,東京都交通局,35,4.2:1;2;3;4;5;6;7;8;9;10;11;12;13;14;15;16;17;18;19;20;21;22;23;24;25;26;27;28;29;30;31;32;33;34;35;36;37;38;39
1000406,1500424,1500426,metro,1,4.2,1,service_links,698.7752180077275,25,999999,20.95278015015675,0,2.0,24999975,0.15,4,0,"LINESTRING (139.654662 35.737311, 139.649016 35.741611)",w_metro_only;w_bus_metro;d_metro_only;d_bus_metro,東京都交通局,36,4.2:1;2;3;4;5;6;7;8;9;10;11;12;13;14;15;16;17;18;19;20;21;22;23;24;25;26;27;28;29;30;31;32;33;34;35;36;37;38;39
1000407,1500426,1500428,metro,1,4.2,1,service_links,1340.1956691573891,25,999999,26.794981722573592,0,3.0,24999975,0.15,4,0,"LINESTRING (139.649016 35.741611, 139.6402 35.75131)",w_metro_only;w_bus_metro;d_metro_only;d_bus_metro,東京都交通局,37,4.2:1;2;3;4;5;6;7;8;9;10;11;12;13;14;15;16;17;18;19;20;21;22;23;24;25;26;27;28;29;30;31;32;33;34;35;36;37;38;39
1000408,1500428,1500430,metro,1,4.2,1,service_links,1297.815138242642,25,999999,38.914996648954784,0,2.0,24999975,0.15,4,0,"LINESTRING (139.6402 35.75131, 139.628801 35.758427)",w_metro_only;w_bus_metro;d_metro_only;d_bus_metro,東京都交通局,38,4.2:1;2;3;4;5;6;7;8;9;10;11;12;13;14;15;16;17;18;19;20;21;22;23;24;25;26;27;28;29;30;31;32;33;34;35;36;37;38;39
1000409,1500443,1500442,rail,1,5.1,1,service_links,985.8663913170591,31,999999,29.561211133944802,0,2.0,30999969,0.15,4,0,"LINESTRING (139.77060699999998 35.814440999999995, 139.769969 35.805589999999995)",w_rail_only;d_rail_only,東京都交通局,1,5.1:1;2;3;4;5;6;7;8;9;10;11;12;13
1000410,1500442,1500441,rail,1,5.1,1,service_links,1034.8118198045522,31,999999,31.028840174049538,0,2.0,30999969,0.15,4,0,"LINESTRING (139.769969 35.805589999999995, 139.770059 35.796284)",w_rail_only;d_rail_only,東京都交通局,2,5.1:1;2;3;4;5;6;7;8;9;10;11;12;13
1000411,1500441,1500440,rail,1,5.1,1,service_links,844.8207021832366,31,999999,50.638603527466735,0,1.0,30999969,0.15,4,0,"LINESTRING (139.770059 35.796284, 139.769936 35.788686999999996)",w_rail_only;d_rail_only,東京都交通局,3,5.1:1;2;3;4;5;6;7;8;9;10;11;12;13
1000412,1500440,1500439,rail,1,5.1,1,service_links,809.1739328431859,31,999999,24.263086442074542,0,2.0,30999969,0.15,4,0,"LINESTRING (139.769936 35.788686999999996, 139.76997699999998 35.781409999999994)",w_rail_only;d_rail_only,東京都交通局,4,5.1:1;2;3;4;5;6;7;8;9;10;11;12;13
1000413,1500439,1500438,rail,1,5.1,1,service_links,840.4085606249255,31,999999,25.19965699025264,0,2.0,30999969,0.15,4,0,"LINESTRING (139.76997699999998 35.781409999999994, 139.77018999999999 35.773854)",w_rail_only;d_rail_only,東京都交通局,5,5.1:1;2;3;4;5;6;7;8;9;10;11;12;13
1000414,1500438,1500437,rail,1,5.1,1,service_links,624.0799139165618,31,999999,18.71304089704833,0,2.0,30999969,0.15,4,0,"LINESTRING (139.77018999999999 35.773854, 139.770592 35.768251)",w_rail_only;d_rail_only,東京都交通局,6,5.1:1;2;3;4;5;6;7;8;9;10;11;12;13
1000415,1500437,1500436,rail,1,5.1,1,service_links,494.35396891967383,31,999999,29.63160652865178,0,1.0,30999969,0.15,4,0,"LINESTRING (139.770592 35.768251, 139.770698 35.763805999999995)",w_rail_only;d_rail_only,東京都交通局,7,5.1:1;2;3;4;5;6;7;8;9;10;11;12;13
1000416,1500436,1500435,rail,1,5.1,1,service_links,1029.3687948157267,31,999999,30.865631028957317,0,2.0,30999969,0.15,4,0,"LINESTRING (139.770698 35.763805999999995, 139.770276 35.754554999999996)",w_rail_only;d_rail_only,東京都交通局,8,5.1:1;2;3;4;5;6;7;8;9;10;11;12;13
1000417,1500435,1500434,rail,1,5.1,1,service_links,684.7472833548657,31,999999,20.532152424433754,0,2.0,30999969,0.15,4,0,"LINESTRING (139.770276 35.754554999999996, 139.769728 35.748413)",w_rail_only;d_rail_only,東京都交通局,9,5.1:1;2;3;4;5;6;7;8;9;10;11;12;13
1000418,1500434,1500433,rail,1,5.1,1,service_links,631.8648845474204,31,999999,18.946473299772727,0,2.0,30999969,0.15,4,0,"LINESTRING (139.769728 35.748413, 139.768925 35.742768)",w_rail_only;d_rail_only,東京都交通局,10,5.1:1;2;3;4;5;6;7;8;9;10;11;12;13
1000419,1500433,1500432,rail,1,5.1,1,service_links,1018.0343542555166,31,999999,20.35390245096001,0,3.0,30999969,0.15,4,0,"LINESTRING (139.768925 35.742768, 139.768069 35.733639)",w_rail_only;d_rail_only,東京都交通局,11,5.1:1;2;3;4;5;6;7;8;9;10;11;12;13
1000420,1500432,1500431,rail,1,5.1,1,service_links,611.1203651602219,31,999999,12.218334525029428,0,3.0,30999969,0.15,4,0,"LINESTRING (139.768069 35.733639, 139.771021 35.728693)",w_rail_only;d_rail_only,東京都交通局,12,5.1:1;2;3;4;5;6;7;8;9;10;11;12;13
1000421,1500444,1500445,rail,1,5.2,1,service_links,611.1203651602219,31,999999,36.630591318295025,0,1.0,30999969,0.15,4,0,"LINESTRING (139.771021 35.728693, 139.768069 35.733639)",w_rail_only;d_rail_only,東京都交通局,1,5.2:1;2;3;4;5;6;7;8;9;10;11;12;13
1000422,1500445,1500446,rail,1,5.2,1,service_links,1018.0343542555166,31,999999,30.5257677437936,0,2.0,30999969,0.15,4,0,"LINESTRING (139.768069 35.733639, 139.768925 35.742768)",w_rail_only;d_rail_only,東京都交通局,2,5.2:1;2;3;4;5;6;7;8;9;10;11;12;13
1000423,1500446,1500447,rail,1,5.2,1,service_links,631.8648845474204,31,999999,18.946473299772727,0,2.0,30999969,0.15,4,0,"LINESTRING (139.768925 35.742768, 139.769728 35.748413)",w_rail_only;d_rail_only,東京都交通局,3,5.2:1;2;3;4;5;6;7;8;9;10;11;12;13
1000424,1500447,1500448,rail,1,5.2,1,service_links,684.7472833548657,31,999999,20.532152424433754,0,2.0,30999969,0.15,4,0,"LINESTRING (139.769728 35.748413, 139.770276 35.754554999999996)",w_rail_only;d_rail_only,東京都交通局,4,5.2:1;2;3;4;5;6;7;8;9;10;11;12;13
1000425,1500448,1500449,rail,1,5.2,1,service_links,1029.3687948157267,31,999999,30.865631028957317,0,2.0,30999969,0.15,4,0,"LINESTRING (139.770276 35.754554999999996, 139.770698 35.763805999999995)",w_rail_only;d_rail_only,東京都交通局,5,5.2:1;2;3;4;5;6;7;8;9;10;11;12;13
1000426,1500449,1500450,rail,1,5.2,1,service_links,494.35396891967383,31,999999,14.823207463858285,0,2.0,30999969,0.15,4,0,"LINESTRING (139.770698 35.763805999999995, 139.770592 35.768251)",w_rail_only;d_rail_only,東京都交通局,6,5.2:1;2;3;4;5;6;7;8;9;10;11;12;13
1000427,1500450,1500451,rail,1,5.2,1,service_links,624.0799139165618,31,999999,37.40738744754617,0,1.0,30999969,0.15,4,0,"LINESTRING (139.770592 35.768251, 139.77018999999999 35.773854)",w_rail_only;d_rail_only,東京都交通局,7,5.2:1;2;3;4;5;6;7;8;9;10;11;12;13
1000428,1500451,1500452,rail,1,5.2,1,service_links,840.4085606249255,31,999999,25.19965699025264,0,2.0,30999969,0.15,4,0,"LINESTRING (139.77018999999999 35.773854, 139.76997699999998 35.781409999999994)",w_rail_only;d_rail_only,東京都交通局,8,5.2:1;2;3;4;5;6;7;8;9;10;11;12;13
1000429,1500452,1500453,rail,1,5.2,1,service_links,809.1739328431859,31,999999,24.263086442074542,0,2.0,30999969,0.15,4,0,"LINESTRING (139.76997699999998 35.781409999999994, 139.769936 35.788686999999996)",w_rail_only;d_rail_only,東京都交通局,9,5.2:1;2;3;4;5;6;7;8;9;10;11;12;13
1000430,1500453,1500454,rail,1,5.2,1,service_links,844.8207021832366,31,999999,25.331955087953123,0,2.0,30999969,0.15,4,0,"LINESTRING (139.769936 35.788686999999996, 139.770059 35.796284)",w_rail_only;d_rail_only,東京都交通局,10,5.2:1;2;3;4;5;6;7;8;9;10;11;12;13
1000431,1500454,1500455,rail,1,5.2,1,service_links,1034.8118198045522,31,999999,31.028840174049538,0,2.0,30999969,0.15,4,0,"LINESTRING (139.770059 35.796284, 139.769969 35.805589999999995)",w_rail_only;d_rail_only,東京都交通局,11,5.2:1;2;3;4;5;6;7;8;9;10;11;12;13
1000432,1500455,1500456,rail,1,5.2,1,service_links,985.8663913170591,31,999999,29.561211133944802,0,2.0,30999969,0.15,4,0,"LINESTRING (139.769969 35.805589999999995, 139.77060699999998 35.814440999999995)",w_rail_only;d_rail_only,東京都交通局,12,5.2:1;2;3;4;5;6;7;8;9;10;11;12;13
1000433,1500500,1500496,tram,1,6.1,1,service_links,456.9137775413241,2,999999,27414.82665247945,0,0.0,1999998,0.15,4,0,"LINESTRING (139.752361 35.750764999999994, 139.757417 35.750546)",w_bus_only;w_bus_metro;d_bus_only;d_bus_metro,東京都交通局,1,6.1:1;2;3;4;5;6;7;8
1000434,1500496,1500492,tram,1,6.1,1,service_links,381.46650306847886,2,999999,11.438275954077326,0,2.0,1999998,0.15,4,0,"LINESTRING (139.757417 35.750546, 139.761639 35.75037699999999)",w_bus_only;w_bus_metro;d_bus_only;d_bus_metro,東京都交通局,2,6.1:1;2;3;4;5;6;7;8
1000435,1500492,1500488,tram,1,6.1,1,service_links,408.4407311434953,2,999999,24.481961906703017,0,1.0,1999998,0.15,4,0,"LINESTRING (139.761639 35.75037699999999, 139.76609 35.749711)",w_bus_only;w_bus_metro;d_bus_only;d_bus_metro,東京都交通局,3,6.1:1;2;3;4;5;6;7;8
1000436,1500488,1500484,tram,1,6.1,1,service_links,362.3603027962379,2,999999,4.347454142726309,0,5.0,1999998,0.15,4,0,"LINESTRING (139.76609 35.749711, 139.769759 35.748386999999994)",w_bus_only;w_bus_metro;d_bus_only;d_bus_metro,東京都交通局,4,6.1:1;2;3;4;5;6;7;8
1000437,1500484,1500480,tram,1,6.1,1,service_links,481.70334420215215,2,999999,28.87332732480433,0,1.0,1999998,0.15,4,0,"LINESTRING (139.769759 35.748386999999994, 139.773767 35.745526)",w_bus_only;w_bus_metro;d_bus_only;d_bus_metro,東京都交通局,5,6.1:1;2;3;4;5;6;7;8
1000438,1500480,1500476,tram,1,6.1,1,service_links,298.24191979739544,2,999999,17.876638549294434,0,1.0,1999998,0.15,4,0,"LINESTRING (139.773767 35.745526, 139.776316 35.743818999999995)",w_bus_only;w_bus_metro;d_bus_only;d_bus_metro,東京都交通局,6,6.1:1;2;3;4;5;6;7;8
1000439,1500476,1500472,tram,1,6.1,1,service_links,423.1643777093003,2,999999,6.345879195840544,0,4.0,1999998,0.15,4,0,"LINESTRING (139.776316 35.743818999999995, 139.780791 35.742683)",w_bus_only;w_bus_metro;d_bus_only;d_bus_metro,東京都交通局,7,6.1:1;2;3;4;5;6;7;8
1000440,1500526,1500524,tram,1,6.1,1,service_links,515.7514412011928,1,999999,30945.08647207157,0,0.0,999999,0.15,4,0,"LINESTRING (139.728998 35.731088, 139.727584 35.735581999999994)",w_bus_only;w_bus_metro;d_bus_only;d_bus_metro,東京都交通局,1,6.1:1;2;3;4;5;6;7;8;9;10;11
1000441,1500524,1500522,tram,1,6.1,1,service_links,459.6793960000298,1,999999,27.553210549452338,0,1.0,999999,0.15,4,0,"LINESTRING (139.727584 35.735581999999994, 139.729525 35.73940399999999)",w_bus_only;w_bus_metro;d_bus_only;d_bus_metro,東京都交通局,2,6.1:1;2;3;4;5;6;7;8;9;10;11
1000442,1500522,1500520,tram,1,6.1,1,service_links,185.82989575302415,1,999999,11.138655090091358,0,1.0,999999,0.15,4,0,"LINESTRING (139.729525 35.73940399999999, 139.730244 35.74097)",w_bus_only;w_bus_metro;d_bus_only;d_bus_metro,東京都交通局,3,6.1:1;2;3;4;5;6;7;8;9;10;11
1000443,1500520,1500518,tram,1,6.1,1,service_links,408.3133982639419,1,999999,8.163546783017834,0,3.0,999999,0.15,4,0,"LINESTRING (139.730244 35.74097, 139.732565 35.744122)",w_bus_only;w_bus_metro;d_bus_only;d_bus_metro,東京都交通局,4,6.1:1;2;3;4;5;6;7;8;9;10;11
1000444,1500518,1500516,tram,1,6.1,1,service_links,421.50731663562374,1,999999,25.265173824313116,0,1.0,999999,0.15,4,0,"LINESTRING (139.732565 35.744122, 139.73532 35.747183)",w_bus_only;w_bus_metro;d_bus_only;d_bus_metro,東京都交通局,5,6.1:1;2;3;4;5;6;7;8;9;10;11
1000445,1500516,1500514,tram,1,6.1,1,service_links,358.53673734721525,1,999999,21.490713527305612,0,1.0,999999,0.15,4,0,"LINESTRING (139.73532 35.747183, 139.737233 35.750009)",w_bus_only;w_bus_metro;d_bus_only;d_bus_metro,東京都交通局,6,6.1:1;2;3;4;5;6;7;8;9;10;11
1000446,1500514,1500511,tram,1,6.1,1,service_links,325.86027016469535,1,999999,2.792689074401046,0,7.0,999999,0.15,4,0,"LINESTRING (139.737233 35.750009, 139.737945 35.752882)",w_bus_only;w_bus_metro;d_bus_only;d_bus_metro,東京都交通局,7,6.1:1;2;3;4;5;6;7;8;9;10;11
1000447,1500511,1500508,tram,1,6.1,1,service_links,441.6505599378498,1,999999,26.472561035235753,0,1.0,999999,0.15,4,0,"LINESTRING (139.737945 35.752882, 139.742086 35.750764999999994)",w_bus_only;w_bus_metro;d_bus_only;d_bus_metro,東京都交通局,8,6.1:1;2;3;4;5;6;7;8;9;10;11
1000448,1500508,1500505,tram,1,6.1,1,service_links,459.1756233536303,1,999999,27.52301438683099,0,1.0,999999,0.15,4,0,"LINESTRING (139.742086 35.750764999999994, 139.747168 35.750969999999995)",w_bus_only;w_bus_metro;d_bus_only;d_bus_metro,東京都交通局,9,6.1:1;2;3;4;5;6;7;8;9;10;11
1000449,1500505,1500501,tram,1,6.1,1,service_links,469.18038999953313,1,999999,7.035946863277178,0,4.0,999999,0.15,4,0,"LINESTRING (139.747168 35.750969999999995, 139.752361 35.750764999999994)",w_bus_only;w_bus_metro;d_bus_only;d_bus_metro,東京都交通局,10,6.1:1;2;3;4;5;6;7;8;9;10;11
1000450,1500502,1500497,tram,1,6.1,1,service_links,456.9137775413241,3,999999,27414.82665247945,0,0.0,2999997,0.15,4,0,"LINESTRING (139.752361 35.750764999999994, 139.757417 35.750546)",w_bus_only;w_bus_metro;d_bus_only;d_bus_metro,東京都交通局,1,6.1:1;2;3;4;5;6;7;8;9;10;11;12;13
1000451,1500497,1500493,tram,1,6.1,1,service_links,381.46650306847886,3,999999,11.438275954077326,0,2.0,2999997,0.15,4,0,"LINESTRING (139.757417 35.750546, 139.761639 35.75037699999999)",w_bus_only;w_bus_metro;d_bus_only;d_bus_metro,東京都交通局,2,6.1:1;2;3;4;5;6;7;8;9;10;11;12;13
1000452,1500493,1500489,tram,1,6.1,1,service_links,408.4407311434953,3,999999,24.481961906703017,0,1.0,2999997,0.15,4,0,"LINESTRING (139.761639 35.75037699999999, 139.76609 35.749711)",w_bus_only;w_bus_metro;d_bus_only;d_bus_metro,東京都交通局,3,6.1:1;2;3;4;5;6;7;8;9;10;11;12;13
1000453,1500489,1500485,tram,1,6.1,1,service_links,362.3603027962379,3,999999,5.434046030435959,0,4.0,2999997,0.15,4,0,"LINESTRING (139.76609 35.749711, 139.769759 35.748386999999994)",w_bus_only;w_bus_metro;d_bus_only;d_bus_metro,東京都交通局,4,6.1:1;2;3;4;5;6;7;8;9;10;11;12;13
1000454,1500485,1500481,tram,1,6.1,1,service_links,481.70334420215215,3,999999,28.87332732480433,0,1.0,2999997,0.15,4,0,"LINESTRING (139.769759 35.748386999999994, 139.773767 35.745526)",w_bus_only;w_bus_metro;d_bus_only;d_bus_metro,東京都交通局,5,6.1:1;2;3;4;5;6;7;8;9;10;11;12;13
1000455,1500481,1500477,tram,1,6.1,1,service_links,298.24191979739544,3,999999,17.876638549294434,0,1.0,2999997,0.15,4,0,"LINESTRING (139.773767 35.745526, 139.776316 35.743818999999995)",w_bus_only;w_bus_metro;d_bus_only;d_bus_metro,東京都交通局,6,6.1:1;2;3;4;5;6;7;8;9;10;11;12;13
1000456,1500477,1500473,tram,1,6.1,1,service_links,423.1643777093003,3,999999,8.460467398386545,0,3.0,2999997,0.15,4,0,"LINESTRING (139.776316 35.743818999999995, 139.780791 35.742683)",w_bus_only;w_bus_metro;d_bus_only;d_bus_metro,東京都交通局,7,6.1:1;2;3;4;5;6;7;8;9;10;11;12;13
1000457,1500473,1500469,tram,1,6.1,1,service_links,314.4392982413328,3,999999,18.847510384095873,0,1.0,2999997,0.15,4,0,"LINESTRING (139.780791 35.742683, 139.78411 35.741823)",w_bus_only;w_bus_metro;d_bus_only;d_bus_metro,東京都交通局,8,6.1:1;2;3;4;5;6;7;8;9;10;11;12;13
1000458,1500469,1500466,tram,1,6.1,1,service_links,375.16177353970494,3,999999,22.48721919318911,0,1.0,2999997,0.15,4,0,"LINESTRING (139.78411 35.741823, 139.784604 35.738473)",w_bus_only;w_bus_metro;d_bus_only;d_bus_metro,東京都交通局,9,6.1:1;2;3;4;5;6;7;8;9;10;11;12;13
1000459,1500466,1500463,tram,1,6.1,1,service_links,435.3209803863375,3,999999,26.09316565752273,0,1.0,2999997,0.15,4,0,"LINESTRING (139.784604 35.738473, 139.786316 35.734812999999995)",w_bus_only;w_bus_metro;d_bus_only;d_bus_metro,東京都交通局,10,6.1:1;2;3;4;5;6;7;8;9;10;11;12;13
1000460,1500463,1500460,tram,1,6.1,1,service_links,253.21812309226533,3,999999,15.17790947605986,0,1.0,2999997,0.15,4,0,"LINESTRING (139.786316 35.734812999999995, 139.788741 35.733667999999994)",w_bus_only;w_bus_metro;d_bus_only;d_bus_metro,東京都交通局,11,6.1:1;2;3;4;5;6;7;8;9;10;11;12;13
1000461,1500460,1500457,tram,1,6.1,1,service_links,296.8544643689461,3,999999,5.9351109170732315,0,3.0,2999997,0.15,4,0,"LINESTRING (139.788741 35.733667999999994, 139.791409 35.732107)",w_bus_only;w_bus_metro;d_bus_only;d_bus_metro,東京都交通局,12,6.1:1;2;3;4;5;6;7;8;9;10;11;12;13
1000462,1500512,1500509,tram,1,6.1,1,service_links,441.6505599378498,7,999999,26499.033596270987,0,0.0,6999993,0.15,4,0,"LINESTRING (139.737945 35.752882, 139.742086 35.750764999999994)",w_bus_only;w_bus_metro;d_bus_only;d_bus_metro,東京都交通局,1,6.1:1;2;3;4;5;6;7;8;9;10;11;12;13;14;15;16
1000463,1500509,1500506,tram,1,6.1,1,service_links,459.1756233536303,7,999999,27.52301438683099,0,1.0,6999993,0.15,4,0,"LINESTRING (139.742086 35.750764999999994, 139.747168 35.750969999999995)",w_bus_only;w_bus_metro;d_bus_only;d_bus_metro,東京都交通局,2,6.1:1;2;3;4;5;6;7;8;9;10;11;12;13;14;15;16
1000464,1500506,1500503,tram,1,6.1,1,service_links,469.18038999953313,7,999999,7.035946863277178,0,4.0,6999993,0.15,4,0,"LINESTRING (139.747168 35.750969999999995, 139.752361 35.750764999999994)",w_bus_only;w_bus_metro;d_bus_only;d_bus_metro,東京都交通局,3,6.1:1;2;3;4;5;6;7;8;9;10;11;12;13;14;15;16
1000465,1500503,1500498,tram,1,6.1,1,service_links,456.9137775413241,7,999999,27.387439213266184,0,1.0,6999993,0.15,4,0,"LINESTRING (139.752361 35.750764999999994, 139.757417 35.750546)",w_bus_only;w_bus_metro;d_bus_only;d_bus_metro,東京都交通局,4,6.1:1;2;3;4;5;6;7;8;9;10;11;12;13;14;15;16
1000466,1500498,1500494,tram,1,6.1,1,service_links,381.46650306847886,7,999999,11.438275954077326,0,2.0,6999993,0.15,4,0,"LINESTRING (139.757417 35.750546, 139.761639 35.75037699999999)",w_bus_only;w_bus_metro;d_bus_only;d_bus_metro,東京都交通局,5,6.1:1;2;3;4;5;6;7;8;9;10;11;12;13;14;15;16
1000467,1500494,1500490,tram,1,6.1,1,service_links,408.4407311434953,7,999999,24.481961906703017,0,1.0,6999993,0.15,4,0,"LINESTRING (139.761639 35.75037699999999, 139.76609 35.749711)",w_bus_only;w_bus_metro;d_bus_only;d_bus_metro,東京都交通局,6,6.1:1;2;3;4;5;6;7;8;9;10;11;12;13;14;15;16
1000468,1500490,1500486,tram,1,6.1,1,service_links,362.3603027962379,7,999999,5.434046030435959,0,4.0,6999993,0.15,4,0,"LINESTRING (139.76609 35.749711, 139.769759 35.748386999999994)",w_bus_only;w_bus_metro;d_bus_only;d_bus_metro,東京都交通局,7,6.1:1;2;3;4;5;6;7;8;9;10;11;12;13;14;15;16
1000469,1500486,1500482,tram,1,6.1,1,service_links,481.70334420215215,7,999999,28.87332732480433,0,1.0,6999993,0.15,4,0,"LINESTRING (139.769759 35.748386999999994, 139.773767 35.745526)",w_bus_only;w_bus_metro;d_bus_only;d_bus_metro,東京都交通局,8,6.1:1;2;3;4;5;6;7;8;9;10;11;12;13;14;15;16
1000470,1500482,1500478,tram,1,6.1,1,service_links,298.24191979739544,7,999999,17.876638549294434,0,1.0,6999993,0.15,4,0,"LINESTRING (139.773767 35.745526, 139.776316 35.743818999999995)",w_bus_only;w_bus_metro;d_bus_only;d_bus_metro,東京都交通局,9,6.1:1;2;3;4;5;6;7;8;9;10;11;12;13;14;15;16
1000471,1500478,1500474,tram,1,6.1,1,service_links,423.1643777093003,7,999999,8.460467398386545,0,3.0,6999993,0.15,4,0,"LINESTRING (139.776316 35.743818999999995, 139.780791 35.742683)",w_bus_only;w_bus_metro;d_bus_only;d_bus_metro,東京都交通局,10,6.1:1;2;3;4;5;6;7;8;9;10;11;12;13;14;15;16
1000472,1500474,1500470,tram,1,6.1,1,service_links,314.4392982413328,7,999999,18.847510384095873,0,1.0,6999993,0.15,4,0,"LINESTRING (139.780791 35.742683, 139.78411 35.741823)",w_bus_only;w_bus_metro;d_bus_only;d_bus_metro,東京都交通局,11,6.1:1;2;3;4;5;6;7;8;9;10;11;12;13;14;15;16
1000473,1500470,1500467,tram,1,6.1,1,service_links,375.16177353970494,7,999999,22.48721919318911,0,1.0,6999993,0.15,4,0,"LINESTRING (139.78411 35.741823, 139.784604 35.738473)",w_bus_only;w_bus_metro;d_bus_only;d_bus_metro,東京都交通局,12,6.1:1;2;3;4;5;6;7;8;9;10;11;12;13;14;15;16
1000474,1500467,1500464,tram,1,6.1,1,service_links,435.3209803863375,7,999999,26.09316565752273,0,1.0,6999993,0.15,4,0,"LINESTRING (139.784604 35.738473, 139.786316 35.734812999999995)",w_bus_only;w_bus_metro;d_bus_only;d_bus_metro,東京都交通局,13,6.1:1;2;3;4;5;6;7;8;9;10;11;12;13;14;15;16
1000475,1500464,1500461,tram,1,6.1,1,service_links,253.21812309226533,7,999999,15.17790947605986,0,1.0,6999993,0.15,4,0,"LINESTRING (139.786316 35.734812999999995, 139.788741 35.733667999999994)",w_bus_only;w_bus_metro;d_bus_only;d_bus_metro,東京都交通局,14,6.1:1;2;3;4;5;6;7;8;9;10;11;12;13;14;15;16
1000476,1500461,1500458,tram,1,6.1,1,service_links,296.8544643689461,7,999999,5.9351109170732315,0,3.0,6999993,0.15,4,0,"LINESTRING (139.788741 35.733667999999994, 139.791409 35.732107)",w_bus_only;w_bus_metro;d_bus_only;d_bus_metro,東京都交通局,15,6.1:1;2;3;4;5;6;7;8;9;10;11;12;13;14;15;16
1000477,1500534,1500533,tram,1,6.1,1,service_links,455.52694048052757,26,999999,27331.616428831654,0,0.0,25999974,0.15,4,0,"LINESTRING (139.71890299999998 35.711659999999995, 139.714099 35.712911999999996)",w_bus_only;w_bus_metro;d_bus_only;d_bus_metro,東京都交通局,1,6.1:1;2;3;4;5;6;7;8;9;10;11;12;13;14;15;16;17;18;19;20;21;22;23;24;25;26;27;28;29;30
1000478,1500533,1500532,tram,1,6.1,1,service_links,400.3137069961128,26,999999,12.003409505130819,0,2.0,25999974,0.15,4,0,"LINESTRING (139.714099 35.712911999999996, 139.712429 35.716246999999996)",w_bus_only;w_bus_metro;d_bus_only;d_bus_metro,東京都交通局,2,6.1:1;2;3;4;5;6;7;8;9;10;11;12;13;14;15;16;17;18;19;20;21;22;23;24;25;26;27;28;29;30
1000479,1500532,1500531,tram,1,6.1,1,service_links,526.1318829112334,26,999999,31.536376598075936,0,1.0,25999974,0.15,4,0,"LINESTRING (139.712429 35.716246999999996, 139.71506 35.720468999999994)",w_bus_only;w_bus_metro;d_bus_only;d_bus_metro,東京都交通局,3,6.1:1;2;3;4;5;6;7;8;9;10;11;12;13;14;15;16;17;18;19;20;21;22;23;24;25;26;27;28;29;30
1000480,1500531,1500530,tram,1,6.1,1,service_links,459.1489109691961,26,999999,13.76758353730723,0,2.0,25999974,0.15,4,0,"LINESTRING (139.71506 35.720468999999994, 139.717735 35.723980999999995)",w_bus_only;w_bus_metro;d_bus_only;d_bus_metro,東京都交通局,4,6.1:1;2;3;4;5;6;7;8;9;10;11;12;13;14;15;16;17;18;19;20;21;22;23;24;25;26;27;28;29;30
1000481,1500530,1500529,tram,1,6.1,1,service_links,274.2754624626796,26,999999,8.2241517979814,0,2.0,25999974,0.15,4,0,"LINESTRING (139.717735 35.723980999999995, 139.720304 35.725297999999995)",w_bus_only;w_bus_metro;d_bus_only;d_bus_metro,東京都交通局,5,6.1:1;2;3;4;5;6;7;8;9;10;11;12;13;14;15;16;17;18;19;20;21;22;23;24;25;26;27;28;29;30
1000482,1500529,1500528,tram,1,6.1,1,service_links,543.643911684254,26,999999,16.301166767144046,0,2.0,25999974,0.15,4,0,"LINESTRING (139.720304 35.725297999999995, 139.724659 35.728674999999996)",w_bus_only;w_bus_metro;d_bus_only;d_bus_metro,東京都交通局,6,6.1:1;2;3;4;5;6;7;8;9;10;11;12;13;14;15;16;17;18;19;20;21;22;23;24;25;26;27;28;29;30
1000483,1500528,1500527,tram,1,6.1,1,service_links,474.75458511371437,26,999999,5.695915838196933,0,5.0,25999974,0.15,4,0,"LINESTRING (139.724659 35.728674999999996, 139.728998 35.731088)",w_bus_only;w_bus_metro;d_bus_only;d_bus_metro,東京都交通局,7,6.1:1;2;3;4;5;6;7;8;9;10;11;12;13;14;15;16;17;18;19;20;21;22;23;24;25;26;27;28;29;30
1000484,1500527,1500525,tram,1,6.1,1,service_links,515.7514412011928,26,999999,30.914172299771803,0,1.0,25999974,0.15,4,0,"LINESTRING (139.728998 35.731088, 139.727584 35.735581999999994)",w_bus_only;w_bus_metro;d_bus_only;d_bus_metro,東京都交通局,8,6.1:1;2;3;4;5;6;7;8;9;10;11;12;13;14;15;16;17;18;19;20;21;22;23;24;25;26;27;28;29;30
1000485,1500525,1500523,tram,1,6.1,1,service_links,459.6793960000298,26,999999,27.553210549452338,0,1.0,25999974,0.15,4,0,"LINESTRING (139.727584 35.735581999999994, 139.729525 35.73940399999999)",w_bus_only;w_bus_metro;d_bus_only;d_bus_metro,東京都交通局,9,6.1:1;2;3;4;5;6;7;8;9;10;11;12;13;14;15;16;17;18;19;20;21;22;23;24;25;26;27;28;29;30
1000486,1500523,1500521,tram,1,6.1,1,service_links,185.82989575302415,26,999999,11.138655090091358,0,1.0,25999974,0.15,4,0,"LINESTRING (139.729525 35.73940399999999, 139.730244 35.74097)",w_bus_only;w_bus_metro;d_bus_only;d_bus_metro,東京都交通局,10,6.1:1;2;3;4;5;6;7;8;9;10;11;12;13;14;15;16;17;18;19;20;21;22;23;24;25;26;27;28;29;30
1000487,1500521,1500519,tram,1,6.1,1,service_links,408.3133982639419,26,999999,8.163546783017834,0,3.0,25999974,0.15,4,0,"LINESTRING (139.730244 35.74097, 139.732565 35.744122)",w_bus_only;w_bus_metro;d_bus_only;d_bus_metro,東京都交通局,11,6.1:1;2;3;4;5;6;7;8;9;10;11;12;13;14;15;16;17;18;19;20;21;22;23;24;25;26;27;28;29;30
1000488,1500519,1500517,tram,1,6.1,1,service_links,421.50731663562374,26,999999,12.638900049044192,0,2.0,25999974,0.15,4,0,"LINESTRING (139.732565 35.744122, 139.73532 35.747183)",w_bus_only;w_bus_metro;d_bus_only;d_bus_metro,東京都交通局,12,6.1:1;2;3;4;5;6;7;8;9;10;11;12;13;14;15;16;17;18;19;20;21;22;23;24;25;26;27;28;29;30
1000489,1500517,1500515,tram,1,6.1,1,service_links,358.53673734721525,26,999999,21.490713527305612,0,1.0,25999974,0.15,4,0,"LINESTRING (139.73532 35.747183, 139.737233 35.750009)",w_bus_only;w_bus_metro;d_bus_only;d_bus_metro,東京都交通局,13,6.1:1;2;3;4;5;6;7;8;9;10;11;12;13;14;15;16;17;18;19;20;21;22;23;24;25;26;27;28;29;30
1000490,1500515,1500513,tram,1,6.1,1,service_links,325.86027016469535,26,999999,2.4436465704139136,0,8.0,25999974,0.15,4,0,"LINESTRING (139.737233 35.750009, 139.737945 35.752882)",w_bus_only;w_bus_metro;d_bus_only;d_bus_metro,東京都交通局,14,6.1:1;2;3;4;5;6;7;8;9;10;11;12;13;14;15;16;17;18;19;20;21;22;23;24;25;26;27;28;29;30
1000491,1500513,1500510,tram,1,6.1,1,service_links,441.6505599378498,26,999999,13.242895350460264,0,2.0,25999974,0.15,4,0,"LINESTRING (139.737945 35.752882, 139.742086 35.750764999999994)",w_bus_only;w_bus_metro;d_bus_only;d_bus_metro,東京都交通局,15,6.1:1;2;3;4;5;6;7;8;9;10;11;12;13;14;15;16;17;18;19;20;21;22;23;24;25;26;27;28;29;30
1000492,1500510,1500507,tram,1,6.1,1,service_links,459.1756233536303,26,999999,27.52301438683099,0,1.0,25999974,0.15,4,0,"LINESTRING (139.742086 35.750764999999994, 139.747168 35.750969999999995)",w_bus_only;w_bus_metro;d_bus_only;d_bus_metro,東京都交通局,16,6.1:1;2;3;4;5;6;7;8;9;10;11;12;13;14;15;16;17;18;19;20;21;22;23;24;25;26;27;28;29;30
1000493,1500507,1500504,tram,1,6.1,1,service_links,469.18038999953313,26,999999,7.035946863277178,0,4.0,25999974,0.15,4,0,"LINESTRING (139.747168 35.750969999999995, 139.752361 35.750764999999994)",w_bus_only;w_bus_metro;d_bus_only;d_bus_metro,東京都交通局,17,6.1:1;2;3;4;5;6;7;8;9;10;11;12;13;14;15;16;17;18;19;20;21;22;23;24;25;26;27;28;29;30
1000494,1500504,1500499,tram,1,6.1,1,service_links,456.9137775413241,26,999999,27.387439213266184,0,1.0,25999974,0.15,4,0,"LINESTRING (139.752361 35.750764999999994, 139.757417 35.750546)",w_bus_only;w_bus_metro;d_bus_only;d_bus_metro,東京都交通局,18,6.1:1;2;3;4;5;6;7;8;9;10;11;12;13;14;15;16;17;18;19;20;21;22;23;24;25;26;27;28;29;30
1000495,1500499,1500495,tram,1,6.1,1,service_links,381.46650306847886,26,999999,11.438275954077326,0,2.0,25999974,0.15,4,0,"LINESTRING (139.757417 35.750546, 139.761639 35.75037699999999)",w_bus_only;w_bus_metro;d_bus_only;d_bus_metro,東京都交通局,19,6.1:1;2;3;4;5;6;7;8;9;10;11;12;13;14;15;16;17;18;19;20;21;22;23;24;25;26;27;28;29;30
1000496,1500495,1500491,tram,1,6.1,1,service_links,408.4407311434953,26,999999,24.481961906703017,0,1.0,25999974,0.15,4,0,"LINESTRING (139.761639 35.75037699999999, 139.76609 35.749711)",w_bus_only;w_bus_metro;d_bus_only;d_bus_metro,東京都交通局,20,6.1:1;2;3;4;5;6;7;8;9;10;11;12;13;14;15;16;17;18;19;20;21;22;23;24;25;26;27;28;29;30
1000497,1500491,1500487,tram,1,6.1,1,service_links,362.3603027962379,26,999999,4.347454142726309,0,5.0,25999974,0.15,4,0,"LINESTRING (139.76609 35.749711, 139.769759 35.748386999999994)",w_bus_only;w_bus_metro;d_bus_only;d_bus_metro,東京都交通局,21,6.1:1;2;3;4;5;6;7;8;9;10;11;12;13;14;15;16;17;18;19;20;21;22;23;24;25;26;27;28;29;30
1000498,1500487,1500483,tram,1,6.1,1,service_links,481.70334420215215,26,999999,28.87332732480433,0,1.0,25999974,0.15,4,0,"LINESTRING (139.769759 35.748386999999994, 139.773767 35.745526)",w_bus_only;w_bus_metro;d_bus_only;d_bus_metro,東京都交通局,22,6.1:1;2;3;4;5;6;7;8;9;10;11;12;13;14;15;16;17;18;19;20;21;22;23;24;25;26;27;28;29;30
1000499,1500483,1500479,tram,1,6.1,1,service_links,298.24191979739544,26,999999,17.876638549294434,0,1.0,25999974,0.15,4,0,"LINESTRING (139.773767 35.745526, 139.776316 35.743818999999995)",w_bus_only;w_bus_metro;d_bus_only;d_bus_metro,東京都交通局,23,6.1:1;2;3;4;5;6;7;8;9;10;11;12;13;14;15;16;17;18;19;20;21;22;23;24;25;26;27;28;29;30
1000500,1500479,1500475,tram,1,6.1,1,service_links,423.1643777093003,26,999999,6.345879195840544,0,4.0,25999974,0.15,4,0,"LINESTRING (139.776316 35.743818999999995, 139.780791 35.742683)",w_bus_only;w_bus_metro;d_bus_only;d_bus_metro,東京都交通局,24,6.1:1;2;3;4;5;6;7;8;9;10;11;12;13;14;15;16;17;18;19;20;21;22;23;24;25;26;27;28;29;30
1000501,1500475,1500471,tram,1,6.1,1,service_links,314.4392982413328,26,999999,18.847510384095873,0,1.0,25999974,0.15,4,0,"LINESTRING (139.780791 35.742683, 139.78411 35.741823)",w_bus_only;w_bus_metro;d_bus_only;d_bus_metro,東京都交通局,25,6.1:1;2;3;4;5;6;7;8;9;10;11;12;13;14;15;16;17;18;19;20;21;22;23;24;25;26;27;28;29;30
1000502,1500471,1500468,tram,1,6.1,1,service_links,375.16177353970494,26,999999,22.48721919318911,0,1.0,25999974,0.15,4,0,"LINESTRING (139.78411 35.741823, 139.784604 35.738473)",w_bus_only;w_bus_metro;d_bus_only;d_bus_metro,東京都交通局,26,6.1:1;2;3;4;5;6;7;8;9;10;11;12;13;14;15;16;17;18;19;20;21;22;23;24;25;26;27;28;29;30
1000503,1500468,1500465,tram,1,6.1,1,service_links,435.3209803863375,26,999999,26.09316565752273,0,1.0,25999974,0.15,4,0,"LINESTRING (139.784604 35.738473, 139.786316 35.734812999999995)",w_bus_only;w_bus_metro;d_bus_only;d_bus_metro,東京都交通局,27,6.1:1;2;3;4;5;6;7;8;9;10;11;12;13;14;15;16;17;18;19;20;21;22;23;24;25;26;27;28;29;30
1000504,1500465,1500462,tram,1,6.1,1,service_links,253.21812309226533,26,999999,15.17790947605986,0,1.0,25999974,0.15,4,0,"LINESTRING (139.786316 35.734812999999995, 139.788741 35.733667999999994)",w_bus_only;w_bus_metro;d_bus_only;d_bus_metro,東京都交通局,28,6.1:1;2;3;4;5;6;7;8;9;10;11;12;13;14;15;16;17;18;19;20;21;22;23;24;25;26;27;28;29;30
1000505,1500462,1500459,tram,1,6.1,1,service_links,296.8544643689461,26,999999,5.9351109170732315,0,3.0,25999974,0.15,4,0,"LINESTRING (139.788741 35.733667999999994, 139.791409 35.732107)",w_bus_only;w_bus_metro;d_bus_only;d_bus_metro,東京都交通局,29,6.1:1;2;3;4;5;6;7;8;9;10;11;12;13;14;15;16;17;18;19;20;21;22;23;24;25;26;27;28;29;30
1000506,1500566,1500572,tram,1,6.2,1,service_links,469.18038999953313,6,999999,28150.82339997199,0,0.0,5999994,0.15,4,0,"LINESTRING (139.752361 35.750764999999994, 139.747168 35.750969999999995)",w_bus_only;w_bus_metro;d_bus_only;d_bus_metro,東京都交通局,1,6.2:1;2;3;4
1000507,1500572,1500578,tram,1,6.2,1,service_links,459.1756233536303,6,999999,27.52301438683099,0,1.0,5999994,0.15,4,0,"LINESTRING (139.747168 35.750969999999995, 139.742086 35.750764999999994)",w_bus_only;w_bus_metro;d_bus_only;d_bus_metro,東京都交通局,2,6.2:1;2;3;4
1000508,1500578,1500584,tram,1,6.2,1,service_links,441.6505599378498,6,999999,6.623102623411893,0,4.0,5999994,0.15,4,0,"LINESTRING (139.742086 35.750764999999994, 139.737945 35.752882)",w_bus_only;w_bus_metro;d_bus_only;d_bus_metro,東京都交通局,3,6.2:1;2;3;4
1000509,1500567,1500573,tram,1,6.2,1,service_links,469.18038999953313,2,999999,28150.82339997199,0,0.0,1999998,0.15,4,0,"LINESTRING (139.752361 35.750764999999994, 139.747168 35.750969999999995)",w_bus_only;w_bus_metro;d_bus_only;d_bus_metro,東京都交通局,1,6.2:1;2;3;4;5;6;7;8;9;10;11
1000510,1500573,1500579,tram,1,6.2,1,service_links,459.1756233536303,2,999999,27.52301438683099,0,1.0,1999998,0.15,4,0,"LINESTRING (139.747168 35.750969999999995, 139.742086 35.750764999999994)",w_bus_only;w_bus_metro;d_bus_only;d_bus_metro,東京都交通局,2,6.2:1;2;3;4;5;6;7;8;9;10;11
1000511,1500579,1500585,tram,1,6.2,1,service_links,441.6505599378498,2,999999,6.623102623411893,0,4.0,1999998,0.15,4,0,"LINESTRING (139.742086 35.750764999999994, 139.737945 35.752882)",w_bus_only;w_bus_metro;d_bus_only;d_bus_metro,東京都交通局,3,6.2:1;2;3;4;5;6;7;8;9;10;11
1000512,1500585,1500590,tram,1,6.2,1,service_links,325.86027016469535,2,999999,9.770922643619052,0,2.0,1999998,0.15,4,0,"LINESTRING (139.737945 35.752882, 139.737233 35.750009)",w_bus_only;w_bus_metro;d_bus_only;d_bus_metro,東京都交通局,4,6.2:1;2;3;4;5;6;7;8;9;10;11
1000513,1500590,1500595,tram,1,6.2,1,service_links,358.53673734721525,2,999999,21.490713527305612,0,1.0,1999998,0.15,4,0,"LINESTRING (139.737233 35.750009, 139.73532 35.747183)",w_bus_only;w_bus_metro;d_bus_only;d_bus_metro,東京都交通局,5,6.2:1;2;3;4;5;6;7;8;9;10;11
1000514,1500595,1500600,tram,1,6.2,1,service_links,421.50731663562374,2,999999,8.427337220305708,0,3.0,1999998,0.15,4,0,"LINESTRING (139.73532 35.747183, 139.732565 35.744122)",w_bus_only;w_bus_metro;d_bus_only;d_bus_metro,東京都交通局,6,6.2:1;2;3;4;5;6;7;8;9;10;11
1000515,1500600,1500605,tram,1,6.2,1,service_links,408.3133982639419,2,999999,24.474329566270246,0,1.0,1999998,0.15,4,0,"LINESTRING (139.732565 35.744122, 139.730244 35.74097)",w_bus_only;w_bus_metro;d_bus_only;d_bus_metro,東京都交通局,7,6.2:1;2;3;4;5;6;7;8;9;10;11
1000516,1500605,1500610,tram,1,6.2,1,service_links,185.82989575302415,2,999999,11.138655090091358,0,1.0,1999998,0.15,4,0,"LINESTRING (139.730244 35.74097, 139.729525 35.73940399999999)",w_bus_only;w_bus_metro;d_bus_only;d_bus_metro,東京都交通局,8,6.2:1;2;3;4;5;6;7;8;9;10;11
1000517,1500610,1500615,tram,1,6.2,1,service_links,459.6793960000298,2,999999,13.783490134933427,0,2.0,1999998,0.15,4,0,"LINESTRING (139.729525 35.73940399999999, 139.727584 35.735581999999994)",w_bus_only;w_bus_metro;d_bus_only;d_bus_metro,東京都交通局,9,6.2:1;2;3;4;5;6;7;8;9;10;11
1000518,1500615,1500620,tram,1,6.2,1,service_links,515.7514412011928,2,999999,6.18777973846662,0,5.0,1999998,0.15,4,0,"LINESTRING (139.727584 35.735581999999994, 139.728998 35.731088)",w_bus_only;w_bus_metro;d_bus_only;d_bus_metro,東京都交通局,10,6.2:1;2;3;4;5;6;7;8;9;10;11
1000519,1500568,1500574,tram,1,6.2,1,service_links,469.18038999953313,3,999999,28150.82339997199,0,0.0,2999997,0.15,4,0,"LINESTRING (139.752361 35.750764999999994, 139.747168 35.750969999999995)",w_bus_only;w_bus_metro;d_bus_only;d_bus_metro,東京都交通局,1,6.2:1;2;3;4;5;6;7;8;9;10;11;12;13;14;15;16;17;18
1000520,1500574,1500580,tram,1,6.2,1,service_links,459.1756233536303,3,999999,27.52301438683099,0,1.0,2999997,0.15,4,0,"LINESTRING (139.747168 35.750969999999995, 139.742086 35.750764999999994)",w_bus_only;w_bus_metro;d_bus_only;d_bus_metro,東京都交通局,2,6.2:1;2;3;4;5;6;7;8;9;10;11;12;13;14;15;16;17;18
1000521,1500580,1500586,tram,1,6.2,1,service_links,441.6505599378498,3,999999,6.623102623411893,0,4.0,2999997,0.15,4,0,"LINESTRING (139.742086 35.750764999999994, 139.737945 35.752882)",w_bus_only;w_bus_metro;d_bus_only;d_bus_metro,東京都交通局,3,6.2:1;2;3;4;5;6;7;8;9;10;11;12;13;14;15;16;17;18
1000522,1500586,1500591,tram,1,6.2,1,service_links,325.86027016469535,3,999999,9.770922643619052,0,2.0,2999997,0.15,4,0,"LINESTRING (139.737945 35.752882, 139.737233 35.750009)",w_bus_only;w_bus_metro;d_bus_only;d_bus_metro,東京都交通局,4,6.2:1;2;3;4;5;6;7;8;9;10;11;12;13;14;15;16;17;18
1000523,1500591,1500596,tram,1,6.2,1,service_links,358.53673734721525,3,999999,21.490713527305612,0,1.0,2999997,0.15,4,0,"LINESTRING (139.737233 35.750009, 139.73532 35.747183)",w_bus_only;w_bus_metro;d_bus_only;d_bus_metro,東京都交通局,5,6.2:1;2;3;4;5;6;7;8;9;10;11;12;13;14;15;16;17;18
1000524,1500596,1500601,tram,1,6.2,1,service_links,421.50731663562374,3,999999,8.427337220305708,0,3.0,2999997,0.15,4,0,"LINESTRING (139.73532 35.747183, 139.732565 35.744122)",w_bus_only;w_bus_metro;d_bus_only;d_bus_metro,東京都交通局,6,6.2:1;2;3;4;5;6;7;8;9;10;11;12;13;14;15;16;17;18
1000525,1500601,1500606,tram,1,6.2,1,service_links,408.3133982639419,3,999999,24.474329566270246,0,1.0,2999997,0.15,4,0,"LINESTRING (139.732565 35.744122, 139.730244 35.74097)",w_bus_only;w_bus_metro;d_bus_only;d_bus_metro,東京都交通局,7,6.2:1;2;3;4;5;6;7;8;9;10;11;12;13;14;15;16;17;18
1000526,1500606,1500611,tram,1,6.2,1,service_links,185.82989575302415,3,999999,11.138655090091358,0,1.0,2999997,0.15,4,0,"LINESTRING (139.730244 35.74097, 139.729525 35.73940399999999)",w_bus_only;w_bus_metro;d_bus_only;d_bus_metro,東京都交通局,8,6.2:1;2;3;4;5;6;7;8;9;10;11;12;13;14;15;16;17;18
1000527,1500611,1500616,tram,1,6.2,1,service_links,459.6793960000298,3,999999,13.783490134933427,0,2.0,2999997,0.15,4,0,"LINESTRING (139.729525 35.73940399999999, 139.727584 35.735581999999994)",w_bus_only;w_bus_metro;d_bus_only;d_bus_metro,東京都交通局,9,6.2:1;2;3;4;5;6;7;8;9;10;11;12;13;14;15;16;17;18
1000528,1500616,1500621,tram,1,6.2,1,service_links,515.7514412011928,3,999999,6.18777973846662,0,5.0,2999997,0.15,4,0,"LINESTRING (139.727584 35.735581999999994, 139.728998 35.731088)",w_bus_only;w_bus_metro;d_bus_only;d_bus_metro,東京都交通局,10,6.2:1;2;3;4;5;6;7;8;9;10;11;12;13;14;15;16;17;18
1000529,1500621,1500625,tram,1,6.2,1,service_links,474.75458511371437,3,999999,14.235519793514674,0,2.0,2999997,0.15,4,0,"LINESTRING (139.728998 35.731088, 139.724659 35.728674999999996)",w_bus_only;w_bus_metro;d_bus_only;d_bus_metro,東京都交通局,11,6.2:1;2;3;4;5;6;7;8;9;10;11;12;13;14;15;16;17;18
1000530,1500625,1500628,tram,1,6.2,1,service_links,543.643911684254,3,999999,10.869255148635535,0,3.0,2999997,0.15,4,0,"LINESTRING (139.724659 35.728674999999996, 139.720304 35.725297999999995)",w_bus_only;w_bus_metro;d_bus_only;d_bus_metro,東京都交通局,12,6.2:1;2;3;4;5;6;7;8;9;10;11;12;13;14;15;16;17;18
1000531,1500628,1500631,tram,1,6.2,1,service_links,274.2754624626796,3,999999,16.44008766010068,0,1.0,2999997,0.15,4,0,"LINESTRING (139.720304 35.725297999999995, 139.717735 35.723980999999995)",w_bus_only;w_bus_metro;d_bus_only;d_bus_metro,東京都交通局,13,6.2:1;2;3;4;5;6;7;8;9;10;11;12;13;14;15;16;17;18
1000532,1500631,1500634,tram,1,6.2,1,service_links,459.1489109691961,3,999999,27.52141324490686,0,1.0,2999997,0.15,4,0,"LINESTRING (139.717735 35.723980999999995, 139.71506 35.720468999999994)",w_bus_only;w_bus_metro;d_bus_only;d_bus_metro,東京都交通局,14,6.2:1;2;3;4;5;6;7;8;9;10;11;12;13;14;15;16;17;18
1000533,1500634,1500637,tram,1,6.2,1,service_links,526.1318829112334,3,999999,15.776068453110451,0,2.0,2999997,0.15,4,0,"LINESTRING (139.71506 35.720468999999994, 139.712429 35.716246999999996)",w_bus_only;w_bus_metro;d_bus_only;d_bus_metro,東京都交通局,15,6.2:1;2;3;4;5;6;7;8;9;10;11;12;13;14;15;16;17;18
1000534,1500637,1500640,tram,1,6.2,1,service_links,400.3137069961128,3,999999,12.003409505130819,0,2.0,2999997,0.15,4,0,"LINESTRING (139.712429 35.716246999999996, 139.714099 35.712911999999996)",w_bus_only;w_bus_metro;d_bus_only;d_bus_metro,東京都交通局,16,6.2:1;2;3;4;5;6;7;8;9;10;11;12;13;14;15;16;17;18
1000535,1500640,1500643,tram,1,6.2,1,service_links,455.52694048052757,3,999999,9.107502975285456,0,3.0,2999997,0.15,4,0,"LINESTRING (139.714099 35.712911999999996, 139.71890299999998 35.711659999999995)",w_bus_only;w_bus_metro;d_bus_only;d_bus_metro,東京都交通局,17,6.2:1;2;3;4;5;6;7;8;9;10;11;12;13;14;15;16;17;18
1000536,1500535,1500537,tram,1,6.2,1,service_links,296.8544643689461,1,999999,17811.267862136767,0,0.0,999999,0.15,4,0,"LINESTRING (139.791409 35.732107, 139.788741 35.733667999999994)",w_bus_only;w_bus_metro;d_bus_only;d_bus_metro,東京都交通局,1,6.2:1;2;3;4;5;6;7;8;9;10;11;12;13;14;15;16;17;18;19;20;21;22;23
1000537,1500537,1500539,tram,1,6.2,1,service_links,253.21812309226533,1,999999,15.17790947605986,0,1.0,999999,0.15,4,0,"LINESTRING (139.788741 35.733667999999994, 139.786316 35.734812999999995)",w_bus_only;w_bus_metro;d_bus_only;d_bus_metro,東京都交通局,2,6.2:1;2;3;4;5;6;7;8;9;10;11;12;13;14;15;16;17;18;19;20;21;22;23
1000538,1500539,1500541,tram,1,6.2,1,service_links,435.3209803863375,1,999999,26.09316565752273,0,1.0,999999,0.15,4,0,"LINESTRING (139.786316 35.734812999999995, 139.784604 35.738473)",w_bus_only;w_bus_metro;d_bus_only;d_bus_metro,東京都交通局,3,6.2:1;2;3;4;5;6;7;8;9;10;11;12;13;14;15;16;17;18;19;20;21;22;23
1000539,1500541,1500543,tram,1,6.2,1,service_links,375.16177353970494,1,999999,22.48721919318911,0,1.0,999999,0.15,4,0,"LINESTRING (139.784604 35.738473, 139.78411 35.741823)",w_bus_only;w_bus_metro;d_bus_only;d_bus_metro,東京都交通局,4,6.2:1;2;3;4;5;6;7;8;9;10;11;12;13;14;15;16;17;18;19;20;21;22;23
1000540,1500543,1500545,tram,1,6.2,1,service_links,314.4392982413328,1,999999,4.71541062096475,0,4.0,999999,0.15,4,0,"LINESTRING (139.78411 35.741823, 139.780791 35.742683)",w_bus_only;w_bus_metro;d_bus_only;d_bus_metro,東京都交通局,5,6.2:1;2;3;4;5;6;7;8;9;10;11;12;13;14;15;16;17;18;19;20;21;22;23
1000541,1500545,1500548,tram,1,6.2,1,service_links,423.1643777093003,1,999999,25.364498164393627,0,1.0,999999,0.15,4,0,"LINESTRING (139.780791 35.742683, 139.776316 35.743818999999995)",w_bus_only;w_bus_metro;d_bus_only;d_bus_metro,東京都交通局,6,6.2:1;2;3;4;5;6;7;8;9;10;11;12;13;14;15;16;17;18;19;20;21;22;23
1000542,1500548,1500551,tram,1,6.2,1,service_links,298.24191979739544,1,999999,17.876638549294434,0,1.0,999999,0.15,4,0,"LINESTRING (139.776316 35.743818999999995, 139.773767 35.745526)",w_bus_only;w_bus_metro;d_bus_only;d_bus_metro,東京都交通局,7,6.2:1;2;3;4;5;6;7;8;9;10;11;12;13;14;15;16;17;18;19;20;21;22;23
1000543,1500551,1500554,tram,1,6.2,1,service_links,481.70334420215215,1,999999,7.223744226975538,0,4.0,999999,0.15,4,0,"LINESTRING (139.773767 35.745526, 139.769759 35.748386999999994)",w_bus_only;w_bus_metro;d_bus_only;d_bus_metro,東京都交通局,8,6.2:1;2;3;4;5;6;7;8;9;10;11;12;13;14;15;16;17;18;19;20;21;22;23
1000544,1500554,1500557,tram,1,6.2,1,service_links,362.3603027962379,1,999999,21.71989826950477,0,1.0,999999,0.15,4,0,"LINESTRING (139.769759 35.748386999999994, 139.76609 35.749711)",w_bus_only;w_bus_metro;d_bus_only;d_bus_metro,東京都交通局,9,6.2:1;2;3;4;5;6;7;8;9;10;11;12;13;14;15;16;17;18;19;20;21;22;23
1000545,1500557,1500560,tram,1,6.2,1,service_links,408.4407311434953,1,999999,12.247098385112304,0,2.0,999999,0.15,4,0,"LINESTRING (139.76609 35.749711, 139.761639 35.75037699999999)",w_bus_only;w_bus_metro;d_bus_only;d_bus_metro,東京都交通局,10,6.2:1;2;3;4;5;6;7;8;9;10;11;12;13;14;15;16;17;18;19;20;21;22;23
1000546,1500560,1500563,tram,1,6.2,1,service_links,381.46650306847886,1,999999,22.86512505904968,0,1.0,999999,0.15,4,0,"LINESTRING (139.761639 35.75037699999999, 139.757417 35.750546)",w_bus_only;w_bus_metro;d_bus_only;d_bus_metro,東京都交通局,11,6.2:1;2;3;4;5;6;7;8;9;10;11;12;13;14;15;16;17;18;19;20;21;22;23
1000547,1500563,1500569,tram,1,6.2,1,service_links,456.9137775413241,1,999999,4.568376379350016,0,6.0,999999,0.15,4,0,"LINESTRING (139.757417 35.750546, 139.752361 35.750764999999994)",w_bus_only;w_bus_metro;d_bus_only;d_bus_metro,東京都交通局,12,6.2:1;2;3;4;5;6;7;8;9;10;11;12;13;14;15;16;17;18;19;20;21;22;23
1000548,1500569,1500575,tram,1,6.2,1,service_links,469.18038999953313,1,999999,28.12270069927272,0,1.0,999999,0.15,4,0,"LINESTRING (139.752361 35.750764999999994, 139.747168 35.750969999999995)",w_bus_only;w_bus_metro;d_bus_only;d_bus_metro,東京都交通局,13,6.2:1;2;3;4;5;6;7;8;9;10;11;12;13;14;15;16;17;18;19;20;21;22;23
1000549,1500575,1500581,tram,1,6.2,1,service_links,459.1756233536303,1,999999,27.52301438683099,0,1.0,999999,0.15,4,0,"LINESTRING (139.747168 35.750969999999995, 139.742086 35.750764999999994)",w_bus_only;w_bus_metro;d_bus_only;d_bus_metro,東京都交通局,14,6.2:1;2;3;4;5;6;7;8;9;10;11;12;13;14;15;16;17;18;19;20;21;22;23
1000550,1500581,1500587,tram,1,6.2,1,service_links,441.6505599378498,1,999999,6.623102623411893,0,4.0,999999,0.15,4,0,"LINESTRING (139.742086 35.750764999999994, 139.737945 35.752882)",w_bus_only;w_bus_metro;d_bus_only;d_bus_metro,東京都交通局,15,6.2:1;2;3;4;5;6;7;8;9;10;11;12;13;14;15;16;17;18;19;20;21;22;23
1000551,1500587,1500592,tram,1,6.2,1,service_links,325.86027016469535,1,999999,9.770922643619052,0,2.0,999999,0.15,4,0,"LINESTRING (139.737945 35.752882, 139.737233 35.750009)",w_bus_only;w_bus_metro;d_bus_only;d_bus_metro,東京都交通局,16,6.2:1;2;3;4;5;6;7;8;9;10;11;12;13;14;15;16;17;18;19;20;21;22;23
1000552,1500592,1500597,tram,1,6.2,1,service_links,358.53673734721525,1,999999,21.490713527305612,0,1.0,999999,0.15,4,0,"LINESTRING (139.737233 35.750009, 139.73532 35.747183)",w_bus_only;w_bus_metro;d_bus_only;d_bus_metro,東京都交通局,17,6.2:1;2;3;4;5;6;7;8;9;10;11;12;13;14;15;16;17;18;19;20;21;22;23
1000553,1500597,1500602,tram,1,6.2,1,service_links,421.50731663562374,1,999999,8.427337220305708,0,3.0,999999,0.15,4,0,"LINESTRING (139.73532 35.747183, 139.732565 35.744122)",w_bus_only;w_bus_metro;d_bus_only;d_bus_metro,東京都交通局,18,6.2:1;2;3;4;5;6;7;8;9;10;11;12;13;14;15;16;17;18;19;20;21;22;23
1000554,1500602,1500607,tram,1,6.2,1,service_links,408.3133982639419,1,999999,24.474329566270246,0,1.0,999999,0.15,4,0,"LINESTRING (139.732565 35.744122, 139.730244 35.74097)",w_bus_only;w_bus_metro;d_bus_only;d_bus_metro,東京都交通局,19,6.2:1;2;3;4;5;6;7;8;9;10;11;12;13;14;15;16;17;18;19;20;21;22;23
1000555,1500607,1500612,tram,1,6.2,1,service_links,185.82989575302415,1,999999,5.572110817182133,0,2.0,999999,0.15,4,0,"LINESTRING (139.730244 35.74097, 139.729525 35.73940399999999)",w_bus_only;w_bus_metro;d_bus_only;d_bus_metro,東京都交通局,20,6.2:1;2;3;4;5;6;7;8;9;10;11;12;13;14;15;16;17;18;19;20;21;22;23
1000556,1500612,1500617,tram,1,6.2,1,service_links,459.6793960000298,1,999999,13.783490134933427,0,2.0,999999,0.15,4,0,"LINESTRING (139.729525 35.73940399999999, 139.727584 35.735581999999994)",w_bus_only;w_bus_metro;d_bus_only;d_bus_metro,東京都交通局,21,6.2:1;2;3;4;5;6;7;8;9;10;11;12;13;14;15;16;17;18;19;20;21;22;23
1000557,1500617,1500622,tram,1,6.2,1,service_links,515.7514412011928,1,999999,6.18777973846662,0,5.0,999999,0.15,4,0,"LINESTRING (139.727584 35.735581999999994, 139.728998 35.731088)",w_bus_only;w_bus_metro;d_bus_only;d_bus_metro,東京都交通局,22,6.2:1;2;3;4;5;6;7;8;9;10;11;12;13;14;15;16;17;18;19;20;21;22;23
1000558,1500546,1500549,tram,1,6.2,1,service_links,423.1643777093003,3,999999,25389.86266255802,0,0.0,2999997,0.15,4,0,"LINESTRING (139.780791 35.742683, 139.776316 35.743818999999995)",w_bus_only;w_bus_metro;d_bus_only;d_bus_metro,東京都交通局,1,6.2:1;2;3;4;5;6;7;8;9;10;11;12;13;14;15;16;17;18;19;20;21;22;23;24;25
1000559,1500549,1500552,tram,1,6.2,1,service_links,298.24191979739544,3,999999,17.876638549294434,0,1.0,2999997,0.15,4,0,"LINESTRING (139.776316 35.743818999999995, 139.773767 35.745526)",w_bus_only;w_bus_metro;d_bus_only;d_bus_metro,東京都交通局,2,6.2:1;2;3;4;5;6;7;8;9;10;11;12;13;14;15;16;17;18;19;20;21;22;23;24;25
1000560,1500552,1500555,tram,1,6.2,1,service_links,481.70334420215215,3,999999,9.630856598510208,0,3.0,2999997,0.15,4,0,"LINESTRING (139.773767 35.745526, 139.769759 35.748386999999994)",w_bus_only;w_bus_metro;d_bus_only;d_bus_metro,東京都交通局,3,6.2:1;2;3;4;5;6;7;8;9;10;11;12;13;14;15;16;17;18;19;20;21;22;23;24;25
1000561,1500555,1500558,tram,1,6.2,1,service_links,362.3603027962379,3,999999,21.71989826950477,0,1.0,2999997,0.15,4,0,"LINESTRING (139.769759 35.748386999999994, 139.76609 35.749711)",w_bus_only;w_bus_metro;d_bus_only;d_bus_metro,東京都交通局,4,6.2:1;2;3;4;5;6;7;8;9;10;11;12;13;14;15;16;17;18;19;20;21;22;23;24;25
1000562,1500558,1500561,tram,1,6.2,1,service_links,408.4407311434953,3,999999,12.247098385112304,0,2.0,2999997,0.15,4,0,"LINESTRING (139.76609 35.749711, 139.761639 35.75037699999999)",w_bus_only;w_bus_metro;d_bus_only;d_bus_metro,東京都交通局,5,6.2:1;2;3;4;5;6;7;8;9;10;11;12;13;14;15;16;17;18;19;20;21;22;23;24;25
1000563,1500561,1500564,tram,1,6.2,1,service_links,381.46650306847886,3,999999,22.86512505904968,0,1.0,2999997,0.15,4,0,"LINESTRING (139.761639 35.75037699999999, 139.757417 35.750546)",w_bus_only;w_bus_metro;d_bus_only;d_bus_metro,東京都交通局,6,6.2:1;2;3;4;5;6;7;8;9;10;11;12;13;14;15;16;17;18;19;20;21;22;23;24;25
1000564,1500564,1500570,tram,1,6.2,1,service_links,456.9137775413241,3,999999,4.568376379350016,0,6.0,2999997,0.15,4,0,"LINESTRING (139.757417 35.750546, 139.752361 35.750764999999994)",w_bus_only;w_bus_metro;d_bus_only;d_bus_metro,東京都交通局,7,6.2:1;2;3;4;5;6;7;8;9;10;11;12;13;14;15;16;17;18;19;20;21;22;23;24;25
1000565,1500570,1500576,tram,1,6.2,1,service_links,469.18038999953313,3,999999,28.12270069927272,0,1.0,2999997,0.15,4,0,"LINESTRING (139.752361 35.750764999999994, 139.747168 35.750969999999995)",w_bus_only;w_bus_metro;d_bus_only;d_bus_metro,東京都交通局,8,6.2:1;2;3;4;5;6;7;8;9;10;11;12;13;14;15;16;17;18;19;20;21;22;23;24;25
1000566,1500576,1500582,tram,1,6.2,1,service_links,459.1756233536303,3,999999,27.52301438683099,0,1.0,2999997,0.15,4,0,"LINESTRING (139.747168 35.750969999999995, 139.742086 35.750764999999994)",w_bus_only;w_bus_metro;d_bus_only;d_bus_metro,東京都交通局,9,6.2:1;2;3;4;5;6;7;8;9;10;11;12;13;14;15;16;17;18;19;20;21;22;23;24;25
1000567,1500582,1500588,tram,1,6.2,1,service_links,441.6505599378498,3,999999,6.623102623411893,0,4.0,2999997,0.15,4,0,"LINESTRING (139.742086 35.750764999999994, 139.737945 35.752882)",w_bus_only;w_bus_metro;d_bus_only;d_bus_metro,東京都交通局,10,6.2:1;2;3;4;5;6;7;8;9;10;11;12;13;14;15;16;17;18;19;20;21;22;23;24;25
1000568,1500588,1500593,tram,1,6.2,1,service_links,325.86027016469535,3,999999,9.770922643619052,0,2.0,2999997,0.15,4,0,"LINESTRING (139.737945 35.752882, 139.737233 35.750009)",w_bus_only;w_bus_metro;d_bus_only;d_bus_metro,東京都交通局,11,6.2:1;2;3;4;5;6;7;8;9;10;11;12;13;14;15;16;17;18;19;20;21;22;23;24;25
1000569,1500593,1500598,tram,1,6.2,1,service_links,358.53673734721525,3,999999,21.490713527305612,0,1.0,2999997,0.15,4,0,"LINESTRING (139.737233 35.750009, 139.73532 35.747183)",w_bus_only;w_bus_metro;d_bus_only;d_bus_metro,東京都交通局,12,6.2:1;2;3;4;5;6;7;8;9;10;11;12;13;14;15;16;17;18;19;20;21;22;23;24;25
1000570,1500598,1500603,tram,1,6.2,1,service_links,421.50731663562374,3,999999,8.427337220305708,0,3.0,2999997,0.15,4,0,"LINESTRING (139.73532 35.747183, 139.732565 35.744122)",w_bus_only;w_bus_metro;d_bus_only;d_bus_metro,東京都交通局,13,6.2:1;2;3;4;5;6;7;8;9;10;11;12;13;14;15;16;17;18;19;20;21;22;23;24;25
1000571,1500603,1500608,tram,1,6.2,1,service_links,408.3133982639419,3,999999,24.474329566270246,0,1.0,2999997,0.15,4,0,"LINESTRING (139.732565 35.744122, 139.730244 35.74097)",w_bus_only;w_bus_metro;d_bus_only;d_bus_metro,東京都交通局,14,6.2:1;2;3;4;5;6;7;8;9;10;11;12;13;14;15;16;17;18;19;20;21;22;23;24;25
1000572,1500608,1500613,tram,1,6.2,1,service_links,185.82989575302415,3,999999,11.138655090091358,0,1.0,2999997,0.15,4,0,"LINESTRING (139.730244 35.74097, 139.729525 35.73940399999999)",w_bus_only;w_bus_metro;d_bus_only;d_bus_metro,東京都交通局,15,6.2:1;2;3;4;5;6;7;8;9;10;11;12;13;14;15;16;17;18;19;20;21;22;23;24;25
1000573,1500613,1500618,tram,1,6.2,1,service_links,459.6793960000298,3,999999,13.783490134933427,0,2.0,2999997,0.15,4,0,"LINESTRING (139.729525 35.73940399999999, 139.727584 35.735581999999994)",w_bus_only;w_bus_metro;d_bus_only;d_bus_metro,東京都交通局,16,6.2:1;2;3;4;5;6;7;8;9;10;11;12;13;14;15;16;17;18;19;20;21;22;23;24;25
1000574,1500618,1500623,tram,1,6.2,1,service_links,515.7514412011928,3,999999,5.1566549695170085,0,6.0,2999997,0.15,4,0,"LINESTRING (139.727584 35.735581999999994, 139.728998 35.731088)",w_bus_only;w_bus_metro;d_bus_only;d_bus_metro,東京都交通局,17,6.2:1;2;3;4;5;6;7;8;9;10;11;12;13;14;15;16;17;18;19;20;21;22;23;24;25
1000575,1500623,1500626,tram,1,6.2,1,service_links,474.75458511371437,3,999999,28.456818288534333,0,1.0,2999997,0.15,4,0,"LINESTRING (139.728998 35.731088, 139.724659 35.728674999999996)",w_bus_only;w_bus_metro;d_bus_only;d_bus_metro,東京都交通局,18,6.2:1;2;3;4;5;6;7;8;9;10;11;12;13;14;15;16;17;18;19;20;21;22;23;24;25
1000576,1500626,1500629,tram,1,6.2,1,service_links,543.643911684254,3,999999,10.869255148635535,0,3.0,2999997,0.15,4,0,"LINESTRING (139.724659 35.728674999999996, 139.720304 35.725297999999995)",w_bus_only;w_bus_metro;d_bus_only;d_bus_metro,東京都交通局,19,6.2:1;2;3;4;5;6;7;8;9;10;11;12;13;14;15;16;17;18;19;20;21;22;23;24;25
1000577,1500629,1500632,tram,1,6.2,1,service_links,274.2754624626796,3,999999,16.44008766010068,0,1.0,2999997,0.15,4,0,"LINESTRING (139.720304 35.725297999999995, 139.717735 35.723980999999995)",w_bus_only;w_bus_metro;d_bus_only;d_bus_metro,東京都交通局,20,6.2:1;2;3;4;5;6;7;8;9;10;11;12;13;14;15;16;17;18;19;20;21;22;23;24;25
1000578,1500632,1500635,tram,1,6.2,1,service_links,459.1489109691961,3,999999,27.52141324490686,0,1.0,2999997,0.15,4,0,"LINESTRING (139.717735 35.723980999999995, 139.71506 35.720468999999994)",w_bus_only;w_bus_metro;d_bus_only;d_bus_metro,東京都交通局,21,6.2:1;2;3;4;5;6;7;8;9;10;11;12;13;14;15;16;17;18;19;20;21;22;23;24;25
1000579,1500635,1500638,tram,1,6.2,1,service_links,526.1318829112334,3,999999,15.776068453110451,0,2.0,2999997,0.15,4,0,"LINESTRING (139.71506 35.720468999999994, 139.712429 35.716246999999996)",w_bus_only;w_bus_metro;d_bus_only;d_bus_metro,東京都交通局,22,6.2:1;2;3;4;5;6;7;8;9;10;11;12;13;14;15;16;17;18;19;20;21;22;23;24;25
1000580,1500638,1500641,tram,1,6.2,1,service_links,400.3137069961128,3,999999,12.003409505130819,0,2.0,2999997,0.15,4,0,"LINESTRING (139.712429 35.716246999999996, 139.714099 35.712911999999996)",w_bus_only;w_bus_metro;d_bus_only;d_bus_metro,東京都交通局,23,6.2:1;2;3;4;5;6;7;8;9;10;11;12;13;14;15;16;17;18;19;20;21;22;23;24;25
1000581,1500641,1500644,tram,1,6.2,1,service_links,455.52694048052757,3,999999,9.107502975285456,0,3.0,2999997,0.15,4,0,"LINESTRING (139.714099 35.712911999999996, 139.71890299999998 35.711659999999995)",w_bus_only;w_bus_metro;d_bus_only;d_bus_metro,東京都交通局,24,6.2:1;2;3;4;5;6;7;8;9;10;11;12;13;14;15;16;17;18;19;20;21;22;23;24;25
1000582,1500536,1500538,tram,1,6.2,1,service_links,296.8544643689461,28,999999,17811.267862136767,0,0.0,27999972,0.15,4,0,"LINESTRING (139.791409 35.732107, 139.788741 35.733667999999994)",w_bus_only;w_bus_metro;d_bus_only;d_bus_metro,東京都交通局,1,6.2:1;2;3;4;5;6;7;8;9;10;11;12;13;14;15;16;17;18;19;20;21;22;23;24;25;26;27;28;29;30
1000583,1500538,1500540,tram,1,6.2,1,service_links,253.21812309226533,28,999999,15.17790947605986,0,1.0,27999972,0.15,4,0,"LINESTRING (139.788741 35.733667999999994, 139.786316 35.734812999999995)",w_bus_only;w_bus_metro;d_bus_only;d_bus_metro,東京都交通局,2,6.2:1;2;3;4;5;6;7;8;9;10;11;12;13;14;15;16;17;18;19;20;21;22;23;24;25;26;27;28;29;30
1000584,1500540,1500542,tram,1,6.2,1,service_links,435.3209803863375,28,999999,26.09316565752273,0,1.0,27999972,0.15,4,0,"LINESTRING (139.786316 35.734812999999995, 139.784604 35.738473)",w_bus_only;w_bus_metro;d_bus_only;d_bus_metro,東京都交通局,3,6.2:1;2;3;4;5;6;7;8;9;10;11;12;13;14;15;16;17;18;19;20;21;22;23;24;25;26;27;28;29;30
1000585,1500542,1500544,tram,1,6.2,1,service_links,375.16177353970494,28,999999,22.48721919318911,0,1.0,27999972,0.15,4,0,"LINESTRING (139.784604 35.738473, 139.78411 35.741823)",w_bus_only;w_bus_metro;d_bus_only;d_bus_metro,東京都交通局,4,6.2:1;2;3;4;5;6;7;8;9;10;11;12;13;14;15;16;17;18;19;20;21;22;23;24;25;26;27;28;29;30
1000586,1500544,1500547,tram,1,6.2,1,service_links,314.4392982413328,28,999999,4.71541062096475,0,4.0,27999972,0.15,4,0,"LINESTRING (139.78411 35.741823, 139.780791 35.742683)",w_bus_only;w_bus_metro;d_bus_only;d_bus_metro,東京都交通局,5,6.2:1;2;3;4;5;6;7;8;9;10;11;12;13;14;15;16;17;18;19;20;21;22;23;24;25;26;27;28;29;30
1000587,1500547,1500550,tram,1,6.2,1,service_links,423.1643777093003,28,999999,25.364498164393627,0,1.0,27999972,0.15,4,0,"LINESTRING (139.780791 35.742683, 139.776316 35.743818999999995)",w_bus_only;w_bus_metro;d_bus_only;d_bus_metro,東京都交通局,6,6.2:1;2;3;4;5;6;7;8;9;10;11;12;13;14;15;16;17;18;19;20;21;22;23;24;25;26;27;28;29;30
1000588,1500550,1500553,tram,1,6.2,1,service_links,298.24191979739544,28,999999,17.876638549294434,0,1.0,27999972,0.15,4,0,"LINESTRING (139.776316 35.743818999999995, 139.773767 35.745526)",w_bus_only;w_bus_metro;d_bus_only;d_bus_metro,東京都交通局,7,6.2:1;2;3;4;5;6;7;8;9;10;11;12;13;14;15;16;17;18;19;20;21;22;23;24;25;26;27;28;29;30
1000589,1500553,1500556,tram,1,6.2,1,service_links,481.70334420215215,28,999999,9.630856598510208,0,3.0,27999972,0.15,4,0,"LINESTRING (139.773767 35.745526, 139.769759 35.748386999999994)",w_bus_only;w_bus_metro;d_bus_only;d_bus_metro,東京都交通局,8,6.2:1;2;3;4;5;6;7;8;9;10;11;12;13;14;15;16;17;18;19;20;21;22;23;24;25;26;27;28;29;30
1000590,1500556,1500559,tram,1,6.2,1,service_links,362.3603027962379,28,999999,21.71989826950477,0,1.0,27999972,0.15,4,0,"LINESTRING (139.769759 35.748386999999994, 139.76609 35.749711)",w_bus_only;w_bus_metro;d_bus_only;d_bus_metro,東京都交通局,9,6.2:1;2;3;4;5;6;7;8;9;10;11;12;13;14;15;16;17;18;19;20;21;22;23;24;25;26;27;28;29;30
1000591,1500559,1500562,tram,1,6.2,1,service_links,408.4407311434953,28,999999,12.247098385112304,0,2.0,27999972,0.15,4,0,"LINESTRING (139.76609 35.749711, 139.761639 35.75037699999999)",w_bus_only;w_bus_metro;d_bus_only;d_bus_metro,東京都交通局,10,6.2:1;2;3;4;5;6;7;8;9;10;11;12;13;14;15;16;17;18;19;20;21;22;23;24;25;26;27;28;29;30
1000592,1500562,1500565,tram,1,6.2,1,service_links,381.46650306847886,28,999999,22.86512505904968,0,1.0,27999972,0.15,4,0,"LINESTRING (139.761639 35.75037699999999, 139.757417 35.750546)",w_bus_only;w_bus_metro;d_bus_only;d_bus_metro,東京都交通局,11,6.2:1;2;3;4;5;6;7;8;9;10;11;12;13;14;15;16;17;18;19;20;21;22;23;24;25;26;27;28;29;30
1000593,1500565,1500571,tram,1,6.2,1,service_links,456.9137775413241,28,999999,4.568376379350016,0,6.0,27999972,0.15,4,0,"LINESTRING (139.757417 35.750546, 139.752361 35.750764999999994)",w_bus_only;w_bus_metro;d_bus_only;d_bus_metro,東京都交通局,12,6.2:1;2;3;4;5;6;7;8;9;10;11;12;13;14;15;16;17;18;19;20;21;22;23;24;25;26;27;28;29;30
1000594,1500571,1500577,tram,1,6.2,1,service_links,469.18038999953313,28,999999,28.12270069927272,0,1.0,27999972,0.15,4,0,"LINESTRING (139.752361 35.750764999999994, 139.747168 35.750969999999995)",w_bus_only;w_bus_metro;d_bus_only;d_bus_metro,東京都交通局,13,6.2:1;2;3;4;5;6;7;8;9;10;11;12;13;14;15;16;17;18;19;20;21;22;23;24;25;26;27;28;29;30
1000595,1500577,1500583,tram,1,6.2,1,service_links,459.1756233536303,28,999999,27.52301438683099,0,1.0,27999972,0.15,4,0,"LINESTRING (139.747168 35.750969999999995, 139.742086 35.750764999999994)",w_bus_only;w_bus_metro;d_bus_only;d_bus_metro,東京都交通局,14,6.2:1;2;3;4;5;6;7;8;9;10;11;12;13;14;15;16;17;18;19;20;21;22;23;24;25;26;27;28;29;30
1000596,1500583,1500589,tram,1,6.2,1,service_links,441.6505599378498,28,999999,6.623102623411893,0,4.0,27999972,0.15,4,0,"LINESTRING (139.742086 35.750764999999994, 139.737945 35.752882)",w_bus_only;w_bus_metro;d_bus_only;d_bus_metro,東京都交通局,15,6.2:1;2;3;4;5;6;7;8;9;10;11;12;13;14;15;16;17;18;19;20;21;22;23;24;25;26;27;28;29;30
1000597,1500589,1500594,tram,1,6.2,1,service_links,325.86027016469535,28,999999,9.770922643619052,0,2.0,27999972,0.15,4,0,"LINESTRING (139.737945 35.752882, 139.737233 35.750009)",w_bus_only;w_bus_metro;d_bus_only;d_bus_metro,東京都交通局,16,6.2:1;2;3;4;5;6;7;8;9;10;11;12;13;14;15;16;17;18;19;20;21;22;23;24;25;26;27;28;29;30
1000598,1500594,1500599,tram,1,6.2,1,service_links,358.53673734721525,28,999999,21.490713527305612,0,1.0,27999972,0.15,4,0,"LINESTRING (139.737233 35.750009, 139.73532 35.747183)",w_bus_only;w_bus_metro;d_bus_only;d_bus_metro,東京都交通局,17,6.2:1;2;3;4;5;6;7;8;9;10;11;12;13;14;15;16;17;18;19;20;21;22;23;24;25;26;27;28;29;30
1000599,1500599,1500604,tram,1,6.2,1,service_links,421.50731663562374,28,999999,8.427337220305708,0,3.0,27999972,0.15,4,0,"LINESTRING (139.73532 35.747183, 139.732565 35.744122)",w_bus_only;w_bus_metro;d_bus_only;d_bus_metro,東京都交通局,18,6.2:1;2;3;4;5;6;7;8;9;10;11;12;13;14;15;16;17;18;19;20;21;22;23;24;25;26;27;28;29;30
1000600,1500604,1500609,tram,1,6.2,1,service_links,408.3133982639419,28,999999,24.474329566270246,0,1.0,27999972,0.15,4,0,"LINESTRING (139.732565 35.744122, 139.730244 35.74097)",w_bus_only;w_bus_metro;d_bus_only;d_bus_metro,東京都交通局,19,6.2:1;2;3;4;5;6;7;8;9;10;11;12;13;14;15;16;17;18;19;20;21;22;23;24;25;26;27;28;29;30
1000601,1500609,1500614,tram,1,6.2,1,service_links,185.82989575302415,28,999999,11.138655090091358,0,1.0,27999972,0.15,4,0,"LINESTRING (139.730244 35.74097, 139.729525 35.73940399999999)",w_bus_only;w_bus_metro;d_bus_only;d_bus_metro,東京都交通局,20,6.2:1;2;3;4;5;6;7;8;9;10;11;12;13;14;15;16;17;18;19;20;21;22;23;24;25;26;27;28;29;30
1000602,1500614,1500619,tram,1,6.2,1,service_links,459.6793960000298,28,999999,13.783490134933427,0,2.0,27999972,0.15,4,0,"LINESTRING (139.729525 35.73940399999999, 139.727584 35.735581999999994)",w_bus_only;w_bus_metro;d_bus_only;d_bus_metro,東京都交通局,21,6.2:1;2;3;4;5;6;7;8;9;10;11;12;13;14;15;16;17;18;19;20;21;22;23;24;25;26;27;28;29;30
1000603,1500619,1500624,tram,1,6.2,1,service_links,515.7514412011928,28,999999,5.1566549695170085,0,6.0,27999972,0.15,4,0,"LINESTRING (139.727584 35.735581999999994, 139.728998 35.731088)",w_bus_only;w_bus_metro;d_bus_only;d_bus_metro,東京都交通局,22,6.2:1;2;3;4;5;6;7;8;9;10;11;12;13;14;15;16;17;18;19;20;21;22;23;24;25;26;27;28;29;30
1000604,1500624,1500627,tram,1,6.2,1,service_links,474.75458511371437,28,999999,28.456818288534333,0,1.0,27999972,0.15,4,0,"LINESTRING (139.728998 35.731088, 139.724659 35.728674999999996)",w_bus_only;w_bus_metro;d_bus_only;d_bus_metro,東京都交通局,23,6.2:1;2;3;4;5;6;7;8;9;10;11;12;13;14;15;16;17;18;19;20;21;22;23;24;25;26;27;28;29;30
1000605,1500627,1500630,tram,1,6.2,1,service_links,543.643911684254,28,999999,10.869255148635535,0,3.0,27999972,0.15,4,0,"LINESTRING (139.724659 35.728674999999996, 139.720304 35.725297999999995)",w_bus_only;w_bus_metro;d_bus_only;d_bus_metro,東京都交通局,24,6.2:1;2;3;4;5;6;7;8;9;10;11;12;13;14;15;16;17;18;19;20;21;22;23;24;25;26;27;28;29;30
1000606,1500630,1500633,tram,1,6.2,1,service_links,274.2754624626796,28,999999,16.44008766010068,0,1.0,27999972,0.15,4,0,"LINESTRING (139.720304 35.725297999999995, 139.717735 35.723980999999995)",w_bus_only;w_bus_metro;d_bus_only;d_bus_metro,東京都交通局,25,6.2:1;2;3;4;5;6;7;8;9;10;11;12;13;14;15;16;17;18;19;20;21;22;23;24;25;26;27;28;29;30
1000607,1500633,1500636,tram,1,6.2,1,service_links,459.1489109691961,28,999999,27.52141324490686,0,1.0,27999972,0.15,4,0,"LINESTRING (139.717735 35.723980999999995, 139.71506 35.720468999999994)",w_bus_only;w_bus_metro;d_bus_only;d_bus_metro,東京都交通局,26,6.2:1;2;3;4;5;6;7;8;9;10;11;12;13;14;15;16;17;18;19;20;21;22;23;24;25;26;27;28;29;30
1000608,1500636,1500639,tram,1,6.2,1,service_links,526.1318829112334,28,999999,15.776068453110451,0,2.0,27999972,0.15,4,0,"LINESTRING (139.71506 35.720468999999994, 139.712429 35.716246999999996)",w_bus_only;w_bus_metro;d_bus_only;d_bus_metro,東京都交通局,27,6.2:1;2;3;4;5;6;7;8;9;10;11;12;13;14;15;16;17;18;19;20;21;22;23;24;25;26;27;28;29;30
1000609,1500639,1500642,tram,1,6.2,1,service_links,400.3137069961128,28,999999,12.003409505130819,0,2.0,27999972,0.15,4,0,"LINESTRING (139.712429 35.716246999999996, 139.714099 35.712911999999996)",w_bus_only;w_bus_metro;d_bus_only;d_bus_metro,東京都交通局,28,6.2:1;2;3;4;5;6;7;8;9;10;11;12;13;14;15;16;17;18;19;20;21;22;23;24;25;26;27;28;29;30
1000610,1500642,1500645,tram,1,6.2,1,service_links,455.52694048052757,28,999999,9.107502975285456,0,3.0,27999972,0.15,4,0,"LINESTRING (139.714099 35.712911999999996, 139.71890299999998 35.711659999999995)",w_bus_only;w_bus_metro;d_bus_only;d_bus_metro,東京都交通局,29,6.2:1;2;3;4;5;6;7;8;9;10;11;12;13;14;15;16;17;18;19;20;21;22;23;24;25;26;27;28;29;30
1000610,1000001,1500001,metro,1,1.1,2,boarding_links,14.332278193937505,1,999999,2.0,0,2.5,999999,0.15,4,0,"LINESTRING (139.706086 35.58705, 139.705986 35.586949999999995)",w_metro_only;w_bus_metro;d_metro_only;d_bus_metro,東京都交通局,-1,1.1.101:1;2;3;4;5;6;7
1000611,1500001,1000001,metro,1,1.1,2,deboarding_links,14.332278193937505,1,999999,2.0,0,0.0,999999,0.15,4,0,"LINESTRING (139.705986 35.586949999999995, 139.706086 35.58705)",w_metro_only;w_bus_metro;d_metro_only;d_bus_metro,東京都交通局,-1,1.1.101:1;2;3;4;5;6;7
1000612,1000001,1500002,metro,1,1.1,2,boarding_links,14.332278193937505,1,999999,2.0,0,2.3076923076923075,999999,0.15,4,0,"LINESTRING (139.706086 35.58705, 139.705986 35.586949999999995)",w_metro_only;w_bus_metro;d_metro_only;d_bus_metro,東京都交通局,-1,1.1.101:1;2;3;4;5;6;7;8;9;10;11;12;13;14;15;16;17;18;19;20
1000613,1500002,1000001,metro,1,1.1,2,deboarding_links,14.332278193937505,1,999999,2.0,0,0.0,999999,0.15,4,0,"LINESTRING (139.705986 35.586949999999995, 139.706086 35.58705)",w_metro_only;w_bus_metro;d_metro_only;d_bus_metro,東京都交通局,-1,1.1.101:1;2;3;4;5;6;7;8;9;10;11;12;13;14;15;16;17;18;19;20
1000614,1000002,1500003,metro,1,1.1,2,boarding_links,14.331585310869421,1,999999,2.0,0,2.5,999999,0.15,4,0,"LINESTRING (139.711884 35.596773, 139.711784 35.596672999999996)",w_metro_only;w_bus_metro;d_metro_only;d_bus_metro,東京都交通局,-1,1.1.102:1;2;3;4;5;6;7
1000615,1500003,1000002,metro,1,1.1,2,deboarding_links,14.331585310869421,1,999999,2.0,0,0.0,999999,0.15,4,0,"LINESTRING (139.711784 35.596672999999996, 139.711884 35.596773)",w_metro_only;w_bus_metro;d_metro_only;d_bus_metro,東京都交通局,-1,1.1.102:1;2;3;4;5;6;7
1000616,1000002,1500004,metro,1,1.1,2,boarding_links,14.331585310869421,1,999999,2.0,0,2.3076923076923075,999999,0.15,4,0,"LINESTRING (139.711884 35.596773, 139.711784 35.596672999999996)",w_metro_only;w_bus_metro;d_metro_only;d_bus_metro,東京都交通局,-1,1.1.102:1;2;3;4;5;6;7;8;9;10;11;12;13;14;15;16;17;18;19;20
1000617,1500004,1000002,metro,1,1.1,2,deboarding_links,14.331585310869421,1,999999,2.0,0,0.0,999999,0.15,4,0,"LINESTRING (139.711784 35.596672999999996, 139.711884 35.596773)",w_metro_only;w_bus_metro;d_metro_only;d_bus_metro,東京都交通局,-1,1.1.102:1;2;3;4;5;6;7;8;9;10;11;12;13;14;15;16;17;18;19;20
1000618,1000003,1500005,metro,1,1.1,2,boarding_links,14.330979417217115,1,999999,2.0,0,2.5,999999,0.15,4,0,"LINESTRING (139.713645 35.605274, 139.713545 35.605174)",w_metro_only;w_bus_metro;d_metro_only;d_bus_metro,東京都交通局,-1,1.1.103:1;2;3;4;5;6;7
1000619,1500005,1000003,metro,1,1.1,2,deboarding_links,14.330979417217115,1,999999,2.0,0,0.0,999999,0.15,4,0,"LINESTRING (139.713545 35.605174, 139.713645 35.605274)",w_metro_only;w_bus_metro;d_metro_only;d_bus_metro,東京都交通局,-1,1.1.103:1;2;3;4;5;6;7
1000620,1000003,1500006,metro,1,1.1,2,boarding_links,14.330979417217115,1,999999,2.0,0,2.3076923076923075,999999,0.15,4,0,"LINESTRING (139.713645 35.605274, 139.713545 35.605174)",w_metro_only;w_bus_metro;d_metro_only;d_bus_metro,東京都交通局,-1,1.1.103:1;2;3;4;5;6;7;8;9;10;11;12;13;14;15;16;17;18;19;20
1000621,1500006,1000003,metro,1,1.1,2,deboarding_links,14.330979417217115,1,999999,2.0,0,0.0,999999,0.15,4,0,"LINESTRING (139.713545 35.605174, 139.713645 35.605274)",w_metro_only;w_bus_metro;d_metro_only;d_bus_metro,東京都交通局,-1,1.1.103:1;2;3;4;5;6;7;8;9;10;11;12;13;14;15;16;17;18;19;20
1000622,1000004,1500007,metro,1,1.1,2,boarding_links,14.330327384126715,1,999999,2.0,0,2.5,999999,0.15,4,0,"LINESTRING (139.716315 35.614421, 139.716215 35.614321)",w_metro_only;w_bus_metro;d_metro_only;d_bus_metro,東京都交通局,-1,1.1.104:1;2;3;4;5;6;7
1000623,1500007,1000004,metro,1,1.1,2,deboarding_links,14.330327384126715,1,999999,2.0,0,0.0,999999,0.15,4,0,"LINESTRING (139.716215 35.614321, 139.716315 35.614421)",w_metro_only;w_bus_metro;d_metro_only;d_bus_metro,東京都交通局,-1,1.1.104:1;2;3;4;5;6;7
1000624,1000004,1500008,metro,1,1.1,2,boarding_links,14.330327384126715,1,999999,2.0,0,2.3076923076923075,999999,0.15,4,0,"LINESTRING (139.716315 35.614421, 139.716215 35.614321)",w_metro_only;w_bus_metro;d_metro_only;d_bus_metro,東京都交通局,-1,1.1.104:1;2;3;4;5;6;7;8;9;10;11;12;13;14;15;16;17;18;19;20
1000625,1500008,1000004,metro,1,1.1,2,deboarding_links,14.330327384126715,1,999999,2.0,0,0.0,999999,0.15,4,0,"LINESTRING (139.716215 35.614321, 139.716315 35.614421)",w_metro_only;w_bus_metro;d_metro_only;d_bus_metro,東京都交通局,-1,1.1.104:1;2;3;4;5;6;7;8;9;10;11;12;13;14;15;16;17;18;19;20
1000626,1000005,1500009,metro,1,1.1,2,boarding_links,14.329439240080701,1,999999,2.0,0,2.5,999999,0.15,4,0,"LINESTRING (139.723965 35.626878, 139.723865 35.626777999999995)",w_metro_only;w_bus_metro;d_metro_only;d_bus_metro,東京都交通局,-1,1.1.105:1;2;3;4;5;6;7
1000627,1500009,1000005,metro,1,1.1,2,deboarding_links,14.329439240080701,1,999999,2.0,0,0.0,999999,0.15,4,0,"LINESTRING (139.723865 35.626777999999995, 139.723965 35.626878)",w_metro_only;w_bus_metro;d_metro_only;d_bus_metro,東京都交通局,-1,1.1.105:1;2;3;4;5;6;7
1000628,1000005,1500010,metro,1,1.1,2,boarding_links,14.329439240080701,1,999999,2.0,0,2.3076923076923075,999999,0.15,4,0,"LINESTRING (139.723965 35.626878, 139.723865 35.626777999999995)",w_metro_only;w_bus_metro;d_metro_only;d_bus_metro,東京都交通局,-1,1.1.105:1;2;3;4;5;6;7;8;9;10;11;12;13;14;15;16;17;18;19;20
1000629,1500010,1000005,metro,1,1.1,2,deboarding_links,14.329439240080701,1,999999,2.0,0,0.0,999999,0.15,4,0,"LINESTRING (139.723865 35.626777999999995, 139.723965 35.626878)",w_metro_only;w_bus_metro;d_metro_only;d_bus_metro,東京都交通局,-1,1.1.105:1;2;3;4;5;6;7;8;9;10;11;12;13;14;15;16;17;18;19;20
1000630,1000006,1500011,metro,1,1.1,2,boarding_links,14.329091760192052,1,999999,2.0,0,2.5,999999,0.15,4,0,"LINESTRING (139.730384 35.631751, 139.73028399999998 35.631651)",w_metro_only;w_bus_metro;d_metro_only;d_bus_metro,東京都交通局,-1,1.1.106:1;2;3;4;5;6;7
1000631,1500011,1000006,metro,1,1.1,2,deboarding_links,14.329091760192052,1,999999,2.0,0,0.0,999999,0.15,4,0,"LINESTRING (139.73028399999998 35.631651, 139.730384 35.631751)",w_metro_only;w_bus_metro;d_metro_only;d_bus_metro,東京都交通局,-1,1.1.106:1;2;3;4;5;6;7
1000632,1000006,1500012,metro,1,1.1,2,boarding_links,14.329091760192052,1,999999,2.0,0,2.3076923076923075,999999,0.15,4,0,"LINESTRING (139.730384 35.631751, 139.73028399999998 35.631651)",w_metro_only;w_bus_metro;d_metro_only;d_bus_metro,東京都交通局,-1,1.1.106:1;2;3;4;5;6;7;8;9;10;11;12;13;14;15;16;17;18;19;20
1000633,1500012,1000006,metro,1,1.1,2,deboarding_links,14.329091760192052,1,999999,2.0,0,0.0,999999,0.15,4,0,"LINESTRING (139.73028399999998 35.631651, 139.730384 35.631751)",w_metro_only;w_bus_metro;d_metro_only;d_bus_metro,東京都交通局,-1,1.1.106:1;2;3;4;5;6;7;8;9;10;11;12;13;14;15;16;17;18;19;20
1000634,1000007,1500013,metro,1,1.1,2,boarding_links,14.328595127565073,1,999999,2.0,0,2.5,999999,0.15,4,0,"LINESTRING (139.739993 35.638715, 139.739893 35.638614999999994)",w_metro_only;w_bus_metro;d_metro_only;d_bus_metro,東京都交通局,-1,1.1.107:1;2;3;4;5;6;7
1000635,1500013,1000007,metro,1,1.1,2,deboarding_links,14.328595127565073,1,999999,2.0,0,0.0,999999,0.15,4,0,"LINESTRING (139.739893 35.638614999999994, 139.739993 35.638715)",w_metro_only;w_bus_metro;d_metro_only;d_bus_metro,東京都交通局,-1,1.1.107:1;2;3;4;5;6;7
1000636,1000007,1500014,metro,1,1.1,2,boarding_links,14.328595127565073,1,999999,2.0,0,1.5789473684210527,999999,0.15,4,0,"LINESTRING (139.739993 35.638715, 139.739893 35.638614999999994)",w_metro_only;w_bus_metro;d_metro_only;d_bus_metro,東京都交通局,-1,1.1.107:1;2;3;4;5;6;7;8;9;10;11;12;13;14
1000637,1500014,1000007,metro,1,1.1,2,deboarding_links,14.328595127565073,1,999999,2.0,0,0.0,999999,0.15,4,0,"LINESTRING (139.739893 35.638614999999994, 139.739993 35.638715)",w_metro_only;w_bus_metro;d_metro_only;d_bus_metro,東京都交通局,-1,1.1.107:1;2;3;4;5;6;7;8;9;10;11;12;13;14
1000638,1000007,1500015,metro,1,1.1,2,boarding_links,14.328595127565073,1,999999,2.0,0,2.3076923076923075,999999,0.15,4,0,"LINESTRING (139.739993 35.638715, 139.739893 35.638614999999994)",w_metro_only;w_bus_metro;d_metro_only;d_bus_metro,東京都交通局,-1,1.1.107:1;2;3;4;5;6;7;8;9;10;11;12;13;14;15;16;17;18;19;20
1000639,1500015,1000007,metro,1,1.1,2,deboarding_links,14.328595127565073,1,999999,2.0,0,0.0,999999,0.15,4,0,"LINESTRING (139.739893 35.638614999999994, 139.739993 35.638715)",w_metro_only;w_bus_metro;d_metro_only;d_bus_metro,東京都交通局,-1,1.1.107:1;2;3;4;5;6;7;8;9;10;11;12;13;14;15;16;17;18;19;20
1000640,1000008,1500016,metro,1,1.1,2,boarding_links,14.328022116443721,1,999999,2.0,0,1.5789473684210527,999999,0.15,4,0,"LINESTRING (139.746877 35.646749, 139.746777 35.646649)",w_metro_only;w_bus_metro;d_metro_only;d_bus_metro,東京都交通局,-1,1.1.108:1;2;3;4;5;6;7;8;9;10;11;12;13;14
1000641,1500016,1000008,metro,1,1.1,2,deboarding_links,14.328022116443721,1,999999,2.0,0,0.0,999999,0.15,4,0,"LINESTRING (139.746777 35.646649, 139.746877 35.646749)",w_metro_only;w_bus_metro;d_metro_only;d_bus_metro,東京都交通局,-1,1.1.108:1;2;3;4;5;6;7;8;9;10;11;12;13;14
1000642,1000008,1500017,metro,1,1.1,2,boarding_links,14.328022116443721,1,999999,2.0,0,2.3076923076923075,999999,0.15,4,0,"LINESTRING (139.746877 35.646749, 139.746777 35.646649)",w_metro_only;w_bus_metro;d_metro_only;d_bus_metro,東京都交通局,-1,1.1.108:1;2;3;4;5;6;7;8;9;10;11;12;13;14;15;16;17;18;19;20
1000643,1500017,1000008,metro,1,1.1,2,deboarding_links,14.328022116443721,1,999999,2.0,0,0.0,999999,0.15,4,0,"LINESTRING (139.746777 35.646649, 139.746877 35.646749)",w_metro_only;w_bus_metro;d_metro_only;d_bus_metro,東京都交通局,-1,1.1.108:1;2;3;4;5;6;7;8;9;10;11;12;13;14;15;16;17;18;19;20
1000644,1000009,1500018,metro,1,1.1,2,boarding_links,14.327300143590646,1,999999,2.0,0,1.5789473684210527,999999,0.15,4,0,"LINESTRING (139.754679 35.65687, 139.754579 35.656769999999995)",w_metro_only;w_bus_metro;d_metro_only;d_bus_metro,東京都交通局,-1,1.1.109:1;2;3;4;5;6;7;8;9;10;11;12;13;14
1000645,1500018,1000009,metro,1,1.1,2,deboarding_links,14.327300143590646,1,999999,2.0,0,0.0,999999,0.15,4,0,"LINESTRING (139.754579 35.656769999999995, 139.754679 35.65687)",w_metro_only;w_bus_metro;d_metro_only;d_bus_metro,東京都交通局,-1,1.1.109:1;2;3;4;5;6;7;8;9;10;11;12;13;14
1000646,1000009,1500019,metro,1,1.1,2,boarding_links,14.327300143590646,1,999999,2.0,0,2.3076923076923075,999999,0.15,4,0,"LINESTRING (139.754679 35.65687, 139.754579 35.656769999999995)",w_metro_only;w_bus_metro;d_metro_only;d_bus_metro,東京都交通局,-1,1.1.109:1;2;3;4;5;6;7;8;9;10;11;12;13;14;15;16;17;18;19;20
1000647,1500019,1000009,metro,1,1.1,2,deboarding_links,14.327300143590646,1,999999,2.0,0,0.0,999999,0.15,4,0,"LINESTRING (139.754579 35.656769999999995, 139.754679 35.65687)",w_metro_only;w_bus_metro;d_metro_only;d_bus_metro,東京都交通局,-1,1.1.109:1;2;3;4;5;6;7;8;9;10;11;12;13;14;15;16;17;18;19;20
1000648,1000010,1500020,metro,1,1.1,2,boarding_links,14.326692567006349,1,999999,2.0,0,1.5789473684210527,999999,0.15,4,0,"LINESTRING (139.759338 35.665386, 139.759238 35.665285999999995)",w_metro_only;w_bus_metro;d_metro_only;d_bus_metro,東京都交通局,-1,1.1.110:1;2;3;4;5;6;7;8;9;10;11;12;13;14
1000649,1500020,1000010,metro,1,1.1,2,deboarding_links,14.326692567006349,1,999999,2.0,0,0.0,999999,0.15,4,0,"LINESTRING (139.759238 35.665285999999995, 139.759338 35.665386)",w_metro_only;w_bus_metro;d_metro_only;d_bus_metro,東京都交通局,-1,1.1.110:1;2;3;4;5;6;7;8;9;10;11;12;13;14
1000650,1000010,1500021,metro,1,1.1,2,boarding_links,14.326692567006349,1,999999,2.0,0,2.3076923076923075,999999,0.15,4,0,"LINESTRING (139.759338 35.665386, 139.759238 35.665285999999995)",w_metro_only;w_bus_metro;d_metro_only;d_bus_metro,東京都交通局,-1,1.1.110:1;2;3;4;5;6;7;8;9;10;11;12;13;14;15;16;17;18;19;20
1000651,1500021,1000010,metro,1,1.1,2,deboarding_links,14.326692567006349,1,999999,2.0,0,0.0,999999,0.15,4,0,"LINESTRING (139.759238 35.665285999999995, 139.759338 35.665386)",w_metro_only;w_bus_metro;d_metro_only;d_bus_metro,東京都交通局,-1,1.1.110:1;2;3;4;5;6;7;8;9;10;11;12;13;14;15;16;17;18;19;20
1000652,1000011,1500022,metro,1,1.1,2,boarding_links,14.326369408778637,1,999999,2.0,0,1.5789473684210527,999999,0.15,4,0,"LINESTRING (139.76735 35.669915, 139.76725 35.669815)",w_metro_only;w_bus_metro;d_metro_only;d_bus_metro,東京都交通局,-1,1.1.111:1;2;3;4;5;6;7;8;9;10;11;12;13;14
1000653,1500022,1000011,metro,1,1.1,2,deboarding_links,14.326369408778637,1,999999,2.0,0,0.0,999999,0.15,4,0,"LINESTRING (139.76725 35.669815, 139.76735 35.669915)",w_metro_only;w_bus_metro;d_metro_only;d_bus_metro,東京都交通局,-1,1.1.111:1;2;3;4;5;6;7;8;9;10;11;12;13;14
1000654,1000011,1500023,metro,1,1.1,2,boarding_links,14.326369408778637,1,999999,2.0,0,2.3076923076923075,999999,0.15,4,0,"LINESTRING (139.76735 35.669915, 139.76725 35.669815)",w_metro_only;w_bus_metro;d_metro_only;d_bus_metro,東京都交通局,-1,1.1.111:1;2;3;4;5;6;7;8;9;10;11;12;13;14;15;16;17;18;19;20
1000655,1500023,1000011,metro,1,1.1,2,deboarding_links,14.326369408778637,1,999999,2.0,0,0.0,999999,0.15,4,0,"LINESTRING (139.76725 35.669815, 139.76735 35.669915)",w_metro_only;w_bus_metro;d_metro_only;d_bus_metro,東京都交通局,-1,1.1.111:1;2;3;4;5;6;7;8;9;10;11;12;13;14;15;16;17;18;19;20
1000656,1000012,1500024,metro,1,1.1,2,boarding_links,14.325963303442492,1,999999,2.0,0,1.5789473684210527,999999,0.15,4,0,"LINESTRING (139.771966 35.675606, 139.771866 35.675506)",w_metro_only;w_bus_metro;d_metro_only;d_bus_metro,東京都交通局,-1,1.1.112:1;2;3;4;5;6;7;8;9;10;11;12;13;14
1000657,1500024,1000012,metro,1,1.1,2,deboarding_links,14.325963303442492,1,999999,2.0,0,0.0,999999,0.15,4,0,"LINESTRING (139.771866 35.675506, 139.771966 35.675606)",w_metro_only;w_bus_metro;d_metro_only;d_bus_metro,東京都交通局,-1,1.1.112:1;2;3;4;5;6;7;8;9;10;11;12;13;14
1000658,1000012,1500025,metro,1,1.1,2,boarding_links,14.325963303442492,1,999999,2.0,0,2.3076923076923075,999999,0.15,4,0,"LINESTRING (139.771966 35.675606, 139.771866 35.675506)",w_metro_only;w_bus_metro;d_metro_only;d_bus_metro,東京都交通局,-1,1.1.112:1;2;3;4;5;6;7;8;9;10;11;12;13;14;15;16;17;18;19;20
1000659,1500025,1000012,metro,1,1.1,2,deboarding_links,14.325963303442492,1,999999,2.0,0,0.0,999999,0.15,4,0,"LINESTRING (139.771866 35.675506, 139.771966 35.675606)",w_metro_only;w_bus_metro;d_metro_only;d_bus_metro,東京都交通局,-1,1.1.112:1;2;3;4;5;6;7;8;9;10;11;12;13;14;15;16;17;18;19;20
1000660,1000013,1500026,metro,1,1.1,2,boarding_links,14.3255215458694,1,999999,2.0,0,1.5789473684210527,999999,0.15,4,0,"LINESTRING (139.775814 35.681796, 139.775714 35.681695999999995)",w_metro_only;w_bus_metro;d_metro_only;d_bus_metro,東京都交通局,-1,1.1.113:1;2;3;4;5;6;7;8;9;10;11;12;13;14
1000661,1500026,1000013,metro,1,1.1,2,deboarding_links,14.3255215458694,1,999999,2.0,0,0.0,999999,0.15,4,0,"LINESTRING (139.775714 35.681695999999995, 139.775814 35.681796)",w_metro_only;w_bus_metro;d_metro_only;d_bus_metro,東京都交通局,-1,1.1.113:1;2;3;4;5;6;7;8;9;10;11;12;13;14
1000662,1000013,1500027,metro,1,1.1,2,boarding_links,14.3255215458694,1,999999,2.0,0,2.3076923076923075,999999,0.15,4,0,"LINESTRING (139.775814 35.681796, 139.775714 35.681695999999995)",w_metro_only;w_bus_metro;d_metro_only;d_bus_metro,東京都交通局,-1,1.1.113:1;2;3;4;5;6;7;8;9;10;11;12;13;14;15;16;17;18;19;20
1000663,1500027,1000013,metro,1,1.1,2,deboarding_links,14.3255215458694,1,999999,2.0,0,0.0,999999,0.15,4,0,"LINESTRING (139.775714 35.681695999999995, 139.775814 35.681796)",w_metro_only;w_bus_metro;d_metro_only;d_bus_metro,東京都交通局,-1,1.1.113:1;2;3;4;5;6;7;8;9;10;11;12;13;14;15;16;17;18;19;20
1000664,1000014,1500028,metro,1,1.1,2,boarding_links,14.325196871233292,1,999999,2.0,0,1.5789473684210527,999999,0.15,4,0,"LINESTRING (139.782276 35.686345, 139.782176 35.686245)",w_metro_only;w_bus_metro;d_metro_only;d_bus_metro,東京都交通局,-1,1.1.114:1;2;3;4;5;6;7;8;9;10;11;12;13;14
1000665,1500028,1000014,metro,1,1.1,2,deboarding_links,14.325196871233292,1,999999,2.0,0,0.0,999999,0.15,4,0,"LINESTRING (139.782176 35.686245, 139.782276 35.686345)",w_metro_only;w_bus_metro;d_metro_only;d_bus_metro,東京都交通局,-1,1.1.114:1;2;3;4;5;6;7;8;9;10;11;12;13;14
1000666,1000014,1500029,metro,1,1.1,2,boarding_links,14.325196871233292,1,999999,2.0,0,2.3076923076923075,999999,0.15,4,0,"LINESTRING (139.782276 35.686345, 139.782176 35.686245)",w_metro_only;w_bus_metro;d_metro_only;d_bus_metro,東京都交通局,-1,1.1.114:1;2;3;4;5;6;7;8;9;10;11;12;13;14;15;16;17;18;19;20
1000667,1500029,1000014,metro,1,1.1,2,deboarding_links,14.325196871233292,1,999999,2.0,0,0.0,999999,0.15,4,0,"LINESTRING (139.782176 35.686245, 139.782276 35.686345)",w_metro_only;w_bus_metro;d_metro_only;d_bus_metro,東京都交通局,-1,1.1.114:1;2;3;4;5;6;7;8;9;10;11;12;13;14;15;16;17;18;19;20
1000668,1000015,1500030,metro,1,1.1,2,boarding_links,14.324784443823964,1,999999,2.0,0,1.5789473684210527,999999,0.15,4,0,"LINESTRING (139.784886 35.692123, 139.784786 35.692023)",w_metro_only;w_bus_metro;d_metro_only;d_bus_metro,東京都交通局,-1,1.1.115:1;2;3;4;5;6;7;8;9;10;11;12;13;14
1000669,1500030,1000015,metro,1,1.1,2,deboarding_links,14.324784443823964,1,999999,2.0,0,0.0,999999,0.15,4,0,"LINESTRING (139.784786 35.692023, 139.784886 35.692123)",w_metro_only;w_bus_metro;d_metro_only;d_bus_metro,東京都交通局,-1,1.1.115:1;2;3;4;5;6;7;8;9;10;11;12;13;14
1000670,1000015,1500031,metro,1,1.1,2,boarding_links,14.324784443823964,1,999999,2.0,0,2.3076923076923075,999999,0.15,4,0,"LINESTRING (139.784886 35.692123, 139.784786 35.692023)",w_metro_only;w_bus_metro;d_metro_only;d_bus_metro,東京都交通局,-1,1.1.115:1;2;3;4;5;6;7;8;9;10;11;12;13;14;15;16;17;18;19;20
1000671,1500031,1000015,metro,1,1.1,2,deboarding_links,14.324784443823964,1,999999,2.0,0,0.0,999999,0.15,4,0,"LINESTRING (139.784786 35.692023, 139.784886 35.692123)",w_metro_only;w_bus_metro;d_metro_only;d_bus_metro,東京都交通局,-1,1.1.115:1;2;3;4;5;6;7;8;9;10;11;12;13;14;15;16;17;18;19;20
1000672,1000016,1500032,metro,1,1.1,2,boarding_links,14.324401031855494,1,999999,2.0,0,1.5789473684210527,999999,0.15,4,0,"LINESTRING (139.786335 35.697494, 139.786235 35.697393999999996)",w_metro_only;w_bus_metro;d_metro_only;d_bus_metro,東京都交通局,-1,1.1.116:1;2;3;4;5;6;7;8;9;10;11;12;13;14
1000673,1500032,1000016,metro,1,1.1,2,deboarding_links,14.324401031855494,1,999999,2.0,0,0.0,999999,0.15,4,0,"LINESTRING (139.786235 35.697393999999996, 139.786335 35.697494)",w_metro_only;w_bus_metro;d_metro_only;d_bus_metro,東京都交通局,-1,1.1.116:1;2;3;4;5;6;7;8;9;10;11;12;13;14
1000674,1000016,1500033,metro,1,1.1,2,boarding_links,14.324401031855494,1,999999,2.0,0,2.3076923076923075,999999,0.15,4,0,"LINESTRING (139.786335 35.697494, 139.786235 35.697393999999996)",w_metro_only;w_bus_metro;d_metro_only;d_bus_metro,東京都交通局,-1,1.1.116:1;2;3;4;5;6;7;8;9;10;11;12;13;14;15;16;17;18;19;20
1000675,1500033,1000016,metro,1,1.1,2,deboarding_links,14.324401031855494,1,999999,2.0,0,0.0,999999,0.15,4,0,"LINESTRING (139.786235 35.697393999999996, 139.786335 35.697494)",w_metro_only;w_bus_metro;d_metro_only;d_bus_metro,東京都交通局,-1,1.1.116:1;2;3;4;5;6;7;8;9;10;11;12;13;14;15;16;17;18;19;20
1000676,1000017,1500034,metro,1,1.1,2,boarding_links,14.323998808443044,1,999999,2.0,0,1.5789473684210527,999999,0.15,4,0,"LINESTRING (139.790858 35.703128, 139.79075799999998 35.703027999999996)",w_metro_only;w_bus_metro;d_metro_only;d_bus_metro,東京都交通局,-1,1.1.117:1;2;3;4;5;6;7;8;9;10;11;12;13;14
1000677,1500034,1000017,metro,1,1.1,2,deboarding_links,14.323998808443044,1,999999,2.0,0,0.0,999999,0.15,4,0,"LINESTRING (139.79075799999998 35.703027999999996, 139.790858 35.703128)",w_metro_only;w_bus_metro;d_metro_only;d_bus_metro,東京都交通局,-1,1.1.117:1;2;3;4;5;6;7;8;9;10;11;12;13;14
1000678,1000017,1500035,metro,1,1.1,2,boarding_links,14.323998808443044,1,999999,2.0,0,2.3076923076923075,999999,0.15,4,0,"LINESTRING (139.790858 35.703128, 139.79075799999998 35.703027999999996)",w_metro_only;w_bus_metro;d_metro_only;d_bus_metro,東京都交通局,-1,1.1.117:1;2;3;4;5;6;7;8;9;10;11;12;13;14;15;16;17;18;19;20
1000679,1500035,1000017,metro,1,1.1,2,deboarding_links,14.323998808443044,1,999999,2.0,0,0.0,999999,0.15,4,0,"LINESTRING (139.79075799999998 35.703027999999996, 139.790858 35.703128)",w_metro_only;w_bus_metro;d_metro_only;d_bus_metro,東京都交通局,-1,1.1.117:1;2;3;4;5;6;7;8;9;10;11;12;13;14;15;16;17;18;19;20
1000680,1000018,1500036,metro,1,1.1,2,boarding_links,14.32358526555188,1,999999,2.0,0,1.5789473684210527,999999,0.15,4,0,"LINESTRING (139.796542 35.70892, 139.79644199999998 35.708819999999996)",w_metro_only;w_bus_metro;d_metro_only;d_bus_metro,東京都交通局,-1,1.1.118:1;2;3;4;5;6;7;8;9;10;11;12;13;14
1000681,1500036,1000018,metro,1,1.1,2,deboarding_links,14.32358526555188,1,999999,2.0,0,0.0,999999,0.15,4,0,"LINESTRING (139.79644199999998 35.708819999999996, 139.796542 35.70892)",w_metro_only;w_bus_metro;d_metro_only;d_bus_metro,東京都交通局,-1,1.1.118:1;2;3;4;5;6;7;8;9;10;11;12;13;14
1000682,1000018,1500037,metro,1,1.1,2,boarding_links,14.32358526555188,1,999999,2.0,0,2.3076923076923075,999999,0.15,4,0,"LINESTRING (139.796542 35.70892, 139.79644199999998 35.708819999999996)",w_metro_only;w_bus_metro;d_metro_only;d_bus_metro,東京都交通局,-1,1.1.118:1;2;3;4;5;6;7;8;9;10;11;12;13;14;15;16;17;18;19;20
1000683,1500037,1000018,metro,1,1.1,2,deboarding_links,14.32358526555188,1,999999,2.0,0,0.0,999999,0.15,4,0,"LINESTRING (139.79644199999998 35.708819999999996, 139.796542 35.70892)",w_metro_only;w_bus_metro;d_metro_only;d_bus_metro,東京都交通局,-1,1.1.118:1;2;3;4;5;6;7;8;9;10;11;12;13;14;15;16;17;18;19;20
1000684,1000019,1500038,metro,1,1.1,2,boarding_links,14.323610613342021,1,999999,2.0,0,1.5789473684210527,999999,0.15,4,0,"LINESTRING (139.804397 35.708565, 139.804297 35.708465)",w_metro_only;w_bus_metro;d_metro_only;d_bus_metro,東京都交通局,-1,1.1.119:1;2;3;4;5;6;7;8;9;10;11;12;13;14
1000685,1500038,1000019,metro,1,1.1,2,deboarding_links,14.323610613342021,1,999999,2.0,0,0.0,999999,0.15,4,0,"LINESTRING (139.804297 35.708465, 139.804397 35.708565)",w_metro_only;w_bus_metro;d_metro_only;d_bus_metro,東京都交通局,-1,1.1.119:1;2;3;4;5;6;7;8;9;10;11;12;13;14
1000686,1000019,1500039,metro,1,1.1,2,boarding_links,14.323610613342021,1,999999,2.0,0,2.3076923076923075,999999,0.15,4,0,"LINESTRING (139.804397 35.708565, 139.804297 35.708465)",w_metro_only;w_bus_metro;d_metro_only;d_bus_metro,東京都交通局,-1,1.1.119:1;2;3;4;5;6;7;8;9;10;11;12;13;14;15;16;17;18;19;20
1000687,1500039,1000019,metro,1,1.1,2,deboarding_links,14.323610613342021,1,999999,2.0,0,0.0,999999,0.15,4,0,"LINESTRING (139.804297 35.708465, 139.804397 35.708565)",w_metro_only;w_bus_metro;d_metro_only;d_bus_metro,東京都交通局,-1,1.1.119:1;2;3;4;5;6;7;8;9;10;11;12;13;14;15;16;17;18;19;20
1000688,1000020,1500040,metro,1,1.1,2,boarding_links,14.32344931314664,1,999999,2.0,0,1.5789473684210527,999999,0.15,4,0,"LINESTRING (139.812993 35.710824, 139.812893 35.710724)",w_metro_only;w_bus_metro;d_metro_only;d_bus_metro,東京都交通局,-1,1.1.120:1;2;3;4;5;6;7;8;9;10;11;12;13;14
1000689,1500040,1000020,metro,1,1.1,2,deboarding_links,14.32344931314664,1,999999,2.0,0,0.0,999999,0.15,4,0,"LINESTRING (139.812893 35.710724, 139.812993 35.710824)",w_metro_only;w_bus_metro;d_metro_only;d_bus_metro,東京都交通局,-1,1.1.120:1;2;3;4;5;6;7;8;9;10;11;12;13;14
1000690,1000020,1500041,metro,1,1.1,2,boarding_links,14.32344931314664,1,999999,2.0,0,2.3076923076923075,999999,0.15,4,0,"LINESTRING (139.812993 35.710824, 139.812893 35.710724)",w_metro_only;w_bus_metro;d_metro_only;d_bus_metro,東京都交通局,-1,1.1.120:1;2;3;4;5;6;7;8;9;10;11;12;13;14;15;16;17;18;19;20
1000691,1500041,1000020,metro,1,1.1,2,deboarding_links,14.32344931314664,1,999999,2.0,0,0.0,999999,0.15,4,0,"LINESTRING (139.812893 35.710724, 139.812993 35.710824)",w_metro_only;w_bus_metro;d_metro_only;d_bus_metro,東京都交通局,-1,1.1.120:1;2;3;4;5;6;7;8;9;10;11;12;13;14;15;16;17;18;19;20
1000692,1000001,1500042,metro,1,1.2,2,boarding_links,14.332278193937505,1,999999,2.0,0,3.0,999999,0.15,4,0,"LINESTRING (139.706086 35.58705, 139.705986 35.586949999999995)",w_metro_only;w_bus_metro;d_metro_only;d_bus_metro,東京都交通局,-1,1.2.101:1;2;3;4;5;6;7
1000693,1500042,1000001,metro,1,1.2,2,deboarding_links,14.332278193937505,1,999999,2.0,0,0.0,999999,0.15,4,0,"LINESTRING (139.705986 35.586949999999995, 139.706086 35.58705)",w_metro_only;w_bus_metro;d_metro_only;d_bus_metro,東京都交通局,-1,1.2.101:1;2;3;4;5;6;7
1000694,1000001,1500043,metro,1,1.2,2,boarding_links,14.332278193937505,1,999999,2.0,0,2.142857142857143,999999,0.15,4,0,"LINESTRING (139.706086 35.58705, 139.705986 35.586949999999995)",w_metro_only;w_bus_metro;d_metro_only;d_bus_metro,東京都交通局,-1,1.2.101:1;2;3;4;5;6;7;8;9;10;11;12;13;14;15;16;17;18;19;20
1000695,1500043,1000001,metro,1,1.2,2,deboarding_links,14.332278193937505,1,999999,2.0,0,0.0,999999,0.15,4,0,"LINESTRING (139.705986 35.586949999999995, 139.706086 35.58705)",w_metro_only;w_bus_metro;d_metro_only;d_bus_metro,東京都交通局,-1,1.2.101:1;2;3;4;5;6;7;8;9;10;11;12;13;14;15;16;17;18;19;20
1000696,1000002,1500044,metro,1,1.2,2,boarding_links,14.331585310869421,1,999999,2.0,0,3.0,999999,0.15,4,0,"LINESTRING (139.711884 35.596773, 139.711784 35.596672999999996)",w_metro_only;w_bus_metro;d_metro_only;d_bus_metro,東京都交通局,-1,1.2.102:1;2;3;4;5;6;7
1000697,1500044,1000002,metro,1,1.2,2,deboarding_links,14.331585310869421,1,999999,2.0,0,0.0,999999,0.15,4,0,"LINESTRING (139.711784 35.596672999999996, 139.711884 35.596773)",w_metro_only;w_bus_metro;d_metro_only;d_bus_metro,東京都交通局,-1,1.2.102:1;2;3;4;5;6;7
1000698,1000002,1500045,metro,1,1.2,2,boarding_links,14.331585310869421,1,999999,2.0,0,2.142857142857143,999999,0.15,4,0,"LINESTRING (139.711884 35.596773, 139.711784 35.596672999999996)",w_metro_only;w_bus_metro;d_metro_only;d_bus_metro,東京都交通局,-1,1.2.102:1;2;3;4;5;6;7;8;9;10;11;12;13;14;15;16;17;18;19;20
1000699,1500045,1000002,metro,1,1.2,2,deboarding_links,14.331585310869421,1,999999,2.0,0,0.0,999999,0.15,4,0,"LINESTRING (139.711784 35.596672999999996, 139.711884 35.596773)",w_metro_only;w_bus_metro;d_metro_only;d_bus_metro,東京都交通局,-1,1.2.102:1;2;3;4;5;6;7;8;9;10;11;12;13;14;15;16;17;18;19;20
1000700,1000003,1500046,metro,1,1.2,2,boarding_links,14.330979417217115,1,999999,2.0,0,3.0,999999,0.15,4,0,"LINESTRING (139.713645 35.605274, 139.713545 35.605174)",w_metro_only;w_bus_metro;d_metro_only;d_bus_metro,東京都交通局,-1,1.2.103:1;2;3;4;5;6;7
1000701,1500046,1000003,metro,1,1.2,2,deboarding_links,14.330979417217115,1,999999,2.0,0,0.0,999999,0.15,4,0,"LINESTRING (139.713545 35.605174, 139.713645 35.605274)",w_metro_only;w_bus_metro;d_metro_only;d_bus_metro,東京都交通局,-1,1.2.103:1;2;3;4;5;6;7
1000702,1000003,1500047,metro,1,1.2,2,boarding_links,14.330979417217115,1,999999,2.0,0,2.142857142857143,999999,0.15,4,0,"LINESTRING (139.713645 35.605274, 139.713545 35.605174)",w_metro_only;w_bus_metro;d_metro_only;d_bus_metro,東京都交通局,-1,1.2.103:1;2;3;4;5;6;7;8;9;10;11;12;13;14;15;16;17;18;19;20
1000703,1500047,1000003,metro,1,1.2,2,deboarding_links,14.330979417217115,1,999999,2.0,0,0.0,999999,0.15,4,0,"LINESTRING (139.713545 35.605174, 139.713645 35.605274)",w_metro_only;w_bus_metro;d_metro_only;d_bus_metro,東京都交通局,-1,1.2.103:1;2;3;4;5;6;7;8;9;10;11;12;13;14;15;16;17;18;19;20
1000704,1000004,1500048,metro,1,1.2,2,boarding_links,14.330327384126715,1,999999,2.0,0,3.0,999999,0.15,4,0,"LINESTRING (139.716315 35.614421, 139.716215 35.614321)",w_metro_only;w_bus_metro;d_metro_only;d_bus_metro,東京都交通局,-1,1.2.104:1;2;3;4;5;6;7
1000705,1500048,1000004,metro,1,1.2,2,deboarding_links,14.330327384126715,1,999999,2.0,0,0.0,999999,0.15,4,0,"LINESTRING (139.716215 35.614321, 139.716315 35.614421)",w_metro_only;w_bus_metro;d_metro_only;d_bus_metro,東京都交通局,-1,1.2.104:1;2;3;4;5;6;7
1000706,1000004,1500049,metro,1,1.2,2,boarding_links,14.330327384126715,1,999999,2.0,0,2.142857142857143,999999,0.15,4,0,"LINESTRING (139.716315 35.614421, 139.716215 35.614321)",w_metro_only;w_bus_metro;d_metro_only;d_bus_metro,東京都交通局,-1,1.2.104:1;2;3;4;5;6;7;8;9;10;11;12;13;14;15;16;17;18;19;20
1000707,1500049,1000004,metro,1,1.2,2,deboarding_links,14.330327384126715,1,999999,2.0,0,0.0,999999,0.15,4,0,"LINESTRING (139.716215 35.614321, 139.716315 35.614421)",w_metro_only;w_bus_metro;d_metro_only;d_bus_metro,東京都交通局,-1,1.2.104:1;2;3;4;5;6;7;8;9;10;11;12;13;14;15;16;17;18;19;20
1000708,1000005,1500050,metro,1,1.2,2,boarding_links,14.329439240080701,1,999999,2.0,0,3.0,999999,0.15,4,0,"LINESTRING (139.723965 35.626878, 139.723865 35.626777999999995)",w_metro_only;w_bus_metro;d_metro_only;d_bus_metro,東京都交通局,-1,1.2.105:1;2;3;4;5;6;7
1000709,1500050,1000005,metro,1,1.2,2,deboarding_links,14.329439240080701,1,999999,2.0,0,0.0,999999,0.15,4,0,"LINESTRING (139.723865 35.626777999999995, 139.723965 35.626878)",w_metro_only;w_bus_metro;d_metro_only;d_bus_metro,東京都交通局,-1,1.2.105:1;2;3;4;5;6;7
1000710,1000005,1500051,metro,1,1.2,2,boarding_links,14.329439240080701,1,999999,2.0,0,2.142857142857143,999999,0.15,4,0,"LINESTRING (139.723965 35.626878, 139.723865 35.626777999999995)",w_metro_only;w_bus_metro;d_metro_only;d_bus_metro,東京都交通局,-1,1.2.105:1;2;3;4;5;6;7;8;9;10;11;12;13;14;15;16;17;18;19;20
1000711,1500051,1000005,metro,1,1.2,2,deboarding_links,14.329439240080701,1,999999,2.0,0,0.0,999999,0.15,4,0,"LINESTRING (139.723865 35.626777999999995, 139.723965 35.626878)",w_metro_only;w_bus_metro;d_metro_only;d_bus_metro,東京都交通局,-1,1.2.105:1;2;3;4;5;6;7;8;9;10;11;12;13;14;15;16;17;18;19;20
1000712,1000006,1500052,metro,1,1.2,2,boarding_links,14.329091760192052,1,999999,2.0,0,3.0,999999,0.15,4,0,"LINESTRING (139.730384 35.631751, 139.73028399999998 35.631651)",w_metro_only;w_bus_metro;d_metro_only;d_bus_metro,東京都交通局,-1,1.2.106:1;2;3;4;5;6;7
1000713,1500052,1000006,metro,1,1.2,2,deboarding_links,14.329091760192052,1,999999,2.0,0,0.0,999999,0.15,4,0,"LINESTRING (139.73028399999998 35.631651, 139.730384 35.631751)",w_metro_only;w_bus_metro;d_metro_only;d_bus_metro,東京都交通局,-1,1.2.106:1;2;3;4;5;6;7
1000714,1000006,1500053,metro,1,1.2,2,boarding_links,14.329091760192052,1,999999,2.0,0,2.142857142857143,999999,0.15,4,0,"LINESTRING (139.730384 35.631751, 139.73028399999998 35.631651)",w_metro_only;w_bus_metro;d_metro_only;d_bus_metro,東京都交通局,-1,1.2.106:1;2;3;4;5;6;7;8;9;10;11;12;13;14;15;16;17;18;19;20
1000715,1500053,1000006,metro,1,1.2,2,deboarding_links,14.329091760192052,1,999999,2.0,0,0.0,999999,0.15,4,0,"LINESTRING (139.73028399999998 35.631651, 139.730384 35.631751)",w_metro_only;w_bus_metro;d_metro_only;d_bus_metro,東京都交通局,-1,1.2.106:1;2;3;4;5;6;7;8;9;10;11;12;13;14;15;16;17;18;19;20
1000716,1000007,1500054,metro,1,1.2,2,boarding_links,14.328595127565073,1,999999,2.0,0,3.0,999999,0.15,4,0,"LINESTRING (139.739993 35.638715, 139.739893 35.638614999999994)",w_metro_only;w_bus_metro;d_metro_only;d_bus_metro,東京都交通局,-1,1.2.107:1;2;3;4;5;6;7
1000717,1500054,1000007,metro,1,1.2,2,deboarding_links,14.328595127565073,1,999999,2.0,0,0.0,999999,0.15,4,0,"LINESTRING (139.739893 35.638614999999994, 139.739993 35.638715)",w_metro_only;w_bus_metro;d_metro_only;d_bus_metro,東京都交通局,-1,1.2.107:1;2;3;4;5;6;7
1000718,1000007,1500055,metro,1,1.2,2,boarding_links,14.328595127565073,1,999999,2.0,0,1.5,999999,0.15,4,0,"LINESTRING (139.739993 35.638715, 139.739893 35.638614999999994)",w_metro_only;w_bus_metro;d_metro_only;d_bus_metro,東京都交通局,-1,1.2.107:1;2;3;4;5;6;7;8;9;10;11;12;13;14
1000719,1500055,1000007,metro,1,1.2,2,deboarding_links,14.328595127565073,1,999999,2.0,0,0.0,999999,0.15,4,0,"LINESTRING (139.739893 35.638614999999994, 139.739993 35.638715)",w_metro_only;w_bus_metro;d_metro_only;d_bus_metro,東京都交通局,-1,1.2.107:1;2;3;4;5;6;7;8;9;10;11;12;13;14
1000720,1000007,1500056,metro,1,1.2,2,boarding_links,14.328595127565073,1,999999,2.0,0,2.142857142857143,999999,0.15,4,0,"LINESTRING (139.739993 35.638715, 139.739893 35.638614999999994)",w_metro_only;w_bus_metro;d_metro_only;d_bus_metro,東京都交通局,-1,1.2.107:1;2;3;4;5;6;7;8;9;10;11;12;13;14;15;16;17;18;19;20
1000721,1500056,1000007,metro,1,1.2,2,deboarding_links,14.328595127565073,1,999999,2.0,0,0.0,999999,0.15,4,0,"LINESTRING (139.739893 35.638614999999994, 139.739993 35.638715)",w_metro_only;w_bus_metro;d_metro_only;d_bus_metro,東京都交通局,-1,1.2.107:1;2;3;4;5;6;7;8;9;10;11;12;13;14;15;16;17;18;19;20
1000722,1000008,1500057,metro,1,1.2,2,boarding_links,14.328022116443721,1,999999,2.0,0,1.5,999999,0.15,4,0,"LINESTRING (139.746877 35.646749, 139.746777 35.646649)",w_metro_only;w_bus_metro;d_metro_only;d_bus_metro,東京都交通局,-1,1.2.108:1;2;3;4;5;6;7;8;9;10;11;12;13;14
1000723,1500057,1000008,metro,1,1.2,2,deboarding_links,14.328022116443721,1,999999,2.0,0,0.0,999999,0.15,4,0,"LINESTRING (139.746777 35.646649, 139.746877 35.646749)",w_metro_only;w_bus_metro;d_metro_only;d_bus_metro,東京都交通局,-1,1.2.108:1;2;3;4;5;6;7;8;9;10;11;12;13;14
1000724,1000008,1500058,metro,1,1.2,2,boarding_links,14.328022116443721,1,999999,2.0,0,2.142857142857143,999999,0.15,4,0,"LINESTRING (139.746877 35.646749, 139.746777 35.646649)",w_metro_only;w_bus_metro;d_metro_only;d_bus_metro,東京都交通局,-1,1.2.108:1;2;3;4;5;6;7;8;9;10;11;12;13;14;15;16;17;18;19;20
1000725,1500058,1000008,metro,1,1.2,2,deboarding_links,14.328022116443721,1,999999,2.0,0,0.0,999999,0.15,4,0,"LINESTRING (139.746777 35.646649, 139.746877 35.646749)",w_metro_only;w_bus_metro;d_metro_only;d_bus_metro,東京都交通局,-1,1.2.108:1;2;3;4;5;6;7;8;9;10;11;12;13;14;15;16;17;18;19;20
1000726,1000009,1500059,metro,1,1.2,2,boarding_links,14.327300143590646,1,999999,2.0,0,1.5,999999,0.15,4,0,"LINESTRING (139.754679 35.65687, 139.754579 35.656769999999995)",w_metro_only;w_bus_metro;d_metro_only;d_bus_metro,東京都交通局,-1,1.2.109:1;2;3;4;5;6;7;8;9;10;11;12;13;14
1000727,1500059,1000009,metro,1,1.2,2,deboarding_links,14.327300143590646,1,999999,2.0,0,0.0,999999,0.15,4,0,"LINESTRING (139.754579 35.656769999999995, 139.754679 35.65687)",w_metro_only;w_bus_metro;d_metro_only;d_bus_metro,東京都交通局,-1,1.2.109:1;2;3;4;5;6;7;8;9;10;11;12;13;14
1000728,1000009,1500060,metro,1,1.2,2,boarding_links,14.327300143590646,1,999999,2.0,0,2.142857142857143,999999,0.15,4,0,"LINESTRING (139.754679 35.65687, 139.754579 35.656769999999995)",w_metro_only;w_bus_metro;d_metro_only;d_bus_metro,東京都交通局,-1,1.2.109:1;2;3;4;5;6;7;8;9;10;11;12;13;14;15;16;17;18;19;20
1000729,1500060,1000009,metro,1,1.2,2,deboarding_links,14.327300143590646,1,999999,2.0,0,0.0,999999,0.15,4,0,"LINESTRING (139.754579 35.656769999999995, 139.754679 35.65687)",w_metro_only;w_bus_metro;d_metro_only;d_bus_metro,東京都交通局,-1,1.2.109:1;2;3;4;5;6;7;8;9;10;11;12;13;14;15;16;17;18;19;20
1000730,1000010,1500061,metro,1,1.2,2,boarding_links,14.326692567006349,1,999999,2.0,0,1.5,999999,0.15,4,0,"LINESTRING (139.759338 35.665386, 139.759238 35.665285999999995)",w_metro_only;w_bus_metro;d_metro_only;d_bus_metro,東京都交通局,-1,1.2.110:1;2;3;4;5;6;7;8;9;10;11;12;13;14
1000731,1500061,1000010,metro,1,1.2,2,deboarding_links,14.326692567006349,1,999999,2.0,0,0.0,999999,0.15,4,0,"LINESTRING (139.759238 35.665285999999995, 139.759338 35.665386)",w_metro_only;w_bus_metro;d_metro_only;d_bus_metro,東京都交通局,-1,1.2.110:1;2;3;4;5;6;7;8;9;10;11;12;13;14
1000732,1000010,1500062,metro,1,1.2,2,boarding_links,14.326692567006349,1,999999,2.0,0,2.142857142857143,999999,0.15,4,0,"LINESTRING (139.759338 35.665386, 139.759238 35.665285999999995)",w_metro_only;w_bus_metro;d_metro_only;d_bus_metro,東京都交通局,-1,1.2.110:1;2;3;4;5;6;7;8;9;10;11;12;13;14;15;16;17;18;19;20
1000733,1500062,1000010,metro,1,1.2,2,deboarding_links,14.326692567006349,1,999999,2.0,0,0.0,999999,0.15,4,0,"LINESTRING (139.759238 35.665285999999995, 139.759338 35.665386)",w_metro_only;w_bus_metro;d_metro_only;d_bus_metro,東京都交通局,-1,1.2.110:1;2;3;4;5;6;7;8;9;10;11;12;13;14;15;16;17;18;19;20
1000734,1000011,1500063,metro,1,1.2,2,boarding_links,14.326369408778637,1,999999,2.0,0,1.5,999999,0.15,4,0,"LINESTRING (139.76735 35.669915, 139.76725 35.669815)",w_metro_only;w_bus_metro;d_metro_only;d_bus_metro,東京都交通局,-1,1.2.111:1;2;3;4;5;6;7;8;9;10;11;12;13;14
1000735,1500063,1000011,metro,1,1.2,2,deboarding_links,14.326369408778637,1,999999,2.0,0,0.0,999999,0.15,4,0,"LINESTRING (139.76725 35.669815, 139.76735 35.669915)",w_metro_only;w_bus_metro;d_metro_only;d_bus_metro,東京都交通局,-1,1.2.111:1;2;3;4;5;6;7;8;9;10;11;12;13;14
1000736,1000011,1500064,metro,1,1.2,2,boarding_links,14.326369408778637,1,999999,2.0,0,2.142857142857143,999999,0.15,4,0,"LINESTRING (139.76735 35.669915, 139.76725 35.669815)",w_metro_only;w_bus_metro;d_metro_only;d_bus_metro,東京都交通局,-1,1.2.111:1;2;3;4;5;6;7;8;9;10;11;12;13;14;15;16;17;18;19;20
1000737,1500064,1000011,metro,1,1.2,2,deboarding_links,14.326369408778637,1,999999,2.0,0,0.0,999999,0.15,4,0,"LINESTRING (139.76725 35.669815, 139.76735 35.669915)",w_metro_only;w_bus_metro;d_metro_only;d_bus_metro,東京都交通局,-1,1.2.111:1;2;3;4;5;6;7;8;9;10;11;12;13;14;15;16;17;18;19;20
1000738,1000012,1500065,metro,1,1.2,2,boarding_links,14.325963303442492,1,999999,2.0,0,1.5,999999,0.15,4,0,"LINESTRING (139.771966 35.675606, 139.771866 35.675506)",w_metro_only;w_bus_metro;d_metro_only;d_bus_metro,東京都交通局,-1,1.2.112:1;2;3;4;5;6;7;8;9;10;11;12;13;14
1000739,1500065,1000012,metro,1,1.2,2,deboarding_links,14.325963303442492,1,999999,2.0,0,0.0,999999,0.15,4,0,"LINESTRING (139.771866 35.675506, 139.771966 35.675606)",w_metro_only;w_bus_metro;d_metro_only;d_bus_metro,東京都交通局,-1,1.2.112:1;2;3;4;5;6;7;8;9;10;11;12;13;14
1000740,1000012,1500066,metro,1,1.2,2,boarding_links,14.325963303442492,1,999999,2.0,0,2.142857142857143,999999,0.15,4,0,"LINESTRING (139.771966 35.675606, 139.771866 35.675506)",w_metro_only;w_bus_metro;d_metro_only;d_bus_metro,東京都交通局,-1,1.2.112:1;2;3;4;5;6;7;8;9;10;11;12;13;14;15;16;17;18;19;20
1000741,1500066,1000012,metro,1,1.2,2,deboarding_links,14.325963303442492,1,999999,2.0,0,0.0,999999,0.15,4,0,"LINESTRING (139.771866 35.675506, 139.771966 35.675606)",w_metro_only;w_bus_metro;d_metro_only;d_bus_metro,東京都交通局,-1,1.2.112:1;2;3;4;5;6;7;8;9;10;11;12;13;14;15;16;17;18;19;20
1000742,1000013,1500067,metro,1,1.2,2,boarding_links,14.3255215458694,1,999999,2.0,0,1.5,999999,0.15,4,0,"LINESTRING (139.775814 35.681796, 139.775714 35.681695999999995)",w_metro_only;w_bus_metro;d_metro_only;d_bus_metro,東京都交通局,-1,1.2.113:1;2;3;4;5;6;7;8;9;10;11;12;13;14
1000743,1500067,1000013,metro,1,1.2,2,deboarding_links,14.3255215458694,1,999999,2.0,0,0.0,999999,0.15,4,0,"LINESTRING (139.775714 35.681695999999995, 139.775814 35.681796)",w_metro_only;w_bus_metro;d_metro_only;d_bus_metro,東京都交通局,-1,1.2.113:1;2;3;4;5;6;7;8;9;10;11;12;13;14
1000744,1000013,1500068,metro,1,1.2,2,boarding_links,14.3255215458694,1,999999,2.0,0,2.142857142857143,999999,0.15,4,0,"LINESTRING (139.775814 35.681796, 139.775714 35.681695999999995)",w_metro_only;w_bus_metro;d_metro_only;d_bus_metro,東京都交通局,-1,1.2.113:1;2;3;4;5;6;7;8;9;10;11;12;13;14;15;16;17;18;19;20
1000745,1500068,1000013,metro,1,1.2,2,deboarding_links,14.3255215458694,1,999999,2.0,0,0.0,999999,0.15,4,0,"LINESTRING (139.775714 35.681695999999995, 139.775814 35.681796)",w_metro_only;w_bus_metro;d_metro_only;d_bus_metro,東京都交通局,-1,1.2.113:1;2;3;4;5;6;7;8;9;10;11;12;13;14;15;16;17;18;19;20
1000746,1000014,1500069,metro,1,1.2,2,boarding_links,14.325196871233292,1,999999,2.0,0,1.5,999999,0.15,4,0,"LINESTRING (139.782276 35.686345, 139.782176 35.686245)",w_metro_only;w_bus_metro;d_metro_only;d_bus_metro,東京都交通局,-1,1.2.114:1;2;3;4;5;6;7;8;9;10;11;12;13;14
1000747,1500069,1000014,metro,1,1.2,2,deboarding_links,14.325196871233292,1,999999,2.0,0,0.0,999999,0.15,4,0,"LINESTRING (139.782176 35.686245, 139.782276 35.686345)",w_metro_only;w_bus_metro;d_metro_only;d_bus_metro,東京都交通局,-1,1.2.114:1;2;3;4;5;6;7;8;9;10;11;12;13;14
1000748,1000014,1500070,metro,1,1.2,2,boarding_links,14.325196871233292,1,999999,2.0,0,2.142857142857143,999999,0.15,4,0,"LINESTRING (139.782276 35.686345, 139.782176 35.686245)",w_metro_only;w_bus_metro;d_metro_only;d_bus_metro,東京都交通局,-1,1.2.114:1;2;3;4;5;6;7;8;9;10;11;12;13;14;15;16;17;18;19;20
1000749,1500070,1000014,metro,1,1.2,2,deboarding_links,14.325196871233292,1,999999,2.0,0,0.0,999999,0.15,4,0,"LINESTRING (139.782176 35.686245, 139.782276 35.686345)",w_metro_only;w_bus_metro;d_metro_only;d_bus_metro,東京都交通局,-1,1.2.114:1;2;3;4;5;6;7;8;9;10;11;12;13;14;15;16;17;18;19;20
1000750,1000015,1500071,metro,1,1.2,2,boarding_links,14.324784443823964,1,999999,2.0,0,1.5,999999,0.15,4,0,"LINESTRING (139.784886 35.692123, 139.784786 35.692023)",w_metro_only;w_bus_metro;d_metro_only;d_bus_metro,東京都交通局,-1,1.2.115:1;2;3;4;5;6;7;8;9;10;11;12;13;14
1000751,1500071,1000015,metro,1,1.2,2,deboarding_links,14.324784443823964,1,999999,2.0,0,0.0,999999,0.15,4,0,"LINESTRING (139.784786 35.692023, 139.784886 35.692123)",w_metro_only;w_bus_metro;d_metro_only;d_bus_metro,東京都交通局,-1,1.2.115:1;2;3;4;5;6;7;8;9;10;11;12;13;14
1000752,1000015,1500072,metro,1,1.2,2,boarding_links,14.324784443823964,1,999999,2.0,0,2.142857142857143,999999,0.15,4,0,"LINESTRING (139.784886 35.692123, 139.784786 35.692023)",w_metro_only;w_bus_metro;d_metro_only;d_bus_metro,東京都交通局,-1,1.2.115:1;2;3;4;5;6;7;8;9;10;11;12;13;14;15;16;17;18;19;20
1000753,1500072,1000015,metro,1,1.2,2,deboarding_links,14.324784443823964,1,999999,2.0,0,0.0,999999,0.15,4,0,"LINESTRING (139.784786 35.692023, 139.784886 35.692123)",w_metro_only;w_bus_metro;d_metro_only;d_bus_metro,東京都交通局,-1,1.2.115:1;2;3;4;5;6;7;8;9;10;11;12;13;14;15;16;17;18;19;20
1000754,1000016,1500073,metro,1,1.2,2,boarding_links,14.324401031855494,1,999999,2.0,0,1.5,999999,0.15,4,0,"LINESTRING (139.786335 35.697494, 139.786235 35.697393999999996)",w_metro_only;w_bus_metro;d_metro_only;d_bus_metro,東京都交通局,-1,1.2.116:1;2;3;4;5;6;7;8;9;10;11;12;13;14
1000755,1500073,1000016,metro,1,1.2,2,deboarding_links,14.324401031855494,1,999999,2.0,0,0.0,999999,0.15,4,0,"LINESTRING (139.786235 35.697393999999996, 139.786335 35.697494)",w_metro_only;w_bus_metro;d_metro_only;d_bus_metro,東京都交通局,-1,1.2.116:1;2;3;4;5;6;7;8;9;10;11;12;13;14
1000756,1000016,1500074,metro,1,1.2,2,boarding_links,14.324401031855494,1,999999,2.0,0,2.142857142857143,999999,0.15,4,0,"LINESTRING (139.786335 35.697494, 139.786235 35.697393999999996)",w_metro_only;w_bus_metro;d_metro_only;d_bus_metro,東京都交通局,-1,1.2.116:1;2;3;4;5;6;7;8;9;10;11;12;13;14;15;16;17;18;19;20
1000757,1500074,1000016,metro,1,1.2,2,deboarding_links,14.324401031855494,1,999999,2.0,0,0.0,999999,0.15,4,0,"LINESTRING (139.786235 35.697393999999996, 139.786335 35.697494)",w_metro_only;w_bus_metro;d_metro_only;d_bus_metro,東京都交通局,-1,1.2.116:1;2;3;4;5;6;7;8;9;10;11;12;13;14;15;16;17;18;19;20
1000758,1000017,1500075,metro,1,1.2,2,boarding_links,14.323998808443044,1,999999,2.0,0,1.5,999999,0.15,4,0,"LINESTRING (139.790858 35.703128, 139.79075799999998 35.703027999999996)",w_metro_only;w_bus_metro;d_metro_only;d_bus_metro,東京都交通局,-1,1.2.117:1;2;3;4;5;6;7;8;9;10;11;12;13;14
1000759,1500075,1000017,metro,1,1.2,2,deboarding_links,14.323998808443044,1,999999,2.0,0,0.0,999999,0.15,4,0,"LINESTRING (139.79075799999998 35.703027999999996, 139.790858 35.703128)",w_metro_only;w_bus_metro;d_metro_only;d_bus_metro,東京都交通局,-1,1.2.117:1;2;3;4;5;6;7;8;9;10;11;12;13;14
1000760,1000017,1500076,metro,1,1.2,2,boarding_links,14.323998808443044,1,999999,2.0,0,2.142857142857143,999999,0.15,4,0,"LINESTRING (139.790858 35.703128, 139.79075799999998 35.703027999999996)",w_metro_only;w_bus_metro;d_metro_only;d_bus_metro,東京都交通局,-1,1.2.117:1;2;3;4;5;6;7;8;9;10;11;12;13;14;15;16;17;18;19;20
1000761,1500076,1000017,metro,1,1.2,2,deboarding_links,14.323998808443044,1,999999,2.0,0,0.0,999999,0.15,4,0,"LINESTRING (139.79075799999998 35.703027999999996, 139.790858 35.703128)",w_metro_only;w_bus_metro;d_metro_only;d_bus_metro,東京都交通局,-1,1.2.117:1;2;3;4;5;6;7;8;9;10;11;12;13;14;15;16;17;18;19;20
1000762,1000018,1500077,metro,1,1.2,2,boarding_links,14.32358526555188,1,999999,2.0,0,1.5,999999,0.15,4,0,"LINESTRING (139.796542 35.70892, 139.79644199999998 35.708819999999996)",w_metro_only;w_bus_metro;d_metro_only;d_bus_metro,東京都交通局,-1,1.2.118:1;2;3;4;5;6;7;8;9;10;11;12;13;14
1000763,1500077,1000018,metro,1,1.2,2,deboarding_links,14.32358526555188,1,999999,2.0,0,0.0,999999,0.15,4,0,"LINESTRING (139.79644199999998 35.708819999999996, 139.796542 35.70892)",w_metro_only;w_bus_metro;d_metro_only;d_bus_metro,東京都交通局,-1,1.2.118:1;2;3;4;5;6;7;8;9;10;11;12;13;14
1000764,1000018,1500078,metro,1,1.2,2,boarding_links,14.32358526555188,1,999999,2.0,0,2.142857142857143,999999,0.15,4,0,"LINESTRING (139.796542 35.70892, 139.79644199999998 35.708819999999996)",w_metro_only;w_bus_metro;d_metro_only;d_bus_metro,東京都交通局,-1,1.2.118:1;2;3;4;5;6;7;8;9;10;11;12;13;14;15;16;17;18;19;20
1000765,1500078,1000018,metro,1,1.2,2,deboarding_links,14.32358526555188,1,999999,2.0,0,0.0,999999,0.15,4,0,"LINESTRING (139.79644199999998 35.708819999999996, 139.796542 35.70892)",w_metro_only;w_bus_metro;d_metro_only;d_bus_metro,東京都交通局,-1,1.2.118:1;2;3;4;5;6;7;8;9;10;11;12;13;14;15;16;17;18;19;20
1000766,1000019,1500079,metro,1,1.2,2,boarding_links,14.323610613342021,1,999999,2.0,0,1.5,999999,0.15,4,0,"LINESTRING (139.804397 35.708565, 139.804297 35.708465)",w_metro_only;w_bus_metro;d_metro_only;d_bus_metro,東京都交通局,-1,1.2.119:1;2;3;4;5;6;7;8;9;10;11;12;13;14
1000767,1500079,1000019,metro,1,1.2,2,deboarding_links,14.323610613342021,1,999999,2.0,0,0.0,999999,0.15,4,0,"LINESTRING (139.804297 35.708465, 139.804397 35.708565)",w_metro_only;w_bus_metro;d_metro_only;d_bus_metro,東京都交通局,-1,1.2.119:1;2;3;4;5;6;7;8;9;10;11;12;13;14
1000768,1000019,1500080,metro,1,1.2,2,boarding_links,14.323610613342021,1,999999,2.0,0,2.142857142857143,999999,0.15,4,0,"LINESTRING (139.804397 35.708565, 139.804297 35.708465)",w_metro_only;w_bus_metro;d_metro_only;d_bus_metro,東京都交通局,-1,1.2.119:1;2;3;4;5;6;7;8;9;10;11;12;13;14;15;16;17;18;19;20
1000769,1500080,1000019,metro,1,1.2,2,deboarding_links,14.323610613342021,1,999999,2.0,0,0.0,999999,0.15,4,0,"LINESTRING (139.804297 35.708465, 139.804397 35.708565)",w_metro_only;w_bus_metro;d_metro_only;d_bus_metro,東京都交通局,-1,1.2.119:1;2;3;4;5;6;7;8;9;10;11;12;13;14;15;16;17;18;19;20
1000770,1000020,1500081,metro,1,1.2,2,boarding_links,14.32344931314664,1,999999,2.0,0,1.5,999999,0.15,4,0,"LINESTRING (139.812993 35.710824, 139.812893 35.710724)",w_metro_only;w_bus_metro;d_metro_only;d_bus_metro,東京都交通局,-1,1.2.120:1;2;3;4;5;6;7;8;9;10;11;12;13;14
1000771,1500081,1000020,metro,1,1.2,2,deboarding_links,14.32344931314664,1,999999,2.0,0,0.0,999999,0.15,4,0,"LINESTRING (139.812893 35.710724, 139.812993 35.710824)",w_metro_only;w_bus_metro;d_metro_only;d_bus_metro,東京都交通局,-1,1.2.120:1;2;3;4;5;6;7;8;9;10;11;12;13;14
1000772,1000020,1500082,metro,1,1.2,2,boarding_links,14.32344931314664,1,999999,2.0,0,2.142857142857143,999999,0.15,4,0,"LINESTRING (139.812993 35.710824, 139.812893 35.710724)",w_metro_only;w_bus_metro;d_metro_only;d_bus_metro,東京都交通局,-1,1.2.120:1;2;3;4;5;6;7;8;9;10;11;12;13;14;15;16;17;18;19;20
1000773,1500082,1000020,metro,1,1.2,2,deboarding_links,14.32344931314664,1,999999,2.0,0,0.0,999999,0.15,4,0,"LINESTRING (139.812893 35.710724, 139.812993 35.710824)",w_metro_only;w_bus_metro;d_metro_only;d_bus_metro,東京都交通局,-1,1.2.120:1;2;3;4;5;6;7;8;9;10;11;12;13;14;15;16;17;18;19;20
1000774,1000021,1500083,metro,1,2.1,2,boarding_links,14.328957409831283,1,999999,2.0,0,2.727272727272727,999999,0.15,4,0,"LINESTRING (139.715444 35.633635, 139.715344 35.633534999999995)",w_metro_only;w_bus_metro;d_metro_only;d_bus_metro,東京都交通局,-1,2.1.201:1;2;3;4;5;6;7;8;9;10;11;12;13;14;15;16;17;18;19;20;21;22;23;24;25
1000775,1500083,1000021,metro,1,2.1,2,deboarding_links,14.328957409831283,1,999999,2.0,0,0.0,999999,0.15,4,0,"LINESTRING (139.715344 35.633534999999995, 139.715444 35.633635)",w_metro_only;w_bus_metro;d_metro_only;d_bus_metro,東京都交通局,-1,2.1.201:1;2;3;4;5;6;7;8;9;10;11;12;13;14;15;16;17;18;19;20;21;22;23;24;25
1000776,1000021,1500084,metro,1,2.1,2,boarding_links,14.328957409831283,1,999999,2.0,0,2.0,999999,0.15,4,0,"LINESTRING (139.715444 35.633635, 139.715344 35.633534999999995)",w_metro_only;w_bus_metro;d_metro_only;d_bus_metro,東京都交通局,-1,2.1.201:1;2;3;4;5;6;7;8;9;10;11;12;13;14;15;16;17;18;19;20;21;22;23;24;25;26;27
1000777,1500084,1000021,metro,1,2.1,2,deboarding_links,14.328957409831283,1,999999,2.0,0,0.0,999999,0.15,4,0,"LINESTRING (139.715344 35.633534999999995, 139.715444 35.633635)",w_metro_only;w_bus_metro;d_metro_only;d_bus_metro,東京都交通局,-1,2.1.201:1;2;3;4;5;6;7;8;9;10;11;12;13;14;15;16;17;18;19;20;21;22;23;24;25;26;27
1000778,1000022,1500085,metro,1,2.1,2,boarding_links,14.328656746259977,1,999999,2.0,0,2.727272727272727,999999,0.15,4,0,"LINESTRING (139.726007 35.637851, 139.725907 35.637750999999994)",w_metro_only;w_bus_metro;d_metro_only;d_bus_metro,東京都交通局,-1,2.1.202:1;2;3;4;5;6;7;8;9;10;11;12;13;14;15;16;17;18;19;20;21;22;23;24;25
1000779,1500085,1000022,metro,1,2.1,2,deboarding_links,14.328656746259977,1,999999,2.0,0,0.0,999999,0.15,4,0,"LINESTRING (139.725907 35.637750999999994, 139.726007 35.637851)",w_metro_only;w_bus_metro;d_metro_only;d_bus_metro,東京都交通局,-1,2.1.202:1;2;3;4;5;6;7;8;9;10;11;12;13;14;15;16;17;18;19;20;21;22;23;24;25
1000780,1000022,1500086,metro,1,2.1,2,boarding_links,14.328656746259977,1,999999,2.0,0,2.0,999999,0.15,4,0,"LINESTRING (139.726007 35.637851, 139.725907 35.637750999999994)",w_metro_only;w_bus_metro;d_metro_only;d_bus_metro,東京都交通局,-1,2.1.202:1;2;3;4;5;6;7;8;9;10;11;12;13;14;15;16;17;18;19;20;21;22;23;24;25;26;27
1000781,1500086,1000022,metro,1,2.1,2,deboarding_links,14.328656746259977,1,999999,2.0,0,0.0,999999,0.15,4,0,"LINESTRING (139.725907 35.637750999999994, 139.726007 35.637851)",w_metro_only;w_bus_metro;d_metro_only;d_bus_metro,東京都交通局,-1,2.1.202:1;2;3;4;5;6;7;8;9;10;11;12;13;14;15;16;17;18;19;20;21;22;23;24;25;26;27
1000782,1000023,1500087,metro,1,2.1,2,boarding_links,14.32826933237185,1,999999,2.0,0,7.5,999999,0.15,4,0,"LINESTRING (139.734344 35.643283, 139.734244 35.64318299999999)",w_metro_only;w_bus_metro;d_metro_only;d_bus_metro,東京都交通局,-1,2.1.203:1;2;3;4;5;6;7;8;9;10;11;12;13;14;15;16;17;18;19;20;21;22;23
1000783,1500087,1000023,metro,1,2.1,2,deboarding_links,14.32826933237185,1,999999,2.0,0,0.0,999999,0.15,4,0,"LINESTRING (139.734244 35.64318299999999, 139.734344 35.643283)",w_metro_only;w_bus_metro;d_metro_only;d_bus_metro,東京都交通局,-1,2.1.203:1;2;3;4;5;6;7;8;9;10;11;12;13;14;15;16;17;18;19;20;21;22;23
1000784,1000023,1500088,metro,1,2.1,2,boarding_links,14.32826933237185,1,999999,2.0,0,2.727272727272727,999999,0.15,4,0,"LINESTRING (139.734344 35.643283, 139.734244 35.64318299999999)",w_metro_only;w_bus_metro;d_metro_only;d_bus_metro,東京都交通局,-1,2.1.203:1;2;3;4;5;6;7;8;9;10;11;12;13;14;15;16;17;18;19;20;21;22;23;24;25
1000785,1500088,1000023,metro,1,2.1,2,deboarding_links,14.32826933237185,1,999999,2.0,0,0.0,999999,0.15,4,0,"LINESTRING (139.734244 35.64318299999999, 139.734344 35.643283)",w_metro_only;w_bus_metro;d_metro_only;d_bus_metro,東京都交通局,-1,2.1.203:1;2;3;4;5;6;7;8;9;10;11;12;13;14;15;16;17;18;19;20;21;22;23;24;25
1000786,1000023,1500089,metro,1,2.1,2,boarding_links,14.32826933237185,1,999999,2.0,0,2.0,999999,0.15,4,0,"LINESTRING (139.734344 35.643283, 139.734244 35.64318299999999)",w_metro_only;w_bus_metro;d_metro_only;d_bus_metro,東京都交通局,-1,2.1.203:1;2;3;4;5;6;7;8;9;10;11;12;13;14;15;16;17;18;19;20;21;22;23;24;25;26;27
1000787,1500089,1000023,metro,1,2.1,2,deboarding_links,14.32826933237185,1,999999,2.0,0,0.0,999999,0.15,4,0,"LINESTRING (139.734244 35.64318299999999, 139.734344 35.643283)",w_metro_only;w_bus_metro;d_metro_only;d_bus_metro,東京都交通局,-1,2.1.203:1;2;3;4;5;6;7;8;9;10;11;12;13;14;15;16;17;18;19;20;21;22;23;24;25;26;27
1000788,1000024,1500090,metro,1,2.1,2,boarding_links,14.327886519598652,1,999999,2.0,0,7.5,999999,0.15,4,0,"LINESTRING (139.748998 35.64865, 139.748898 35.64855)",w_metro_only;w_bus_metro;d_metro_only;d_bus_metro,東京都交通局,-1,2.1.204:1;2;3;4;5;6;7;8;9;10;11;12;13;14;15;16;17;18;19;20;21;22;23
1000789,1500090,1000024,metro,1,2.1,2,deboarding_links,14.327886519598652,1,999999,2.0,0,0.0,999999,0.15,4,0,"LINESTRING (139.748898 35.64855, 139.748998 35.64865)",w_metro_only;w_bus_metro;d_metro_only;d_bus_metro,東京都交通局,-1,2.1.204:1;2;3;4;5;6;7;8;9;10;11;12;13;14;15;16;17;18;19;20;21;22;23
1000790,1000024,1500091,metro,1,2.1,2,boarding_links,14.327886519598652,1,999999,2.0,0,2.727272727272727,999999,0.15,4,0,"LINESTRING (139.748998 35.64865, 139.748898 35.64855)",w_metro_only;w_bus_metro;d_metro_only;d_bus_metro,東京都交通局,-1,2.1.204:1;2;3;4;5;6;7;8;9;10;11;12;13;14;15;16;17;18;19;20;21;22;23;24;25
1000791,1500091,1000024,metro,1,2.1,2,deboarding_links,14.327886519598652,1,999999,2.0,0,0.0,999999,0.15,4,0,"LINESTRING (139.748898 35.64855, 139.748998 35.64865)",w_metro_only;w_bus_metro;d_metro_only;d_bus_metro,東京都交通局,-1,2.1.204:1;2;3;4;5;6;7;8;9;10;11;12;13;14;15;16;17;18;19;20;21;22;23;24;25
1000792,1000024,1500092,metro,1,2.1,2,boarding_links,14.327886519598652,1,999999,2.0,0,2.0,999999,0.15,4,0,"LINESTRING (139.748998 35.64865, 139.748898 35.64855)",w_metro_only;w_bus_metro;d_metro_only;d_bus_metro,東京都交通局,-1,2.1.204:1;2;3;4;5;6;7;8;9;10;11;12;13;14;15;16;17;18;19;20;21;22;23;24;25;26;27
1000793,1500092,1000024,metro,1,2.1,2,deboarding_links,14.327886519598652,1,999999,2.0,0,0.0,999999,0.15,4,0,"LINESTRING (139.748898 35.64855, 139.748998 35.64865)",w_metro_only;w_bus_metro;d_metro_only;d_bus_metro,東京都交通局,-1,2.1.204:1;2;3;4;5;6;7;8;9;10;11;12;13;14;15;16;17;18;19;20;21;22;23;24;25;26;27
1000794,1000025,1500093,metro,1,2.1,2,boarding_links,14.327491616382463,1,999999,2.0,0,7.5,999999,0.15,4,0,"LINESTRING (139.74985 35.654186, 139.74975 35.654086)",w_metro_only;w_bus_metro;d_metro_only;d_bus_metro,東京都交通局,-1,2.1.205:1;2;3;4;5;6;7;8;9;10;11;12;13;14;15;16;17;18;19;20;21;22;23
1000795,1500093,1000025,metro,1,2.1,2,deboarding_links,14.327491616382463,1,999999,2.0,0,0.0,999999,0.15,4,0,"LINESTRING (139.74975 35.654086, 139.74985 35.654186)",w_metro_only;w_bus_metro;d_metro_only;d_bus_metro,東京都交通局,-1,2.1.205:1;2;3;4;5;6;7;8;9;10;11;12;13;14;15;16;17;18;19;20;21;22;23
1000796,1000025,1500094,metro,1,2.1,2,boarding_links,14.327491616382463,1,999999,2.0,0,2.727272727272727,999999,0.15,4,0,"LINESTRING (139.74985 35.654186, 139.74975 35.654086)",w_metro_only;w_bus_metro;d_metro_only;d_bus_metro,東京都交通局,-1,2.1.205:1;2;3;4;5;6;7;8;9;10;11;12;13;14;15;16;17;18;19;20;21;22;23;24;25
1000797,1500094,1000025,metro,1,2.1,2,deboarding_links,14.327491616382463,1,999999,2.0,0,0.0,999999,0.15,4,0,"LINESTRING (139.74975 35.654086, 139.74985 35.654186)",w_metro_only;w_bus_metro;d_metro_only;d_bus_metro,東京都交通局,-1,2.1.205:1;2;3;4;5;6;7;8;9;10;11;12;13;14;15;16;17;18;19;20;21;22;23;24;25
1000798,1000025,1500095,metro,1,2.1,2,boarding_links,14.327491616382463,1,999999,2.0,0,2.0,999999,0.15,4,0,"LINESTRING (139.74985 35.654186, 139.74975 35.654086)",w_metro_only;w_bus_metro;d_metro_only;d_bus_metro,東京都交通局,-1,2.1.205:1;2;3;4;5;6;7;8;9;10;11;12;13;14;15;16;17;18;19;20;21;22;23;24;25;26;27
1000799,1500095,1000025,metro,1,2.1,2,deboarding_links,14.327491616382463,1,999999,2.0,0,0.0,999999,0.15,4,0,"LINESTRING (139.74975 35.654086, 139.74985 35.654186)",w_metro_only;w_bus_metro;d_metro_only;d_bus_metro,東京都交通局,-1,2.1.205:1;2;3;4;5;6;7;8;9;10;11;12;13;14;15;16;17;18;19;20;21;22;23;24;25;26;27
1000800,1000026,1500096,metro,1,2.1,2,boarding_links,14.327021622312849,1,999999,2.0,0,7.5,999999,0.15,4,0,"LINESTRING (139.751366 35.660774, 139.751266 35.660674)",w_metro_only;w_bus_metro;d_metro_only;d_bus_metro,東京都交通局,-1,2.1.206:1;2;3;4;5;6;7;8;9;10;11;12;13;14;15;16;17;18;19;20;21;22;23
1000801,1500096,1000026,metro,1,2.1,2,deboarding_links,14.327021622312849,1,999999,2.0,0,0.0,999999,0.15,4,0,"LINESTRING (139.751266 35.660674, 139.751366 35.660774)",w_metro_only;w_bus_metro;d_metro_only;d_bus_metro,東京都交通局,-1,2.1.206:1;2;3;4;5;6;7;8;9;10;11;12;13;14;15;16;17;18;19;20;21;22;23
1000802,1000026,1500097,metro,1,2.1,2,boarding_links,14.327021622312849,1,999999,2.0,0,2.727272727272727,999999,0.15,4,0,"LINESTRING (139.751366 35.660774, 139.751266 35.660674)",w_metro_only;w_bus_metro;d_metro_only;d_bus_metro,東京都交通局,-1,2.1.206:1;2;3;4;5;6;7;8;9;10;11;12;13;14;15;16;17;18;19;20;21;22;23;24;25
1000803,1500097,1000026,metro,1,2.1,2,deboarding_links,14.327021622312849,1,999999,2.0,0,0.0,999999,0.15,4,0,"LINESTRING (139.751266 35.660674, 139.751366 35.660774)",w_metro_only;w_bus_metro;d_metro_only;d_bus_metro,東京都交通局,-1,2.1.206:1;2;3;4;5;6;7;8;9;10;11;12;13;14;15;16;17;18;19;20;21;22;23;24;25
1000804,1000026,1500098,metro,1,2.1,2,boarding_links,14.327021622312849,1,999999,2.0,0,2.0,999999,0.15,4,0,"LINESTRING (139.751366 35.660774, 139.751266 35.660674)",w_metro_only;w_bus_metro;d_metro_only;d_bus_metro,東京都交通局,-1,2.1.206:1;2;3;4;5;6;7;8;9;10;11;12;13;14;15;16;17;18;19;20;21;22;23;24;25;26;27
1000805,1500098,1000026,metro,1,2.1,2,deboarding_links,14.327021622312849,1,999999,2.0,0,0.0,999999,0.15,4,0,"LINESTRING (139.751266 35.660674, 139.751366 35.660774)",w_metro_only;w_bus_metro;d_metro_only;d_bus_metro,東京都交通局,-1,2.1.206:1;2;3;4;5;6;7;8;9;10;11;12;13;14;15;16;17;18;19;20;21;22;23;24;25;26;27
1000806,1000027,1500099,metro,1,2.1,2,boarding_links,14.326410152755766,1,999999,2.0,0,7.5,999999,0.15,4,0,"LINESTRING (139.75533 35.669344, 139.75522999999998 35.669244)",w_metro_only;w_bus_metro;d_metro_only;d_bus_metro,東京都交通局,-1,2.1.207:1;2;3;4;5;6;7;8;9;10;11;12;13;14;15;16;17;18;19;20;21;22;23
1000807,1500099,1000027,metro,1,2.1,2,deboarding_links,14.326410152755766,1,999999,2.0,0,0.0,999999,0.15,4,0,"LINESTRING (139.75522999999998 35.669244, 139.75533 35.669344)",w_metro_only;w_bus_metro;d_metro_only;d_bus_metro,東京都交通局,-1,2.1.207:1;2;3;4;5;6;7;8;9;10;11;12;13;14;15;16;17;18;19;20;21;22;23
1000808,1000027,1500100,metro,1,2.1,2,boarding_links,14.326410152755766,1,999999,2.0,0,2.727272727272727,999999,0.15,4,0,"LINESTRING (139.75533 35.669344, 139.75522999999998 35.669244)",w_metro_only;w_bus_metro;d_metro_only;d_bus_metro,東京都交通局,-1,2.1.207:1;2;3;4;5;6;7;8;9;10;11;12;13;14;15;16;17;18;19;20;21;22;23;24;25
1000809,1500100,1000027,metro,1,2.1,2,deboarding_links,14.326410152755766,1,999999,2.0,0,0.0,999999,0.15,4,0,"LINESTRING (139.75522999999998 35.669244, 139.75533 35.669344)",w_metro_only;w_bus_metro;d_metro_only;d_bus_metro,東京都交通局,-1,2.1.207:1;2;3;4;5;6;7;8;9;10;11;12;13;14;15;16;17;18;19;20;21;22;23;24;25
1000810,1000027,1500101,metro,1,2.1,2,boarding_links,14.326410152755766,1,999999,2.0,0,2.0,999999,0.15,4,0,"LINESTRING (139.75533 35.669344, 139.75522999999998 35.669244)",w_metro_only;w_bus_metro;d_metro_only;d_bus_metro,東京都交通局,-1,2.1.207:1;2;3;4;5;6;7;8;9;10;11;12;13;14;15;16;17;18;19;20;21;22;23;24;25;26;27
1000811,1500101,1000027,metro,1,2.1,2,deboarding_links,14.326410152755766,1,999999,2.0,0,0.0,999999,0.15,4,0,"LINESTRING (139.75522999999998 35.669244, 139.75533 35.669344)",w_metro_only;w_bus_metro;d_metro_only;d_bus_metro,東京都交通局,-1,2.1.207:1;2;3;4;5;6;7;8;9;10;11;12;13;14;15;16;17;18;19;20;21;22;23;24;25;26;27
1000812,1000028,1500102,metro,1,2.1,2,boarding_links,14.325893438857696,1,999999,2.0,0,7.5,999999,0.15,4,0,"LINESTRING (139.760274 35.676585, 139.760174 35.676485)",w_metro_only;w_bus_metro;d_metro_only;d_bus_metro,東京都交通局,-1,2.1.208:1;2;3;4;5;6;7;8;9;10;11;12;13;14;15;16;17;18;19;20;21;22;23
1000813,1500102,1000028,metro,1,2.1,2,deboarding_links,14.325893438857696,1,999999,2.0,0,0.0,999999,0.15,4,0,"LINESTRING (139.760174 35.676485, 139.760274 35.676585)",w_metro_only;w_bus_metro;d_metro_only;d_bus_metro,東京都交通局,-1,2.1.208:1;2;3;4;5;6;7;8;9;10;11;12;13;14;15;16;17;18;19;20;21;22;23
1000814,1000028,1500103,metro,1,2.1,2,boarding_links,14.325893438857696,1,999999,2.0,0,2.727272727272727,999999,0.15,4,0,"LINESTRING (139.760274 35.676585, 139.760174 35.676485)",w_metro_only;w_bus_metro;d_metro_only;d_bus_metro,東京都交通局,-1,2.1.208:1;2;3;4;5;6;7;8;9;10;11;12;13;14;15;16;17;18;19;20;21;22;23;24;25
1000815,1500103,1000028,metro,1,2.1,2,deboarding_links,14.325893438857696,1,999999,2.0,0,0.0,999999,0.15,4,0,"LINESTRING (139.760174 35.676485, 139.760274 35.676585)",w_metro_only;w_bus_metro;d_metro_only;d_bus_metro,東京都交通局,-1,2.1.208:1;2;3;4;5;6;7;8;9;10;11;12;13;14;15;16;17;18;19;20;21;22;23;24;25
1000816,1000028,1500104,metro,1,2.1,2,boarding_links,14.325893438857696,1,999999,2.0,0,2.0,999999,0.15,4,0,"LINESTRING (139.760274 35.676585, 139.760174 35.676485)",w_metro_only;w_bus_metro;d_metro_only;d_bus_metro,東京都交通局,-1,2.1.208:1;2;3;4;5;6;7;8;9;10;11;12;13;14;15;16;17;18;19;20;21;22;23;24;25;26;27
1000817,1500104,1000028,metro,1,2.1,2,deboarding_links,14.325893438857696,1,999999,2.0,0,0.0,999999,0.15,4,0,"LINESTRING (139.760174 35.676485, 139.760274 35.676585)",w_metro_only;w_bus_metro;d_metro_only;d_bus_metro,東京都交通局,-1,2.1.208:1;2;3;4;5;6;7;8;9;10;11;12;13;14;15;16;17;18;19;20;21;22;23;24;25;26;27
1000818,1000029,1500105,metro,1,2.1,2,boarding_links,14.325357605756778,1,999999,2.0,0,7.5,999999,0.15,4,0,"LINESTRING (139.762798 35.684093, 139.762698 35.683992999999994)",w_metro_only;w_bus_metro;d_metro_only;d_bus_metro,東京都交通局,-1,2.1.209:1;2;3;4;5;6;7;8;9;10;11;12;13;14;15;16;17;18;19;20;21;22;23
1000819,1500105,1000029,metro,1,2.1,2,deboarding_links,14.325357605756778,1,999999,2.0,0,0.0,999999,0.15,4,0,"LINESTRING (139.762698 35.683992999999994, 139.762798 35.684093)",w_metro_only;w_bus_metro;d_metro_only;d_bus_metro,東京都交通局,-1,2.1.209:1;2;3;4;5;6;7;8;9;10;11;12;13;14;15;16;17;18;19;20;21;22;23
1000820,1000029,1500106,metro,1,2.1,2,boarding_links,14.325357605756778,1,999999,2.0,0,2.727272727272727,999999,0.15,4,0,"LINESTRING (139.762798 35.684093, 139.762698 35.683992999999994)",w_metro_only;w_bus_metro;d_metro_only;d_bus_metro,東京都交通局,-1,2.1.209:1;2;3;4;5;6;7;8;9;10;11;12;13;14;15;16;17;18;19;20;21;22;23;24;25
1000821,1500106,1000029,metro,1,2.1,2,deboarding_links,14.325357605756778,1,999999,2.0,0,0.0,999999,0.15,4,0,"LINESTRING (139.762698 35.683992999999994, 139.762798 35.684093)",w_metro_only;w_bus_metro;d_metro_only;d_bus_metro,東京都交通局,-1,2.1.209:1;2;3;4;5;6;7;8;9;10;11;12;13;14;15;16;17;18;19;20;21;22;23;24;25
1000822,1000029,1500107,metro,1,2.1,2,boarding_links,14.325357605756778,1,999999,2.0,0,2.0,999999,0.15,4,0,"LINESTRING (139.762798 35.684093, 139.762698 35.683992999999994)",w_metro_only;w_bus_metro;d_metro_only;d_bus_metro,東京都交通局,-1,2.1.209:1;2;3;4;5;6;7;8;9;10;11;12;13;14;15;16;17;18;19;20;21;22;23;24;25;26;27
1000823,1500107,1000029,metro,1,2.1,2,deboarding_links,14.325357605756778,1,999999,2.0,0,0.0,999999,0.15,4,0,"LINESTRING (139.762698 35.683992999999994, 139.762798 35.684093)",w_metro_only;w_bus_metro;d_metro_only;d_bus_metro,東京都交通局,-1,2.1.209:1;2;3;4;5;6;7;8;9;10;11;12;13;14;15;16;17;18;19;20;21;22;23;24;25;26;27
1000824,1000030,1500108,metro,1,2.1,2,boarding_links,14.324555443017818,1,999999,2.0,0,7.5,999999,0.15,4,0,"LINESTRING (139.758213 35.695331, 139.758113 35.695231)",w_metro_only;w_bus_metro;d_metro_only;d_bus_metro,東京都交通局,-1,2.1.210:1;2;3;4;5;6;7;8;9;10;11;12;13;14;15;16;17;18;19;20;21;22;23
1000825,1500108,1000030,metro,1,2.1,2,deboarding_links,14.324555443017818,1,999999,2.0,0,0.0,999999,0.15,4,0,"LINESTRING (139.758113 35.695231, 139.758213 35.695331)",w_metro_only;w_bus_metro;d_metro_only;d_bus_metro,東京都交通局,-1,2.1.210:1;2;3;4;5;6;7;8;9;10;11;12;13;14;15;16;17;18;19;20;21;22;23
1000826,1000030,1500109,metro,1,2.1,2,boarding_links,14.324555443017818,1,999999,2.0,0,2.727272727272727,999999,0.15,4,0,"LINESTRING (139.758213 35.695331, 139.758113 35.695231)",w_metro_only;w_bus_metro;d_metro_only;d_bus_metro,東京都交通局,-1,2.1.210:1;2;3;4;5;6;7;8;9;10;11;12;13;14;15;16;17;18;19;20;21;22;23;24;25
1000827,1500109,1000030,metro,1,2.1,2,deboarding_links,14.324555443017818,1,999999,2.0,0,0.0,999999,0.15,4,0,"LINESTRING (139.758113 35.695231, 139.758213 35.695331)",w_metro_only;w_bus_metro;d_metro_only;d_bus_metro,東京都交通局,-1,2.1.210:1;2;3;4;5;6;7;8;9;10;11;12;13;14;15;16;17;18;19;20;21;22;23;24;25
1000828,1000030,1500110,metro,1,2.1,2,boarding_links,14.324555443017818,1,999999,2.0,0,2.0,999999,0.15,4,0,"LINESTRING (139.758213 35.695331, 139.758113 35.695231)",w_metro_only;w_bus_metro;d_metro_only;d_bus_metro,東京都交通局,-1,2.1.210:1;2;3;4;5;6;7;8;9;10;11;12;13;14;15;16;17;18;19;20;21;22;23;24;25;26;27
1000829,1500110,1000030,metro,1,2.1,2,deboarding_links,14.324555443017818,1,999999,2.0,0,0.0,999999,0.15,4,0,"LINESTRING (139.758113 35.695231, 139.758213 35.695331)",w_metro_only;w_bus_metro;d_metro_only;d_bus_metro,東京都交通局,-1,2.1.210:1;2;3;4;5;6;7;8;9;10;11;12;13;14;15;16;17;18;19;20;21;22;23;24;25;26;27
1000830,1000031,1500111,metro,1,2.1,2,boarding_links,14.323975105064052,1,999999,2.0,0,7.5,999999,0.15,4,0,"LINESTRING (139.755147 35.70346, 139.755047 35.703359999999996)",w_metro_only;w_bus_metro;d_metro_only;d_bus_metro,東京都交通局,-1,2.1.211:1;2;3;4;5;6;7;8;9;10;11;12;13;14;15;16;17;18;19;20;21;22;23
1000831,1500111,1000031,metro,1,2.1,2,deboarding_links,14.323975105064052,1,999999,2.0,0,0.0,999999,0.15,4,0,"LINESTRING (139.755047 35.703359999999996, 139.755147 35.70346)",w_metro_only;w_bus_metro;d_metro_only;d_bus_metro,東京都交通局,-1,2.1.211:1;2;3;4;5;6;7;8;9;10;11;12;13;14;15;16;17;18;19;20;21;22;23
1000832,1000031,1500112,metro,1,2.1,2,boarding_links,14.323975105064052,1,999999,2.0,0,2.727272727272727,999999,0.15,4,0,"LINESTRING (139.755147 35.70346, 139.755047 35.703359999999996)",w_metro_only;w_bus_metro;d_metro_only;d_bus_metro,東京都交通局,-1,2.1.211:1;2;3;4;5;6;7;8;9;10;11;12;13;14;15;16;17;18;19;20;21;22;23;24;25
1000833,1500112,1000031,metro,1,2.1,2,deboarding_links,14.323975105064052,1,999999,2.0,0,0.0,999999,0.15,4,0,"LINESTRING (139.755047 35.703359999999996, 139.755147 35.70346)",w_metro_only;w_bus_metro;d_metro_only;d_bus_metro,東京都交通局,-1,2.1.211:1;2;3;4;5;6;7;8;9;10;11;12;13;14;15;16;17;18;19;20;21;22;23;24;25
1000834,1000031,1500113,metro,1,2.1,2,boarding_links,14.323975105064052,1,999999,2.0,0,2.0,999999,0.15,4,0,"LINESTRING (139.755147 35.70346, 139.755047 35.703359999999996)",w_metro_only;w_bus_metro;d_metro_only;d_bus_metro,東京都交通局,-1,2.1.211:1;2;3;4;5;6;7;8;9;10;11;12;13;14;15;16;17;18;19;20;21;22;23;24;25;26;27
1000835,1500113,1000031,metro,1,2.1,2,deboarding_links,14.323975105064052,1,999999,2.0,0,0.0,999999,0.15,4,0,"LINESTRING (139.755047 35.703359999999996, 139.755147 35.70346)",w_metro_only;w_bus_metro;d_metro_only;d_bus_metro,東京都交通局,-1,2.1.211:1;2;3;4;5;6;7;8;9;10;11;12;13;14;15;16;17;18;19;20;21;22;23;24;25;26;27
1000836,1000032,1500114,metro,1,2.1,2,boarding_links,14.323541567036457,1,999999,2.0,0,7.5,999999,0.15,4,0,"LINESTRING (139.753287 35.709532, 139.753187 35.709432)",w_metro_only;w_bus_metro;d_metro_only;d_bus_metro,東京都交通局,-1,2.1.212:1;2;3;4;5;6;7;8;9;10;11;12;13;14;15;16;17;18;19;20;21;22;23
1000837,1500114,1000032,metro,1,2.1,2,deboarding_links,14.323541567036457,1,999999,2.0,0,0.0,999999,0.15,4,0,"LINESTRING (139.753187 35.709432, 139.753287 35.709532)",w_metro_only;w_bus_metro;d_metro_only;d_bus_metro,東京都交通局,-1,2.1.212:1;2;3;4;5;6;7;8;9;10;11;12;13;14;15;16;17;18;19;20;21;22;23
1000838,1000032,1500115,metro,1,2.1,2,boarding_links,14.323541567036457,1,999999,2.0,0,2.727272727272727,999999,0.15,4,0,"LINESTRING (139.753287 35.709532, 139.753187 35.709432)",w_metro_only;w_bus_metro;d_metro_only;d_bus_metro,東京都交通局,-1,2.1.212:1;2;3;4;5;6;7;8;9;10;11;12;13;14;15;16;17;18;19;20;21;22;23;24;25
1000839,1500115,1000032,metro,1,2.1,2,deboarding_links,14.323541567036457,1,999999,2.0,0,0.0,999999,0.15,4,0,"LINESTRING (139.753187 35.709432, 139.753287 35.709532)",w_metro_only;w_bus_metro;d_metro_only;d_bus_metro,東京都交通局,-1,2.1.212:1;2;3;4;5;6;7;8;9;10;11;12;13;14;15;16;17;18;19;20;21;22;23;24;25
1000840,1000032,1500116,metro,1,2.1,2,boarding_links,14.323541567036457,1,999999,2.0,0,2.0,999999,0.15,4,0,"LINESTRING (139.753287 35.709532, 139.753187 35.709432)",w_metro_only;w_bus_metro;d_metro_only;d_bus_metro,東京都交通局,-1,2.1.212:1;2;3;4;5;6;7;8;9;10;11;12;13;14;15;16;17;18;19;20;21;22;23;24;25;26;27
1000841,1500116,1000032,metro,1,2.1,2,deboarding_links,14.323541567036457,1,999999,2.0,0,0.0,999999,0.15,4,0,"LINESTRING (139.753187 35.709432, 139.753287 35.709532)",w_metro_only;w_bus_metro;d_metro_only;d_bus_metro,東京都交通局,-1,2.1.212:1;2;3;4;5;6;7;8;9;10;11;12;13;14;15;16;17;18;19;20;21;22;23;24;25;26;27
1000842,1000033,1500117,metro,1,2.1,2,boarding_links,14.322673930444479,1,999999,2.0,0,7.5,999999,0.15,4,0,"LINESTRING (139.752134 35.721682, 139.752034 35.721582)",w_metro_only;w_bus_metro;d_metro_only;d_bus_metro,東京都交通局,-1,2.1.213:1;2;3;4;5;6;7;8;9;10;11;12;13;14;15;16;17;18;19;20;21;22;23
1000843,1500117,1000033,metro,1,2.1,2,deboarding_links,14.322673930444479,1,999999,2.0,0,0.0,999999,0.15,4,0,"LINESTRING (139.752034 35.721582, 139.752134 35.721682)",w_metro_only;w_bus_metro;d_metro_only;d_bus_metro,東京都交通局,-1,2.1.213:1;2;3;4;5;6;7;8;9;10;11;12;13;14;15;16;17;18;19;20;21;22;23
1000844,1000033,1500118,metro,1,2.1,2,boarding_links,14.322673930444479,1,999999,2.0,0,2.727272727272727,999999,0.15,4,0,"LINESTRING (139.752134 35.721682, 139.752034 35.721582)",w_metro_only;w_bus_metro;d_metro_only;d_bus_metro,東京都交通局,-1,2.1.213:1;2;3;4;5;6;7;8;9;10;11;12;13;14;15;16;17;18;19;20;21;22;23;24;25
1000845,1500118,1000033,metro,1,2.1,2,deboarding_links,14.322673930444479,1,999999,2.0,0,0.0,999999,0.15,4,0,"LINESTRING (139.752034 35.721582, 139.752134 35.721682)",w_metro_only;w_bus_metro;d_metro_only;d_bus_metro,東京都交通局,-1,2.1.213:1;2;3;4;5;6;7;8;9;10;11;12;13;14;15;16;17;18;19;20;21;22;23;24;25
1000846,1000033,1500119,metro,1,2.1,2,boarding_links,14.322673930444479,1,999999,2.0,0,2.0,999999,0.15,4,0,"LINESTRING (139.752134 35.721682, 139.752034 35.721582)",w_metro_only;w_bus_metro;d_metro_only;d_bus_metro,東京都交通局,-1,2.1.213:1;2;3;4;5;6;7;8;9;10;11;12;13;14;15;16;17;18;19;20;21;22;23;24;25;26;27
1000847,1500119,1000033,metro,1,2.1,2,deboarding_links,14.322673930444479,1,999999,2.0,0,0.0,999999,0.15,4,0,"LINESTRING (139.752034 35.721582, 139.752134 35.721682)",w_metro_only;w_bus_metro;d_metro_only;d_bus_metro,東京都交通局,-1,2.1.213:1;2;3;4;5;6;7;8;9;10;11;12;13;14;15;16;17;18;19;20;21;22;23;24;25;26;27
1000848,1000034,1500120,metro,1,2.1,2,boarding_links,14.322238974725007,1,999999,2.0,0,7.5,999999,0.15,4,0,"LINESTRING (139.744984 35.727772, 139.74488399999998 35.727672)",w_metro_only;w_bus_metro;d_metro_only;d_bus_metro,東京都交通局,-1,2.1.214:1;2;3;4;5;6;7;8;9;10;11;12;13;14;15;16;17;18;19;20;21;22;23
1000849,1500120,1000034,metro,1,2.1,2,deboarding_links,14.322238974725007,1,999999,2.0,0,0.0,999999,0.15,4,0,"LINESTRING (139.74488399999998 35.727672, 139.744984 35.727772)",w_metro_only;w_bus_metro;d_metro_only;d_bus_metro,東京都交通局,-1,2.1.214:1;2;3;4;5;6;7;8;9;10;11;12;13;14;15;16;17;18;19;20;21;22;23
1000850,1000034,1500121,metro,1,2.1,2,boarding_links,14.322238974725007,1,999999,2.0,0,2.727272727272727,999999,0.15,4,0,"LINESTRING (139.744984 35.727772, 139.74488399999998 35.727672)",w_metro_only;w_bus_metro;d_metro_only;d_bus_metro,東京都交通局,-1,2.1.214:1;2;3;4;5;6;7;8;9;10;11;12;13;14;15;16;17;18;19;20;21;22;23;24;25
1000851,1500121,1000034,metro,1,2.1,2,deboarding_links,14.322238974725007,1,999999,2.0,0,0.0,999999,0.15,4,0,"LINESTRING (139.74488399999998 35.727672, 139.744984 35.727772)",w_metro_only;w_bus_metro;d_metro_only;d_bus_metro,東京都交通局,-1,2.1.214:1;2;3;4;5;6;7;8;9;10;11;12;13;14;15;16;17;18;19;20;21;22;23;24;25
1000852,1000034,1500122,metro,1,2.1,2,boarding_links,14.322238974725007,1,999999,2.0,0,2.0,999999,0.15,4,0,"LINESTRING (139.744984 35.727772, 139.74488399999998 35.727672)",w_metro_only;w_bus_metro;d_metro_only;d_bus_metro,東京都交通局,-1,2.1.214:1;2;3;4;5;6;7;8;9;10;11;12;13;14;15;16;17;18;19;20;21;22;23;24;25;26;27
1000853,1500122,1000034,metro,1,2.1,2,deboarding_links,14.322238974725007,1,999999,2.0,0,0.0,999999,0.15,4,0,"LINESTRING (139.74488399999998 35.727672, 139.744984 35.727772)",w_metro_only;w_bus_metro;d_metro_only;d_bus_metro,東京都交通局,-1,2.1.214:1;2;3;4;5;6;7;8;9;10;11;12;13;14;15;16;17;18;19;20;21;22;23;24;25;26;27
1000854,1000035,1500123,metro,1,2.1,2,boarding_links,14.32180890359407,1,999999,2.0,0,7.5,999999,0.15,4,0,"LINESTRING (139.738154 35.733793, 139.738054 35.733692999999995)",w_metro_only;w_bus_metro;d_metro_only;d_bus_metro,東京都交通局,-1,2.1.215:1;2;3;4;5;6;7;8;9;10;11;12;13;14;15;16;17;18;19;20;21;22;23
1000855,1500123,1000035,metro,1,2.1,2,deboarding_links,14.32180890359407,1,999999,2.0,0,0.0,999999,0.15,4,0,"LINESTRING (139.738054 35.733692999999995, 139.738154 35.733793)",w_metro_only;w_bus_metro;d_metro_only;d_bus_metro,東京都交通局,-1,2.1.215:1;2;3;4;5;6;7;8;9;10;11;12;13;14;15;16;17;18;19;20;21;22;23
1000856,1000035,1500124,metro,1,2.1,2,boarding_links,14.32180890359407,1,999999,2.0,0,2.727272727272727,999999,0.15,4,0,"LINESTRING (139.738154 35.733793, 139.738054 35.733692999999995)",w_metro_only;w_bus_metro;d_metro_only;d_bus_metro,東京都交通局,-1,2.1.215:1;2;3;4;5;6;7;8;9;10;11;12;13;14;15;16;17;18;19;20;21;22;23;24;25
1000857,1500124,1000035,metro,1,2.1,2,deboarding_links,14.32180890359407,1,999999,2.0,0,0.0,999999,0.15,4,0,"LINESTRING (139.738054 35.733692999999995, 139.738154 35.733793)",w_metro_only;w_bus_metro;d_metro_only;d_bus_metro,東京都交通局,-1,2.1.215:1;2;3;4;5;6;7;8;9;10;11;12;13;14;15;16;17;18;19;20;21;22;23;24;25
1000858,1000035,1500125,metro,1,2.1,2,boarding_links,14.32180890359407,1,999999,2.0,0,2.0,999999,0.15,4,0,"LINESTRING (139.738154 35.733793, 139.738054 35.733692999999995)",w_metro_only;w_bus_metro;d_metro_only;d_bus_metro,東京都交通局,-1,2.1.215:1;2;3;4;5;6;7;8;9;10;11;12;13;14;15;16;17;18;19;20;21;22;23;24;25;26;27
1000859,1500125,1000035,metro,1,2.1,2,deboarding_links,14.32180890359407,1,999999,2.0,0,0.0,999999,0.15,4,0,"LINESTRING (139.738054 35.733692999999995, 139.738154 35.733793)",w_metro_only;w_bus_metro;d_metro_only;d_bus_metro,東京都交通局,-1,2.1.215:1;2;3;4;5;6;7;8;9;10;11;12;13;14;15;16;17;18;19;20;21;22;23;24;25;26;27
1000860,1000036,1500126,metro,1,2.1,2,boarding_links,14.321110597760837,1,999999,2.0,0,7.5,999999,0.15,4,0,"LINESTRING (139.728703 35.743568, 139.728603 35.743468)",w_metro_only;w_bus_metro;d_metro_only;d_bus_metro,東京都交通局,-1,2.1.216:1;2;3;4;5;6;7;8;9;10;11;12;13;14;15;16;17;18;19;20;21;22;23
1000861,1500126,1000036,metro,1,2.1,2,deboarding_links,14.321110597760837,1,999999,2.0,0,0.0,999999,0.15,4,0,"LINESTRING (139.728603 35.743468, 139.728703 35.743568)",w_metro_only;w_bus_metro;d_metro_only;d_bus_metro,東京都交通局,-1,2.1.216:1;2;3;4;5;6;7;8;9;10;11;12;13;14;15;16;17;18;19;20;21;22;23
1000862,1000036,1500127,metro,1,2.1,2,boarding_links,14.321110597760837,1,999999,2.0,0,2.727272727272727,999999,0.15,4,0,"LINESTRING (139.728703 35.743568, 139.728603 35.743468)",w_metro_only;w_bus_metro;d_metro_only;d_bus_metro,東京都交通局,-1,2.1.216:1;2;3;4;5;6;7;8;9;10;11;12;13;14;15;16;17;18;19;20;21;22;23;24;25
1000863,1500127,1000036,metro,1,2.1,2,deboarding_links,14.321110597760837,1,999999,2.0,0,0.0,999999,0.15,4,0,"LINESTRING (139.728603 35.743468, 139.728703 35.743568)",w_metro_only;w_bus_metro;d_metro_only;d_bus_metro,東京都交通局,-1,2.1.216:1;2;3;4;5;6;7;8;9;10;11;12;13;14;15;16;17;18;19;20;21;22;23;24;25
1000864,1000036,1500128,metro,1,2.1,2,boarding_links,14.321110597760837,1,999999,2.0,0,2.0,999999,0.15,4,0,"LINESTRING (139.728703 35.743568, 139.728603 35.743468)",w_metro_only;w_bus_metro;d_metro_only;d_bus_metro,東京都交通局,-1,2.1.216:1;2;3;4;5;6;7;8;9;10;11;12;13;14;15;16;17;18;19;20;21;22;23;24;25;26;27
1000865,1500128,1000036,metro,1,2.1,2,deboarding_links,14.321110597760837,1,999999,2.0,0,0.0,999999,0.15,4,0,"LINESTRING (139.728603 35.743468, 139.728703 35.743568)",w_metro_only;w_bus_metro;d_metro_only;d_bus_metro,東京都交通局,-1,2.1.216:1;2;3;4;5;6;7;8;9;10;11;12;13;14;15;16;17;18;19;20;21;22;23;24;25;26;27
1000866,1000037,1500129,metro,1,2.1,2,boarding_links,14.320738788295028,1,999999,2.0,0,7.5,999999,0.15,4,0,"LINESTRING (139.719808 35.748772, 139.719708 35.748672)",w_metro_only;w_bus_metro;d_metro_only;d_bus_metro,東京都交通局,-1,2.1.217:1;2;3;4;5;6;7;8;9;10;11;12;13;14;15;16;17;18;19;20;21;22;23
1000867,1500129,1000037,metro,1,2.1,2,deboarding_links,14.320738788295028,1,999999,2.0,0,0.0,999999,0.15,4,0,"LINESTRING (139.719708 35.748672, 139.719808 35.748772)",w_metro_only;w_bus_metro;d_metro_only;d_bus_metro,東京都交通局,-1,2.1.217:1;2;3;4;5;6;7;8;9;10;11;12;13;14;15;16;17;18;19;20;21;22;23
1000868,1000037,1500130,metro,1,2.1,2,boarding_links,14.320738788295028,1,999999,2.0,0,2.727272727272727,999999,0.15,4,0,"LINESTRING (139.719808 35.748772, 139.719708 35.748672)",w_metro_only;w_bus_metro;d_metro_only;d_bus_metro,東京都交通局,-1,2.1.217:1;2;3;4;5;6;7;8;9;10;11;12;13;14;15;16;17;18;19;20;21;22;23;24;25
1000869,1500130,1000037,metro,1,2.1,2,deboarding_links,14.320738788295028,1,999999,2.0,0,0.0,999999,0.15,4,0,"LINESTRING (139.719708 35.748672, 139.719808 35.748772)",w_metro_only;w_bus_metro;d_metro_only;d_bus_metro,東京都交通局,-1,2.1.217:1;2;3;4;5;6;7;8;9;10;11;12;13;14;15;16;17;18;19;20;21;22;23;24;25
1000870,1000037,1500131,metro,1,2.1,2,boarding_links,14.320738788295028,1,999999,2.0,0,2.0,999999,0.15,4,0,"LINESTRING (139.719808 35.748772, 139.719708 35.748672)",w_metro_only;w_bus_metro;d_metro_only;d_bus_metro,東京都交通局,-1,2.1.217:1;2;3;4;5;6;7;8;9;10;11;12;13;14;15;16;17;18;19;20;21;22;23;24;25;26;27
1000871,1500131,1000037,metro,1,2.1,2,deboarding_links,14.320738788295028,1,999999,2.0,0,0.0,999999,0.15,4,0,"LINESTRING (139.719708 35.748672, 139.719808 35.748772)",w_metro_only;w_bus_metro;d_metro_only;d_bus_metro,東京都交通局,-1,2.1.217:1;2;3;4;5;6;7;8;9;10;11;12;13;14;15;16;17;18;19;20;21;22;23;24;25;26;27
1000872,1000038,1500132,metro,1,2.1,2,boarding_links,14.320553014371164,1,999999,2.0,0,7.5,999999,0.15,4,0,"LINESTRING (139.71012 35.751372, 139.71002 35.751272)",w_metro_only;w_bus_metro;d_metro_only;d_bus_metro,東京都交通局,-1,2.1.218:1;2;3;4;5;6;7;8;9;10;11;12;13;14;15;16;17;18;19;20;21;22;23
1000873,1500132,1000038,metro,1,2.1,2,deboarding_links,14.320553014371164,1,999999,2.0,0,0.0,999999,0.15,4,0,"LINESTRING (139.71002 35.751272, 139.71012 35.751372)",w_metro_only;w_bus_metro;d_metro_only;d_bus_metro,東京都交通局,-1,2.1.218:1;2;3;4;5;6;7;8;9;10;11;12;13;14;15;16;17;18;19;20;21;22;23
1000874,1000038,1500133,metro,1,2.1,2,boarding_links,14.320553014371164,1,999999,2.0,0,2.727272727272727,999999,0.15,4,0,"LINESTRING (139.71012 35.751372, 139.71002 35.751272)",w_metro_only;w_bus_metro;d_metro_only;d_bus_metro,東京都交通局,-1,2.1.218:1;2;3;4;5;6;7;8;9;10;11;12;13;14;15;16;17;18;19;20;21;22;23;24;25
1000875,1500133,1000038,metro,1,2.1,2,deboarding_links,14.320553014371164,1,999999,2.0,0,0.0,999999,0.15,4,0,"LINESTRING (139.71002 35.751272, 139.71012 35.751372)",w_metro_only;w_bus_metro;d_metro_only;d_bus_metro,東京都交通局,-1,2.1.218:1;2;3;4;5;6;7;8;9;10;11;12;13;14;15;16;17;18;19;20;21;22;23;24;25
1000876,1000038,1500134,metro,1,2.1,2,boarding_links,14.320553014371164,1,999999,2.0,0,2.0,999999,0.15,4,0,"LINESTRING (139.71012 35.751372, 139.71002 35.751272)",w_metro_only;w_bus_metro;d_metro_only;d_bus_metro,東京都交通局,-1,2.1.218:1;2;3;4;5;6;7;8;9;10;11;12;13;14;15;16;17;18;19;20;21;22;23;24;25;26;27
1000877,1500134,1000038,metro,1,2.1,2,deboarding_links,14.320553014371164,1,999999,2.0,0,0.0,999999,0.15,4,0,"LINESTRING (139.71002 35.751272, 139.71012 35.751372)",w_metro_only;w_bus_metro;d_metro_only;d_bus_metro,東京都交通局,-1,2.1.218:1;2;3;4;5;6;7;8;9;10;11;12;13;14;15;16;17;18;19;20;21;22;23;24;25;26;27
1000878,1000039,1500135,metro,1,2.1,2,boarding_links,14.319842926551749,1,999999,2.0,0,7.5,999999,0.15,4,0,"LINESTRING (139.705544 35.761309, 139.705444 35.761208999999994)",w_metro_only;w_bus_metro;d_metro_only;d_bus_metro,東京都交通局,-1,2.1.219:1;2;3;4;5;6;7;8;9;10;11;12;13;14;15;16;17;18;19;20;21;22;23
1000879,1500135,1000039,metro,1,2.1,2,deboarding_links,14.319842926551749,1,999999,2.0,0,0.0,999999,0.15,4,0,"LINESTRING (139.705444 35.761208999999994, 139.705544 35.761309)",w_metro_only;w_bus_metro;d_metro_only;d_bus_metro,東京都交通局,-1,2.1.219:1;2;3;4;5;6;7;8;9;10;11;12;13;14;15;16;17;18;19;20;21;22;23
1000880,1000039,1500136,metro,1,2.1,2,boarding_links,14.319842926551749,1,999999,2.0,0,2.727272727272727,999999,0.15,4,0,"LINESTRING (139.705544 35.761309, 139.705444 35.761208999999994)",w_metro_only;w_bus_metro;d_metro_only;d_bus_metro,東京都交通局,-1,2.1.219:1;2;3;4;5;6;7;8;9;10;11;12;13;14;15;16;17;18;19;20;21;22;23;24;25
1000881,1500136,1000039,metro,1,2.1,2,deboarding_links,14.319842926551749,1,999999,2.0,0,0.0,999999,0.15,4,0,"LINESTRING (139.705444 35.761208999999994, 139.705544 35.761309)",w_metro_only;w_bus_metro;d_metro_only;d_bus_metro,東京都交通局,-1,2.1.219:1;2;3;4;5;6;7;8;9;10;11;12;13;14;15;16;17;18;19;20;21;22;23;24;25
1000882,1000039,1500137,metro,1,2.1,2,boarding_links,14.319842926551749,1,999999,2.0,0,2.0,999999,0.15,4,0,"LINESTRING (139.705544 35.761309, 139.705444 35.761208999999994)",w_metro_only;w_bus_metro;d_metro_only;d_bus_metro,東京都交通局,-1,2.1.219:1;2;3;4;5;6;7;8;9;10;11;12;13;14;15;16;17;18;19;20;21;22;23;24;25;26;27
1000883,1500137,1000039,metro,1,2.1,2,deboarding_links,14.319842926551749,1,999999,2.0,0,0.0,999999,0.15,4,0,"LINESTRING (139.705444 35.761208999999994, 139.705544 35.761309)",w_metro_only;w_bus_metro;d_metro_only;d_bus_metro,東京都交通局,-1,2.1.219:1;2;3;4;5;6;7;8;9;10;11;12;13;14;15;16;17;18;19;20;21;22;23;24;25;26;27
1000884,1000040,1500138,metro,1,2.1,2,boarding_links,14.319324274519936,1,999999,2.0,0,7.5,999999,0.15,4,0,"LINESTRING (139.70241 35.768566, 139.70230999999998 35.768466)",w_metro_only;w_bus_metro;d_metro_only;d_bus_metro,東京都交通局,-1,2.1.220:1;2;3;4;5;6;7;8;9;10;11;12;13;14;15;16;17;18;19;20;21;22;23
1000885,1500138,1000040,metro,1,2.1,2,deboarding_links,14.319324274519936,1,999999,2.0,0,0.0,999999,0.15,4,0,"LINESTRING (139.70230999999998 35.768466, 139.70241 35.768566)",w_metro_only;w_bus_metro;d_metro_only;d_bus_metro,東京都交通局,-1,2.1.220:1;2;3;4;5;6;7;8;9;10;11;12;13;14;15;16;17;18;19;20;21;22;23
1000886,1000040,1500139,metro,1,2.1,2,boarding_links,14.319324274519936,1,999999,2.0,0,2.727272727272727,999999,0.15,4,0,"LINESTRING (139.70241 35.768566, 139.70230999999998 35.768466)",w_metro_only;w_bus_metro;d_metro_only;d_bus_metro,東京都交通局,-1,2.1.220:1;2;3;4;5;6;7;8;9;10;11;12;13;14;15;16;17;18;19;20;21;22;23;24;25
1000887,1500139,1000040,metro,1,2.1,2,deboarding_links,14.319324274519936,1,999999,2.0,0,0.0,999999,0.15,4,0,"LINESTRING (139.70230999999998 35.768466, 139.70241 35.768566)",w_metro_only;w_bus_metro;d_metro_only;d_bus_metro,東京都交通局,-1,2.1.220:1;2;3;4;5;6;7;8;9;10;11;12;13;14;15;16;17;18;19;20;21;22;23;24;25
1000888,1000040,1500140,metro,1,2.1,2,boarding_links,14.319324274519936,1,999999,2.0,0,2.0,999999,0.15,4,0,"LINESTRING (139.70241 35.768566, 139.70230999999998 35.768466)",w_metro_only;w_bus_metro;d_metro_only;d_bus_metro,東京都交通局,-1,2.1.220:1;2;3;4;5;6;7;8;9;10;11;12;13;14;15;16;17;18;19;20;21;22;23;24;25;26;27
1000889,1500140,1000040,metro,1,2.1,2,deboarding_links,14.319324274519936,1,999999,2.0,0,0.0,999999,0.15,4,0,"LINESTRING (139.70230999999998 35.768466, 139.70241 35.768566)",w_metro_only;w_bus_metro;d_metro_only;d_bus_metro,東京都交通局,-1,2.1.220:1;2;3;4;5;6;7;8;9;10;11;12;13;14;15;16;17;18;19;20;21;22;23;24;25;26;27
1000890,1000041,1500141,metro,1,2.1,2,boarding_links,14.318787045913183,1,999999,2.0,0,7.5,999999,0.15,4,0,"LINESTRING (139.695097 35.776082, 139.694997 35.775982)",w_metro_only;w_bus_metro;d_metro_only;d_bus_metro,東京都交通局,-1,2.1.221:1;2;3;4;5;6;7;8;9;10;11;12;13;14;15;16;17;18;19;20;21;22;23
1000891,1500141,1000041,metro,1,2.1,2,deboarding_links,14.318787045913183,1,999999,2.0,0,0.0,999999,0.15,4,0,"LINESTRING (139.694997 35.775982, 139.695097 35.776082)",w_metro_only;w_bus_metro;d_metro_only;d_bus_metro,東京都交通局,-1,2.1.221:1;2;3;4;5;6;7;8;9;10;11;12;13;14;15;16;17;18;19;20;21;22;23
1000892,1000041,1500142,metro,1,2.1,2,boarding_links,14.318787045913183,1,999999,2.0,0,2.727272727272727,999999,0.15,4,0,"LINESTRING (139.695097 35.776082, 139.694997 35.775982)",w_metro_only;w_bus_metro;d_metro_only;d_bus_metro,東京都交通局,-1,2.1.221:1;2;3;4;5;6;7;8;9;10;11;12;13;14;15;16;17;18;19;20;21;22;23;24;25
1000893,1500142,1000041,metro,1,2.1,2,deboarding_links,14.318787045913183,1,999999,2.0,0,0.0,999999,0.15,4,0,"LINESTRING (139.694997 35.775982, 139.695097 35.776082)",w_metro_only;w_bus_metro;d_metro_only;d_bus_metro,東京都交通局,-1,2.1.221:1;2;3;4;5;6;7;8;9;10;11;12;13;14;15;16;17;18;19;20;21;22;23;24;25
1000894,1000041,1500143,metro,1,2.1,2,boarding_links,14.318787045913183,1,999999,2.0,0,2.0,999999,0.15,4,0,"LINESTRING (139.695097 35.776082, 139.694997 35.775982)",w_metro_only;w_bus_metro;d_metro_only;d_bus_metro,東京都交通局,-1,2.1.221:1;2;3;4;5;6;7;8;9;10;11;12;13;14;15;16;17;18;19;20;21;22;23;24;25;26;27
1000895,1500143,1000041,metro,1,2.1,2,deboarding_links,14.318787045913183,1,999999,2.0,0,0.0,999999,0.15,4,0,"LINESTRING (139.694997 35.775982, 139.695097 35.776082)",w_metro_only;w_bus_metro;d_metro_only;d_bus_metro,東京都交通局,-1,2.1.221:1;2;3;4;5;6;7;8;9;10;11;12;13;14;15;16;17;18;19;20;21;22;23;24;25;26;27
1000896,1000042,1500144,metro,1,2.1,2,boarding_links,14.318687970075509,1,999999,2.0,0,7.5,999999,0.15,4,0,"LINESTRING (139.685751 35.777468, 139.685651 35.777367999999996)",w_metro_only;w_bus_metro;d_metro_only;d_bus_metro,東京都交通局,-1,2.1.222:1;2;3;4;5;6;7;8;9;10;11;12;13;14;15;16;17;18;19;20;21;22;23
1000897,1500144,1000042,metro,1,2.1,2,deboarding_links,14.318687970075509,1,999999,2.0,0,0.0,999999,0.15,4,0,"LINESTRING (139.685651 35.777367999999996, 139.685751 35.777468)",w_metro_only;w_bus_metro;d_metro_only;d_bus_metro,東京都交通局,-1,2.1.222:1;2;3;4;5;6;7;8;9;10;11;12;13;14;15;16;17;18;19;20;21;22;23
1000898,1000042,1500145,metro,1,2.1,2,boarding_links,14.318687970075509,1,999999,2.0,0,2.727272727272727,999999,0.15,4,0,"LINESTRING (139.685751 35.777468, 139.685651 35.777367999999996)",w_metro_only;w_bus_metro;d_metro_only;d_bus_metro,東京都交通局,-1,2.1.222:1;2;3;4;5;6;7;8;9;10;11;12;13;14;15;16;17;18;19;20;21;22;23;24;25
1000899,1500145,1000042,metro,1,2.1,2,deboarding_links,14.318687970075509,1,999999,2.0,0,0.0,999999,0.15,4,0,"LINESTRING (139.685651 35.777367999999996, 139.685751 35.777468)",w_metro_only;w_bus_metro;d_metro_only;d_bus_metro,東京都交通局,-1,2.1.222:1;2;3;4;5;6;7;8;9;10;11;12;13;14;15;16;17;18;19;20;21;22;23;24;25
1000900,1000042,1500146,metro,1,2.1,2,boarding_links,14.318687970075509,1,999999,2.0,0,2.0,999999,0.15,4,0,"LINESTRING (139.685751 35.777468, 139.685651 35.777367999999996)",w_metro_only;w_bus_metro;d_metro_only;d_bus_metro,東京都交通局,-1,2.1.222:1;2;3;4;5;6;7;8;9;10;11;12;13;14;15;16;17;18;19;20;21;22;23;24;25;26;27
1000901,1500146,1000042,metro,1,2.1,2,deboarding_links,14.318687970075509,1,999999,2.0,0,0.0,999999,0.15,4,0,"LINESTRING (139.685651 35.777367999999996, 139.685751 35.777468)",w_metro_only;w_bus_metro;d_metro_only;d_bus_metro,東京都交通局,-1,2.1.222:1;2;3;4;5;6;7;8;9;10;11;12;13;14;15;16;17;18;19;20;21;22;23;24;25;26;27
1000902,1000043,1500147,metro,1,2.1,2,boarding_links,14.31820227957509,1,999999,2.0,0,7.5,999999,0.15,4,0,"LINESTRING (139.678947 35.784262, 139.678847 35.784161999999995)",w_metro_only;w_bus_metro;d_metro_only;d_bus_metro,東京都交通局,-1,2.1.223:1;2;3;4;5;6;7;8;9;10;11;12;13;14;15;16;17;18;19;20;21;22;23
1000903,1500147,1000043,metro,1,2.1,2,deboarding_links,14.31820227957509,1,999999,2.0,0,0.0,999999,0.15,4,0,"LINESTRING (139.678847 35.784161999999995, 139.678947 35.784262)",w_metro_only;w_bus_metro;d_metro_only;d_bus_metro,東京都交通局,-1,2.1.223:1;2;3;4;5;6;7;8;9;10;11;12;13;14;15;16;17;18;19;20;21;22;23
1000904,1000043,1500148,metro,1,2.1,2,boarding_links,14.31820227957509,1,999999,2.0,0,2.727272727272727,999999,0.15,4,0,"LINESTRING (139.678947 35.784262, 139.678847 35.784161999999995)",w_metro_only;w_bus_metro;d_metro_only;d_bus_metro,東京都交通局,-1,2.1.223:1;2;3;4;5;6;7;8;9;10;11;12;13;14;15;16;17;18;19;20;21;22;23;24;25
1000905,1500148,1000043,metro,1,2.1,2,deboarding_links,14.31820227957509,1,999999,2.0,0,0.0,999999,0.15,4,0,"LINESTRING (139.678847 35.784161999999995, 139.678947 35.784262)",w_metro_only;w_bus_metro;d_metro_only;d_bus_metro,東京都交通局,-1,2.1.223:1;2;3;4;5;6;7;8;9;10;11;12;13;14;15;16;17;18;19;20;21;22;23;24;25
1000906,1000043,1500149,metro,1,2.1,2,boarding_links,14.31820227957509,1,999999,2.0,0,2.0,999999,0.15,4,0,"LINESTRING (139.678947 35.784262, 139.678847 35.784161999999995)",w_metro_only;w_bus_metro;d_metro_only;d_bus_metro,東京都交通局,-1,2.1.223:1;2;3;4;5;6;7;8;9;10;11;12;13;14;15;16;17;18;19;20;21;22;23;24;25;26;27
1000907,1500149,1000043,metro,1,2.1,2,deboarding_links,14.31820227957509,1,999999,2.0,0,0.0,999999,0.15,4,0,"LINESTRING (139.678847 35.784161999999995, 139.678947 35.784262)",w_metro_only;w_bus_metro;d_metro_only;d_bus_metro,東京都交通局,-1,2.1.223:1;2;3;4;5;6;7;8;9;10;11;12;13;14;15;16;17;18;19;20;21;22;23;24;25;26;27
1000908,1000044,1500150,metro,1,2.1,2,boarding_links,14.318001238838189,1,999999,2.0,0,7.5,999999,0.15,4,0,"LINESTRING (139.672867 35.787074, 139.672767 35.786973999999994)",w_metro_only;w_bus_metro;d_metro_only;d_bus_metro,東京都交通局,-1,2.1.224:1;2;3;4;5;6;7;8;9;10;11;12;13;14;15;16;17;18;19;20;21;22;23
1000909,1500150,1000044,metro,1,2.1,2,deboarding_links,14.318001238838189,1,999999,2.0,0,0.0,999999,0.15,4,0,"LINESTRING (139.672767 35.786973999999994, 139.672867 35.787074)",w_metro_only;w_bus_metro;d_metro_only;d_bus_metro,東京都交通局,-1,2.1.224:1;2;3;4;5;6;7;8;9;10;11;12;13;14;15;16;17;18;19;20;21;22;23
1000910,1000044,1500151,metro,1,2.1,2,boarding_links,14.318001238838189,1,999999,2.0,0,2.727272727272727,999999,0.15,4,0,"LINESTRING (139.672867 35.787074, 139.672767 35.786973999999994)",w_metro_only;w_bus_metro;d_metro_only;d_bus_metro,東京都交通局,-1,2.1.224:1;2;3;4;5;6;7;8;9;10;11;12;13;14;15;16;17;18;19;20;21;22;23;24;25
1000911,1500151,1000044,metro,1,2.1,2,deboarding_links,14.318001238838189,1,999999,2.0,0,0.0,999999,0.15,4,0,"LINESTRING (139.672767 35.786973999999994, 139.672867 35.787074)",w_metro_only;w_bus_metro;d_metro_only;d_bus_metro,東京都交通局,-1,2.1.224:1;2;3;4;5;6;7;8;9;10;11;12;13;14;15;16;17;18;19;20;21;22;23;24;25
1000912,1000044,1500152,metro,1,2.1,2,boarding_links,14.318001238838189,1,999999,2.0,0,2.0,999999,0.15,4,0,"LINESTRING (139.672867 35.787074, 139.672767 35.786973999999994)",w_metro_only;w_bus_metro;d_metro_only;d_bus_metro,東京都交通局,-1,2.1.224:1;2;3;4;5;6;7;8;9;10;11;12;13;14;15;16;17;18;19;20;21;22;23;24;25;26;27
1000913,1500152,1000044,metro,1,2.1,2,deboarding_links,14.318001238838189,1,999999,2.0,0,0.0,999999,0.15,4,0,"LINESTRING (139.672767 35.786973999999994, 139.672867 35.787074)",w_metro_only;w_bus_metro;d_metro_only;d_bus_metro,東京都交通局,-1,2.1.224:1;2;3;4;5;6;7;8;9;10;11;12;13;14;15;16;17;18;19;20;21;22;23;24;25;26;27
1000914,1000045,1500153,metro,1,2.1,2,boarding_links,14.317870114033882,1,999999,2.0,0,7.5,999999,0.15,4,0,"LINESTRING (139.661361 35.788908, 139.661261 35.788807999999996)",w_metro_only;w_bus_metro;d_metro_only;d_bus_metro,東京都交通局,-1,2.1.225:1;2;3;4;5;6;7;8;9;10;11;12;13;14;15;16;17;18;19;20;21;22;23
1000915,1500153,1000045,metro,1,2.1,2,deboarding_links,14.317870114033882,1,999999,2.0,0,0.0,999999,0.15,4,0,"LINESTRING (139.661261 35.788807999999996, 139.661361 35.788908)",w_metro_only;w_bus_metro;d_metro_only;d_bus_metro,東京都交通局,-1,2.1.225:1;2;3;4;5;6;7;8;9;10;11;12;13;14;15;16;17;18;19;20;21;22;23
1000916,1000045,1500154,metro,1,2.1,2,boarding_links,14.317870114033882,1,999999,2.0,0,2.727272727272727,999999,0.15,4,0,"LINESTRING (139.661361 35.788908, 139.661261 35.788807999999996)",w_metro_only;w_bus_metro;d_metro_only;d_bus_metro,東京都交通局,-1,2.1.225:1;2;3;4;5;6;7;8;9;10;11;12;13;14;15;16;17;18;19;20;21;22;23;24;25
1000917,1500154,1000045,metro,1,2.1,2,deboarding_links,14.317870114033882,1,999999,2.0,0,0.0,999999,0.15,4,0,"LINESTRING (139.661261 35.788807999999996, 139.661361 35.788908)",w_metro_only;w_bus_metro;d_metro_only;d_bus_metro,東京都交通局,-1,2.1.225:1;2;3;4;5;6;7;8;9;10;11;12;13;14;15;16;17;18;19;20;21;22;23;24;25
1000918,1000045,1500155,metro,1,2.1,2,boarding_links,14.317870114033882,1,999999,2.0,0,2.0,999999,0.15,4,0,"LINESTRING (139.661361 35.788908, 139.661261 35.788807999999996)",w_metro_only;w_bus_metro;d_metro_only;d_bus_metro,東京都交通局,-1,2.1.225:1;2;3;4;5;6;7;8;9;10;11;12;13;14;15;16;17;18;19;20;21;22;23;24;25;26;27
1000919,1500155,1000045,metro,1,2.1,2,deboarding_links,14.317870114033882,1,999999,2.0,0,0.0,999999,0.15,4,0,"LINESTRING (139.661261 35.788807999999996, 139.661361 35.788908)",w_metro_only;w_bus_metro;d_metro_only;d_bus_metro,東京都交通局,-1,2.1.225:1;2;3;4;5;6;7;8;9;10;11;12;13;14;15;16;17;18;19;20;21;22;23;24;25;26;27
1000920,1000046,1500156,metro,1,2.1,2,boarding_links,14.317771374561161,1,999999,2.0,0,2.727272727272727,999999,0.15,4,0,"LINESTRING (139.65405 35.790289, 139.65395 35.790189)",w_metro_only;w_bus_metro;d_metro_only;d_bus_metro,東京都交通局,-1,2.1.226:1;2;3;4;5;6;7;8;9;10;11;12;13;14;15;16;17;18;19;20;21;22;23;24;25
1000921,1500156,1000046,metro,1,2.1,2,deboarding_links,14.317771374561161,1,999999,2.0,0,0.0,999999,0.15,4,0,"LINESTRING (139.65395 35.790189, 139.65405 35.790289)",w_metro_only;w_bus_metro;d_metro_only;d_bus_metro,東京都交通局,-1,2.1.226:1;2;3;4;5;6;7;8;9;10;11;12;13;14;15;16;17;18;19;20;21;22;23;24;25
1000922,1000046,1500157,metro,1,2.1,2,boarding_links,14.317771374561161,1,999999,2.0,0,2.0,999999,0.15,4,0,"LINESTRING (139.65405 35.790289, 139.65395 35.790189)",w_metro_only;w_bus_metro;d_metro_only;d_bus_metro,東京都交通局,-1,2.1.226:1;2;3;4;5;6;7;8;9;10;11;12;13;14;15;16;17;18;19;20;21;22;23;24;25;26;27
1000923,1500157,1000046,metro,1,2.1,2,deboarding_links,14.317771374561161,1,999999,2.0,0,0.0,999999,0.15,4,0,"LINESTRING (139.65395 35.790189, 139.65405 35.790289)",w_metro_only;w_bus_metro;d_metro_only;d_bus_metro,東京都交通局,-1,2.1.226:1;2;3;4;5;6;7;8;9;10;11;12;13;14;15;16;17;18;19;20;21;22;23;24;25;26;27
1000924,1000047,1500158,metro,1,2.1,2,boarding_links,14.317651539977534,1,999999,2.0,0,2.727272727272727,999999,0.15,4,0,"LINESTRING (139.645421 35.791965, 139.645321 35.791864999999994)",w_metro_only;w_bus_metro;d_metro_only;d_bus_metro,東京都交通局,-1,2.1.227:1;2;3;4;5;6;7;8;9;10;11;12;13;14;15;16;17;18;19;20;21;22;23;24;25
1000925,1500158,1000047,metro,1,2.1,2,deboarding_links,14.317651539977534,1,999999,2.0,0,0.0,999999,0.15,4,0,"LINESTRING (139.645321 35.791864999999994, 139.645421 35.791965)",w_metro_only;w_bus_metro;d_metro_only;d_bus_metro,東京都交通局,-1,2.1.227:1;2;3;4;5;6;7;8;9;10;11;12;13;14;15;16;17;18;19;20;21;22;23;24;25
1000926,1000047,1500159,metro,1,2.1,2,boarding_links,14.317651539977534,1,999999,2.0,0,2.0,999999,0.15,4,0,"LINESTRING (139.645421 35.791965, 139.645321 35.791864999999994)",w_metro_only;w_bus_metro;d_metro_only;d_bus_metro,東京都交通局,-1,2.1.227:1;2;3;4;5;6;7;8;9;10;11;12;13;14;15;16;17;18;19;20;21;22;23;24;25;26;27
1000927,1500159,1000047,metro,1,2.1,2,deboarding_links,14.317651539977534,1,999999,2.0,0,0.0,999999,0.15,4,0,"LINESTRING (139.645321 35.791864999999994, 139.645421 35.791965)",w_metro_only;w_bus_metro;d_metro_only;d_bus_metro,東京都交通局,-1,2.1.227:1;2;3;4;5;6;7;8;9;10;11;12;13;14;15;16;17;18;19;20;21;22;23;24;25;26;27
1000928,1000021,1500160,metro,1,2.2,2,boarding_links,14.328957409831283,1,999999,2.0,0,2.0,999999,0.15,4,0,"LINESTRING (139.715444 35.633635, 139.715344 35.633534999999995)",w_metro_only;w_bus_metro;d_metro_only;d_bus_metro,東京都交通局,-1,2.2.201:1;2;3;4;5;6;7;8;9;10;11;12;13;14;15;16;17;18;19;20;21;22;23;24;25;26;27
1000929,1500160,1000021,metro,1,2.2,2,deboarding_links,14.328957409831283,1,999999,2.0,0,0.0,999999,0.15,4,0,"LINESTRING (139.715344 35.633534999999995, 139.715444 35.633635)",w_metro_only;w_bus_metro;d_metro_only;d_bus_metro,東京都交通局,-1,2.2.201:1;2;3;4;5;6;7;8;9;10;11;12;13;14;15;16;17;18;19;20;21;22;23;24;25;26;27
1000930,1000022,1500161,metro,1,2.2,2,boarding_links,14.328656746259977,1,999999,2.0,0,2.0,999999,0.15,4,0,"LINESTRING (139.726007 35.637851, 139.725907 35.637750999999994)",w_metro_only;w_bus_metro;d_metro_only;d_bus_metro,東京都交通局,-1,2.2.202:1;2;3;4;5;6;7;8;9;10;11;12;13;14;15;16;17;18;19;20;21;22;23;24;25;26;27
1000931,1500161,1000022,metro,1,2.2,2,deboarding_links,14.328656746259977,1,999999,2.0,0,0.0,999999,0.15,4,0,"LINESTRING (139.725907 35.637750999999994, 139.726007 35.637851)",w_metro_only;w_bus_metro;d_metro_only;d_bus_metro,東京都交通局,-1,2.2.202:1;2;3;4;5;6;7;8;9;10;11;12;13;14;15;16;17;18;19;20;21;22;23;24;25;26;27
1000932,1000023,1500162,metro,1,2.2,2,boarding_links,14.32826933237185,1,999999,2.0,0,6.0,999999,0.15,4,0,"LINESTRING (139.734344 35.643283, 139.734244 35.64318299999999)",w_metro_only;w_bus_metro;d_metro_only;d_bus_metro,東京都交通局,-1,2.2.203:1;2;3;4;5;6;7;8;9;10;11;12;13;14;15;16;17;18;19;20;21;22;23;24;25
1000933,1500162,1000023,metro,1,2.2,2,deboarding_links,14.32826933237185,1,999999,2.0,0,0.0,999999,0.15,4,0,"LINESTRING (139.734244 35.64318299999999, 139.734344 35.643283)",w_metro_only;w_bus_metro;d_metro_only;d_bus_metro,東京都交通局,-1,2.2.203:1;2;3;4;5;6;7;8;9;10;11;12;13;14;15;16;17;18;19;20;21;22;23;24;25
1000934,1000023,1500163,metro,1,2.2,2,boarding_links,14.32826933237185,1,999999,2.0,0,2.0,999999,0.15,4,0,"LINESTRING (139.734344 35.643283, 139.734244 35.64318299999999)",w_metro_only;w_bus_metro;d_metro_only;d_bus_metro,東京都交通局,-1,2.2.203:1;2;3;4;5;6;7;8;9;10;11;12;13;14;15;16;17;18;19;20;21;22;23;24;25;26;27
1000935,1500163,1000023,metro,1,2.2,2,deboarding_links,14.32826933237185,1,999999,2.0,0,0.0,999999,0.15,4,0,"LINESTRING (139.734244 35.64318299999999, 139.734344 35.643283)",w_metro_only;w_bus_metro;d_metro_only;d_bus_metro,東京都交通局,-1,2.2.203:1;2;3;4;5;6;7;8;9;10;11;12;13;14;15;16;17;18;19;20;21;22;23;24;25;26;27
1000936,1000024,1500164,metro,1,2.2,2,boarding_links,14.327886519598652,1,999999,2.0,0,6.0,999999,0.15,4,0,"LINESTRING (139.748998 35.64865, 139.748898 35.64855)",w_metro_only;w_bus_metro;d_metro_only;d_bus_metro,東京都交通局,-1,2.2.204:1;2;3;4;5;6;7;8;9;10;11;12;13;14;15;16;17;18;19;20;21;22;23;24;25
1000937,1500164,1000024,metro,1,2.2,2,deboarding_links,14.327886519598652,1,999999,2.0,0,0.0,999999,0.15,4,0,"LINESTRING (139.748898 35.64855, 139.748998 35.64865)",w_metro_only;w_bus_metro;d_metro_only;d_bus_metro,東京都交通局,-1,2.2.204:1;2;3;4;5;6;7;8;9;10;11;12;13;14;15;16;17;18;19;20;21;22;23;24;25
1000938,1000024,1500165,metro,1,2.2,2,boarding_links,14.327886519598652,1,999999,2.0,0,2.0,999999,0.15,4,0,"LINESTRING (139.748998 35.64865, 139.748898 35.64855)",w_metro_only;w_bus_metro;d_metro_only;d_bus_metro,東京都交通局,-1,2.2.204:1;2;3;4;5;6;7;8;9;10;11;12;13;14;15;16;17;18;19;20;21;22;23;24;25;26;27
1000939,1500165,1000024,metro,1,2.2,2,deboarding_links,14.327886519598652,1,999999,2.0,0,0.0,999999,0.15,4,0,"LINESTRING (139.748898 35.64855, 139.748998 35.64865)",w_metro_only;w_bus_metro;d_metro_only;d_bus_metro,東京都交通局,-1,2.2.204:1;2;3;4;5;6;7;8;9;10;11;12;13;14;15;16;17;18;19;20;21;22;23;24;25;26;27
1000940,1000025,1500166,metro,1,2.2,2,boarding_links,14.327491616382463,1,999999,2.0,0,6.0,999999,0.15,4,0,"LINESTRING (139.74985 35.654186, 139.74975 35.654086)",w_metro_only;w_bus_metro;d_metro_only;d_bus_metro,東京都交通局,-1,2.2.205:1;2;3;4;5;6;7;8;9;10;11;12;13;14;15;16;17;18;19;20;21;22;23;24;25
1000941,1500166,1000025,metro,1,2.2,2,deboarding_links,14.327491616382463,1,999999,2.0,0,0.0,999999,0.15,4,0,"LINESTRING (139.74975 35.654086, 139.74985 35.654186)",w_metro_only;w_bus_metro;d_metro_only;d_bus_metro,東京都交通局,-1,2.2.205:1;2;3;4;5;6;7;8;9;10;11;12;13;14;15;16;17;18;19;20;21;22;23;24;25
1000942,1000025,1500167,metro,1,2.2,2,boarding_links,14.327491616382463,1,999999,2.0,0,2.0,999999,0.15,4,0,"LINESTRING (139.74985 35.654186, 139.74975 35.654086)",w_metro_only;w_bus_metro;d_metro_only;d_bus_metro,東京都交通局,-1,2.2.205:1;2;3;4;5;6;7;8;9;10;11;12;13;14;15;16;17;18;19;20;21;22;23;24;25;26;27
1000943,1500167,1000025,metro,1,2.2,2,deboarding_links,14.327491616382463,1,999999,2.0,0,0.0,999999,0.15,4,0,"LINESTRING (139.74975 35.654086, 139.74985 35.654186)",w_metro_only;w_bus_metro;d_metro_only;d_bus_metro,東京都交通局,-1,2.2.205:1;2;3;4;5;6;7;8;9;10;11;12;13;14;15;16;17;18;19;20;21;22;23;24;25;26;27
1000944,1000026,1500168,metro,1,2.2,2,boarding_links,14.327021622312849,1,999999,2.0,0,6.0,999999,0.15,4,0,"LINESTRING (139.751366 35.660774, 139.751266 35.660674)",w_metro_only;w_bus_metro;d_metro_only;d_bus_metro,東京都交通局,-1,2.2.206:1;2;3;4;5;6;7;8;9;10;11;12;13;14;15;16;17;18;19;20;21;22;23;24;25
1000945,1500168,1000026,metro,1,2.2,2,deboarding_links,14.327021622312849,1,999999,2.0,0,0.0,999999,0.15,4,0,"LINESTRING (139.751266 35.660674, 139.751366 35.660774)",w_metro_only;w_bus_metro;d_metro_only;d_bus_metro,東京都交通局,-1,2.2.206:1;2;3;4;5;6;7;8;9;10;11;12;13;14;15;16;17;18;19;20;21;22;23;24;25
1000946,1000026,1500169,metro,1,2.2,2,boarding_links,14.327021622312849,1,999999,2.0,0,2.0,999999,0.15,4,0,"LINESTRING (139.751366 35.660774, 139.751266 35.660674)",w_metro_only;w_bus_metro;d_metro_only;d_bus_metro,東京都交通局,-1,2.2.206:1;2;3;4;5;6;7;8;9;10;11;12;13;14;15;16;17;18;19;20;21;22;23;24;25;26;27
1000947,1500169,1000026,metro,1,2.2,2,deboarding_links,14.327021622312849,1,999999,2.0,0,0.0,999999,0.15,4,0,"LINESTRING (139.751266 35.660674, 139.751366 35.660774)",w_metro_only;w_bus_metro;d_metro_only;d_bus_metro,東京都交通局,-1,2.2.206:1;2;3;4;5;6;7;8;9;10;11;12;13;14;15;16;17;18;19;20;21;22;23;24;25;26;27
1000948,1000027,1500170,metro,1,2.2,2,boarding_links,14.326410152755766,1,999999,2.0,0,6.0,999999,0.15,4,0,"LINESTRING (139.75533 35.669344, 139.75522999999998 35.669244)",w_metro_only;w_bus_metro;d_metro_only;d_bus_metro,東京都交通局,-1,2.2.207:1;2;3;4;5;6;7;8;9;10;11;12;13;14;15;16;17;18;19;20;21;22;23;24;25
1000949,1500170,1000027,metro,1,2.2,2,deboarding_links,14.326410152755766,1,999999,2.0,0,0.0,999999,0.15,4,0,"LINESTRING (139.75522999999998 35.669244, 139.75533 35.669344)",w_metro_only;w_bus_metro;d_metro_only;d_bus_metro,東京都交通局,-1,2.2.207:1;2;3;4;5;6;7;8;9;10;11;12;13;14;15;16;17;18;19;20;21;22;23;24;25
1000950,1000027,1500171,metro,1,2.2,2,boarding_links,14.326410152755766,1,999999,2.0,0,2.0,999999,0.15,4,0,"LINESTRING (139.75533 35.669344, 139.75522999999998 35.669244)",w_metro_only;w_bus_metro;d_metro_only;d_bus_metro,東京都交通局,-1,2.2.207:1;2;3;4;5;6;7;8;9;10;11;12;13;14;15;16;17;18;19;20;21;22;23;24;25;26;27
1000951,1500171,1000027,metro,1,2.2,2,deboarding_links,14.326410152755766,1,999999,2.0,0,0.0,999999,0.15,4,0,"LINESTRING (139.75522999999998 35.669244, 139.75533 35.669344)",w_metro_only;w_bus_metro;d_metro_only;d_bus_metro,東京都交通局,-1,2.2.207:1;2;3;4;5;6;7;8;9;10;11;12;13;14;15;16;17;18;19;20;21;22;23;24;25;26;27
1000952,1000028,1500172,metro,1,2.2,2,boarding_links,14.325893438857696,1,999999,2.0,0,6.0,999999,0.15,4,0,"LINESTRING (139.760274 35.676585, 139.760174 35.676485)",w_metro_only;w_bus_metro;d_metro_only;d_bus_metro,東京都交通局,-1,2.2.208:1;2;3;4;5;6;7;8;9;10;11;12;13;14;15;16;17;18;19;20;21;22;23;24;25
1000953,1500172,1000028,metro,1,2.2,2,deboarding_links,14.325893438857696,1,999999,2.0,0,0.0,999999,0.15,4,0,"LINESTRING (139.760174 35.676485, 139.760274 35.676585)",w_metro_only;w_bus_metro;d_metro_only;d_bus_metro,東京都交通局,-1,2.2.208:1;2;3;4;5;6;7;8;9;10;11;12;13;14;15;16;17;18;19;20;21;22;23;24;25
1000954,1000028,1500173,metro,1,2.2,2,boarding_links,14.325893438857696,1,999999,2.0,0,2.0,999999,0.15,4,0,"LINESTRING (139.760274 35.676585, 139.760174 35.676485)",w_metro_only;w_bus_metro;d_metro_only;d_bus_metro,東京都交通局,-1,2.2.208:1;2;3;4;5;6;7;8;9;10;11;12;13;14;15;16;17;18;19;20;21;22;23;24;25;26;27
1000955,1500173,1000028,metro,1,2.2,2,deboarding_links,14.325893438857696,1,999999,2.0,0,0.0,999999,0.15,4,0,"LINESTRING (139.760174 35.676485, 139.760274 35.676585)",w_metro_only;w_bus_metro;d_metro_only;d_bus_metro,東京都交通局,-1,2.2.208:1;2;3;4;5;6;7;8;9;10;11;12;13;14;15;16;17;18;19;20;21;22;23;24;25;26;27
1000956,1000029,1500174,metro,1,2.2,2,boarding_links,14.325357605756778,1,999999,2.0,0,6.0,999999,0.15,4,0,"LINESTRING (139.762798 35.684093, 139.762698 35.683992999999994)",w_metro_only;w_bus_metro;d_metro_only;d_bus_metro,東京都交通局,-1,2.2.209:1;2;3;4;5;6;7;8;9;10;11;12;13;14;15;16;17;18;19;20;21;22;23;24;25
1000957,1500174,1000029,metro,1,2.2,2,deboarding_links,14.325357605756778,1,999999,2.0,0,0.0,999999,0.15,4,0,"LINESTRING (139.762698 35.683992999999994, 139.762798 35.684093)",w_metro_only;w_bus_metro;d_metro_only;d_bus_metro,東京都交通局,-1,2.2.209:1;2;3;4;5;6;7;8;9;10;11;12;13;14;15;16;17;18;19;20;21;22;23;24;25
1000958,1000029,1500175,metro,1,2.2,2,boarding_links,14.325357605756778,1,999999,2.0,0,2.0,999999,0.15,4,0,"LINESTRING (139.762798 35.684093, 139.762698 35.683992999999994)",w_metro_only;w_bus_metro;d_metro_only;d_bus_metro,東京都交通局,-1,2.2.209:1;2;3;4;5;6;7;8;9;10;11;12;13;14;15;16;17;18;19;20;21;22;23;24;25;26;27
1000959,1500175,1000029,metro,1,2.2,2,deboarding_links,14.325357605756778,1,999999,2.0,0,0.0,999999,0.15,4,0,"LINESTRING (139.762698 35.683992999999994, 139.762798 35.684093)",w_metro_only;w_bus_metro;d_metro_only;d_bus_metro,東京都交通局,-1,2.2.209:1;2;3;4;5;6;7;8;9;10;11;12;13;14;15;16;17;18;19;20;21;22;23;24;25;26;27
1000960,1000030,1500176,metro,1,2.2,2,boarding_links,14.324555443017818,1,999999,2.0,0,6.0,999999,0.15,4,0,"LINESTRING (139.758213 35.695331, 139.758113 35.695231)",w_metro_only;w_bus_metro;d_metro_only;d_bus_metro,東京都交通局,-1,2.2.210:1;2;3;4;5;6;7;8;9;10;11;12;13;14;15;16;17;18;19;20;21;22;23;24;25
1000961,1500176,1000030,metro,1,2.2,2,deboarding_links,14.324555443017818,1,999999,2.0,0,0.0,999999,0.15,4,0,"LINESTRING (139.758113 35.695231, 139.758213 35.695331)",w_metro_only;w_bus_metro;d_metro_only;d_bus_metro,東京都交通局,-1,2.2.210:1;2;3;4;5;6;7;8;9;10;11;12;13;14;15;16;17;18;19;20;21;22;23;24;25
1000962,1000030,1500177,metro,1,2.2,2,boarding_links,14.324555443017818,1,999999,2.0,0,2.0,999999,0.15,4,0,"LINESTRING (139.758213 35.695331, 139.758113 35.695231)",w_metro_only;w_bus_metro;d_metro_only;d_bus_metro,東京都交通局,-1,2.2.210:1;2;3;4;5;6;7;8;9;10;11;12;13;14;15;16;17;18;19;20;21;22;23;24;25;26;27
1000963,1500177,1000030,metro,1,2.2,2,deboarding_links,14.324555443017818,1,999999,2.0,0,0.0,999999,0.15,4,0,"LINESTRING (139.758113 35.695231, 139.758213 35.695331)",w_metro_only;w_bus_metro;d_metro_only;d_bus_metro,東京都交通局,-1,2.2.210:1;2;3;4;5;6;7;8;9;10;11;12;13;14;15;16;17;18;19;20;21;22;23;24;25;26;27
1000964,1000031,1500178,metro,1,2.2,2,boarding_links,14.323975105064052,1,999999,2.0,0,6.0,999999,0.15,4,0,"LINESTRING (139.755147 35.70346, 139.755047 35.703359999999996)",w_metro_only;w_bus_metro;d_metro_only;d_bus_metro,東京都交通局,-1,2.2.211:1;2;3;4;5;6;7;8;9;10;11;12;13;14;15;16;17;18;19;20;21;22;23;24;25
1000965,1500178,1000031,metro,1,2.2,2,deboarding_links,14.323975105064052,1,999999,2.0,0,0.0,999999,0.15,4,0,"LINESTRING (139.755047 35.703359999999996, 139.755147 35.70346)",w_metro_only;w_bus_metro;d_metro_only;d_bus_metro,東京都交通局,-1,2.2.211:1;2;3;4;5;6;7;8;9;10;11;12;13;14;15;16;17;18;19;20;21;22;23;24;25
1000966,1000031,1500179,metro,1,2.2,2,boarding_links,14.323975105064052,1,999999,2.0,0,2.0,999999,0.15,4,0,"LINESTRING (139.755147 35.70346, 139.755047 35.703359999999996)",w_metro_only;w_bus_metro;d_metro_only;d_bus_metro,東京都交通局,-1,2.2.211:1;2;3;4;5;6;7;8;9;10;11;12;13;14;15;16;17;18;19;20;21;22;23;24;25;26;27
1000967,1500179,1000031,metro,1,2.2,2,deboarding_links,14.323975105064052,1,999999,2.0,0,0.0,999999,0.15,4,0,"LINESTRING (139.755047 35.703359999999996, 139.755147 35.70346)",w_metro_only;w_bus_metro;d_metro_only;d_bus_metro,東京都交通局,-1,2.2.211:1;2;3;4;5;6;7;8;9;10;11;12;13;14;15;16;17;18;19;20;21;22;23;24;25;26;27
1000968,1000032,1500180,metro,1,2.2,2,boarding_links,14.323541567036457,1,999999,2.0,0,6.0,999999,0.15,4,0,"LINESTRING (139.753287 35.709532, 139.753187 35.709432)",w_metro_only;w_bus_metro;d_metro_only;d_bus_metro,東京都交通局,-1,2.2.212:1;2;3;4;5;6;7;8;9;10;11;12;13;14;15;16;17;18;19;20;21;22;23;24;25
1000969,1500180,1000032,metro,1,2.2,2,deboarding_links,14.323541567036457,1,999999,2.0,0,0.0,999999,0.15,4,0,"LINESTRING (139.753187 35.709432, 139.753287 35.709532)",w_metro_only;w_bus_metro;d_metro_only;d_bus_metro,東京都交通局,-1,2.2.212:1;2;3;4;5;6;7;8;9;10;11;12;13;14;15;16;17;18;19;20;21;22;23;24;25
1000970,1000032,1500181,metro,1,2.2,2,boarding_links,14.323541567036457,1,999999,2.0,0,2.0,999999,0.15,4,0,"LINESTRING (139.753287 35.709532, 139.753187 35.709432)",w_metro_only;w_bus_metro;d_metro_only;d_bus_metro,東京都交通局,-1,2.2.212:1;2;3;4;5;6;7;8;9;10;11;12;13;14;15;16;17;18;19;20;21;22;23;24;25;26;27
1000971,1500181,1000032,metro,1,2.2,2,deboarding_links,14.323541567036457,1,999999,2.0,0,0.0,999999,0.15,4,0,"LINESTRING (139.753187 35.709432, 139.753287 35.709532)",w_metro_only;w_bus_metro;d_metro_only;d_bus_metro,東京都交通局,-1,2.2.212:1;2;3;4;5;6;7;8;9;10;11;12;13;14;15;16;17;18;19;20;21;22;23;24;25;26;27
1000972,1000033,1500182,metro,1,2.2,2,boarding_links,14.322673930444479,1,999999,2.0,0,6.0,999999,0.15,4,0,"LINESTRING (139.752134 35.721682, 139.752034 35.721582)",w_metro_only;w_bus_metro;d_metro_only;d_bus_metro,東京都交通局,-1,2.2.213:1;2;3;4;5;6;7;8;9;10;11;12;13;14;15;16;17;18;19;20;21;22;23;24;25
1000973,1500182,1000033,metro,1,2.2,2,deboarding_links,14.322673930444479,1,999999,2.0,0,0.0,999999,0.15,4,0,"LINESTRING (139.752034 35.721582, 139.752134 35.721682)",w_metro_only;w_bus_metro;d_metro_only;d_bus_metro,東京都交通局,-1,2.2.213:1;2;3;4;5;6;7;8;9;10;11;12;13;14;15;16;17;18;19;20;21;22;23;24;25
1000974,1000033,1500183,metro,1,2.2,2,boarding_links,14.322673930444479,1,999999,2.0,0,2.0,999999,0.15,4,0,"LINESTRING (139.752134 35.721682, 139.752034 35.721582)",w_metro_only;w_bus_metro;d_metro_only;d_bus_metro,東京都交通局,-1,2.2.213:1;2;3;4;5;6;7;8;9;10;11;12;13;14;15;16;17;18;19;20;21;22;23;24;25;26;27
1000975,1500183,1000033,metro,1,2.2,2,deboarding_links,14.322673930444479,1,999999,2.0,0,0.0,999999,0.15,4,0,"LINESTRING (139.752034 35.721582, 139.752134 35.721682)",w_metro_only;w_bus_metro;d_metro_only;d_bus_metro,東京都交通局,-1,2.2.213:1;2;3;4;5;6;7;8;9;10;11;12;13;14;15;16;17;18;19;20;21;22;23;24;25;26;27
1000976,1000034,1500184,metro,1,2.2,2,boarding_links,14.322238974725007,1,999999,2.0,0,6.0,999999,0.15,4,0,"LINESTRING (139.744984 35.727772, 139.74488399999998 35.727672)",w_metro_only;w_bus_metro;d_metro_only;d_bus_metro,東京都交通局,-1,2.2.214:1;2;3;4;5;6;7;8;9;10;11;12;13;14;15;16;17;18;19;20;21;22;23;24;25
1000977,1500184,1000034,metro,1,2.2,2,deboarding_links,14.322238974725007,1,999999,2.0,0,0.0,999999,0.15,4,0,"LINESTRING (139.74488399999998 35.727672, 139.744984 35.727772)",w_metro_only;w_bus_metro;d_metro_only;d_bus_metro,東京都交通局,-1,2.2.214:1;2;3;4;5;6;7;8;9;10;11;12;13;14;15;16;17;18;19;20;21;22;23;24;25
1000978,1000034,1500185,metro,1,2.2,2,boarding_links,14.322238974725007,1,999999,2.0,0,2.0,999999,0.15,4,0,"LINESTRING (139.744984 35.727772, 139.74488399999998 35.727672)",w_metro_only;w_bus_metro;d_metro_only;d_bus_metro,東京都交通局,-1,2.2.214:1;2;3;4;5;6;7;8;9;10;11;12;13;14;15;16;17;18;19;20;21;22;23;24;25;26;27
1000979,1500185,1000034,metro,1,2.2,2,deboarding_links,14.322238974725007,1,999999,2.0,0,0.0,999999,0.15,4,0,"LINESTRING (139.74488399999998 35.727672, 139.744984 35.727772)",w_metro_only;w_bus_metro;d_metro_only;d_bus_metro,東京都交通局,-1,2.2.214:1;2;3;4;5;6;7;8;9;10;11;12;13;14;15;16;17;18;19;20;21;22;23;24;25;26;27
1000980,1000035,1500186,metro,1,2.2,2,boarding_links,14.32180890359407,1,999999,2.0,0,6.0,999999,0.15,4,0,"LINESTRING (139.738154 35.733793, 139.738054 35.733692999999995)",w_metro_only;w_bus_metro;d_metro_only;d_bus_metro,東京都交通局,-1,2.2.215:1;2;3;4;5;6;7;8;9;10;11;12;13;14;15;16;17;18;19;20;21;22;23;24;25
1000981,1500186,1000035,metro,1,2.2,2,deboarding_links,14.32180890359407,1,999999,2.0,0,0.0,999999,0.15,4,0,"LINESTRING (139.738054 35.733692999999995, 139.738154 35.733793)",w_metro_only;w_bus_metro;d_metro_only;d_bus_metro,東京都交通局,-1,2.2.215:1;2;3;4;5;6;7;8;9;10;11;12;13;14;15;16;17;18;19;20;21;22;23;24;25
1000982,1000035,1500187,metro,1,2.2,2,boarding_links,14.32180890359407,1,999999,2.0,0,2.0,999999,0.15,4,0,"LINESTRING (139.738154 35.733793, 139.738054 35.733692999999995)",w_metro_only;w_bus_metro;d_metro_only;d_bus_metro,東京都交通局,-1,2.2.215:1;2;3;4;5;6;7;8;9;10;11;12;13;14;15;16;17;18;19;20;21;22;23;24;25;26;27
1000983,1500187,1000035,metro,1,2.2,2,deboarding_links,14.32180890359407,1,999999,2.0,0,0.0,999999,0.15,4,0,"LINESTRING (139.738054 35.733692999999995, 139.738154 35.733793)",w_metro_only;w_bus_metro;d_metro_only;d_bus_metro,東京都交通局,-1,2.2.215:1;2;3;4;5;6;7;8;9;10;11;12;13;14;15;16;17;18;19;20;21;22;23;24;25;26;27
1000984,1000036,1500188,metro,1,2.2,2,boarding_links,14.321110597760837,1,999999,2.0,0,6.0,999999,0.15,4,0,"LINESTRING (139.728703 35.743568, 139.728603 35.743468)",w_metro_only;w_bus_metro;d_metro_only;d_bus_metro,東京都交通局,-1,2.2.216:1;2;3;4;5;6;7;8;9;10;11;12;13;14;15;16;17;18;19;20;21;22;23;24;25
1000985,1500188,1000036,metro,1,2.2,2,deboarding_links,14.321110597760837,1,999999,2.0,0,0.0,999999,0.15,4,0,"LINESTRING (139.728603 35.743468, 139.728703 35.743568)",w_metro_only;w_bus_metro;d_metro_only;d_bus_metro,東京都交通局,-1,2.2.216:1;2;3;4;5;6;7;8;9;10;11;12;13;14;15;16;17;18;19;20;21;22;23;24;25
1000986,1000036,1500189,metro,1,2.2,2,boarding_links,14.321110597760837,1,999999,2.0,0,2.0,999999,0.15,4,0,"LINESTRING (139.728703 35.743568, 139.728603 35.743468)",w_metro_only;w_bus_metro;d_metro_only;d_bus_metro,東京都交通局,-1,2.2.216:1;2;3;4;5;6;7;8;9;10;11;12;13;14;15;16;17;18;19;20;21;22;23;24;25;26;27
1000987,1500189,1000036,metro,1,2.2,2,deboarding_links,14.321110597760837,1,999999,2.0,0,0.0,999999,0.15,4,0,"LINESTRING (139.728603 35.743468, 139.728703 35.743568)",w_metro_only;w_bus_metro;d_metro_only;d_bus_metro,東京都交通局,-1,2.2.216:1;2;3;4;5;6;7;8;9;10;11;12;13;14;15;16;17;18;19;20;21;22;23;24;25;26;27
1000988,1000037,1500190,metro,1,2.2,2,boarding_links,14.320738788295028,1,999999,2.0,0,6.0,999999,0.15,4,0,"LINESTRING (139.719808 35.748772, 139.719708 35.748672)",w_metro_only;w_bus_metro;d_metro_only;d_bus_metro,東京都交通局,-1,2.2.217:1;2;3;4;5;6;7;8;9;10;11;12;13;14;15;16;17;18;19;20;21;22;23;24;25
1000989,1500190,1000037,metro,1,2.2,2,deboarding_links,14.320738788295028,1,999999,2.0,0,0.0,999999,0.15,4,0,"LINESTRING (139.719708 35.748672, 139.719808 35.748772)",w_metro_only;w_bus_metro;d_metro_only;d_bus_metro,東京都交通局,-1,2.2.217:1;2;3;4;5;6;7;8;9;10;11;12;13;14;15;16;17;18;19;20;21;22;23;24;25
1000990,1000037,1500191,metro,1,2.2,2,boarding_links,14.320738788295028,1,999999,2.0,0,2.0,999999,0.15,4,0,"LINESTRING (139.719808 35.748772, 139.719708 35.748672)",w_metro_only;w_bus_metro;d_metro_only;d_bus_metro,東京都交通局,-1,2.2.217:1;2;3;4;5;6;7;8;9;10;11;12;13;14;15;16;17;18;19;20;21;22;23;24;25;26;27
1000991,1500191,1000037,metro,1,2.2,2,deboarding_links,14.320738788295028,1,999999,2.0,0,0.0,999999,0.15,4,0,"LINESTRING (139.719708 35.748672, 139.719808 35.748772)",w_metro_only;w_bus_metro;d_metro_only;d_bus_metro,東京都交通局,-1,2.2.217:1;2;3;4;5;6;7;8;9;10;11;12;13;14;15;16;17;18;19;20;21;22;23;24;25;26;27
1000992,1000038,1500192,metro,1,2.2,2,boarding_links,14.320553014371164,1,999999,2.0,0,6.0,999999,0.15,4,0,"LINESTRING (139.71012 35.751372, 139.71002 35.751272)",w_metro_only;w_bus_metro;d_metro_only;d_bus_metro,東京都交通局,-1,2.2.218:1;2;3;4;5;6;7;8;9;10;11;12;13;14;15;16;17;18;19;20;21;22;23;24;25
1000993,1500192,1000038,metro,1,2.2,2,deboarding_links,14.320553014371164,1,999999,2.0,0,0.0,999999,0.15,4,0,"LINESTRING (139.71002 35.751272, 139.71012 35.751372)",w_metro_only;w_bus_metro;d_metro_only;d_bus_metro,東京都交通局,-1,2.2.218:1;2;3;4;5;6;7;8;9;10;11;12;13;14;15;16;17;18;19;20;21;22;23;24;25
1000994,1000038,1500193,metro,1,2.2,2,boarding_links,14.320553014371164,1,999999,2.0,0,2.0,999999,0.15,4,0,"LINESTRING (139.71012 35.751372, 139.71002 35.751272)",w_metro_only;w_bus_metro;d_metro_only;d_bus_metro,東京都交通局,-1,2.2.218:1;2;3;4;5;6;7;8;9;10;11;12;13;14;15;16;17;18;19;20;21;22;23;24;25;26;27
1000995,1500193,1000038,metro,1,2.2,2,deboarding_links,14.320553014371164,1,999999,2.0,0,0.0,999999,0.15,4,0,"LINESTRING (139.71002 35.751272, 139.71012 35.751372)",w_metro_only;w_bus_metro;d_metro_only;d_bus_metro,東京都交通局,-1,2.2.218:1;2;3;4;5;6;7;8;9;10;11;12;13;14;15;16;17;18;19;20;21;22;23;24;25;26;27
1000996,1000039,1500194,metro,1,2.2,2,boarding_links,14.319842926551749,1,999999,2.0,0,6.0,999999,0.15,4,0,"LINESTRING (139.705544 35.761309, 139.705444 35.761208999999994)",w_metro_only;w_bus_metro;d_metro_only;d_bus_metro,東京都交通局,-1,2.2.219:1;2;3;4;5;6;7;8;9;10;11;12;13;14;15;16;17;18;19;20;21;22;23;24;25
1000997,1500194,1000039,metro,1,2.2,2,deboarding_links,14.319842926551749,1,999999,2.0,0,0.0,999999,0.15,4,0,"LINESTRING (139.705444 35.761208999999994, 139.705544 35.761309)",w_metro_only;w_bus_metro;d_metro_only;d_bus_metro,東京都交通局,-1,2.2.219:1;2;3;4;5;6;7;8;9;10;11;12;13;14;15;16;17;18;19;20;21;22;23;24;25
1000998,1000039,1500195,metro,1,2.2,2,boarding_links,14.319842926551749,1,999999,2.0,0,2.0,999999,0.15,4,0,"LINESTRING (139.705544 35.761309, 139.705444 35.761208999999994)",w_metro_only;w_bus_metro;d_metro_only;d_bus_metro,東京都交通局,-1,2.2.219:1;2;3;4;5;6;7;8;9;10;11;12;13;14;15;16;17;18;19;20;21;22;23;24;25;26;27
1000999,1500195,1000039,metro,1,2.2,2,deboarding_links,14.319842926551749,1,999999,2.0,0,0.0,999999,0.15,4,0,"LINESTRING (139.705444 35.761208999999994, 139.705544 35.761309)",w_metro_only;w_bus_metro;d_metro_only;d_bus_metro,東京都交通局,-1,2.2.219:1;2;3;4;5;6;7;8;9;10;11;12;13;14;15;16;17;18;19;20;21;22;23;24;25;26;27
1001000,1000040,1500196,metro,1,2.2,2,boarding_links,14.319324274519936,1,999999,2.0,0,6.0,999999,0.15,4,0,"LINESTRING (139.70241 35.768566, 139.70230999999998 35.768466)",w_metro_only;w_bus_metro;d_metro_only;d_bus_metro,東京都交通局,-1,2.2.220:1;2;3;4;5;6;7;8;9;10;11;12;13;14;15;16;17;18;19;20;21;22;23;24;25
1001001,1500196,1000040,metro,1,2.2,2,deboarding_links,14.319324274519936,1,999999,2.0,0,0.0,999999,0.15,4,0,"LINESTRING (139.70230999999998 35.768466, 139.70241 35.768566)",w_metro_only;w_bus_metro;d_metro_only;d_bus_metro,東京都交通局,-1,2.2.220:1;2;3;4;5;6;7;8;9;10;11;12;13;14;15;16;17;18;19;20;21;22;23;24;25
1001002,1000040,1500197,metro,1,2.2,2,boarding_links,14.319324274519936,1,999999,2.0,0,2.0,999999,0.15,4,0,"LINESTRING (139.70241 35.768566, 139.70230999999998 35.768466)",w_metro_only;w_bus_metro;d_metro_only;d_bus_metro,東京都交通局,-1,2.2.220:1;2;3;4;5;6;7;8;9;10;11;12;13;14;15;16;17;18;19;20;21;22;23;24;25;26;27
1001003,1500197,1000040,metro,1,2.2,2,deboarding_links,14.319324274519936,1,999999,2.0,0,0.0,999999,0.15,4,0,"LINESTRING (139.70230999999998 35.768466, 139.70241 35.768566)",w_metro_only;w_bus_metro;d_metro_only;d_bus_metro,東京都交通局,-1,2.2.220:1;2;3;4;5;6;7;8;9;10;11;12;13;14;15;16;17;18;19;20;21;22;23;24;25;26;27
1001004,1000041,1500198,metro,1,2.2,2,boarding_links,14.318787045913183,1,999999,2.0,0,6.0,999999,0.15,4,0,"LINESTRING (139.695097 35.776082, 139.694997 35.775982)",w_metro_only;w_bus_metro;d_metro_only;d_bus_metro,東京都交通局,-1,2.2.221:1;2;3;4;5;6;7;8;9;10;11;12;13;14;15;16;17;18;19;20;21;22;23;24;25
1001005,1500198,1000041,metro,1,2.2,2,deboarding_links,14.318787045913183,1,999999,2.0,0,0.0,999999,0.15,4,0,"LINESTRING (139.694997 35.775982, 139.695097 35.776082)",w_metro_only;w_bus_metro;d_metro_only;d_bus_metro,東京都交通局,-1,2.2.221:1;2;3;4;5;6;7;8;9;10;11;12;13;14;15;16;17;18;19;20;21;22;23;24;25
1001006,1000041,1500199,metro,1,2.2,2,boarding_links,14.318787045913183,1,999999,2.0,0,2.0,999999,0.15,4,0,"LINESTRING (139.695097 35.776082, 139.694997 35.775982)",w_metro_only;w_bus_metro;d_metro_only;d_bus_metro,東京都交通局,-1,2.2.221:1;2;3;4;5;6;7;8;9;10;11;12;13;14;15;16;17;18;19;20;21;22;23;24;25;26;27
1001007,1500199,1000041,metro,1,2.2,2,deboarding_links,14.318787045913183,1,999999,2.0,0,0.0,999999,0.15,4,0,"LINESTRING (139.694997 35.775982, 139.695097 35.776082)",w_metro_only;w_bus_metro;d_metro_only;d_bus_metro,東京都交通局,-1,2.2.221:1;2;3;4;5;6;7;8;9;10;11;12;13;14;15;16;17;18;19;20;21;22;23;24;25;26;27
1001008,1000042,1500200,metro,1,2.2,2,boarding_links,14.318687970075509,1,999999,2.0,0,6.0,999999,0.15,4,0,"LINESTRING (139.685751 35.777468, 139.685651 35.777367999999996)",w_metro_only;w_bus_metro;d_metro_only;d_bus_metro,東京都交通局,-1,2.2.222:1;2;3;4;5;6;7;8;9;10;11;12;13;14;15;16;17;18;19;20;21;22;23;24;25
1001009,1500200,1000042,metro,1,2.2,2,deboarding_links,14.318687970075509,1,999999,2.0,0,0.0,999999,0.15,4,0,"LINESTRING (139.685651 35.777367999999996, 139.685751 35.777468)",w_metro_only;w_bus_metro;d_metro_only;d_bus_metro,東京都交通局,-1,2.2.222:1;2;3;4;5;6;7;8;9;10;11;12;13;14;15;16;17;18;19;20;21;22;23;24;25
1001010,1000042,1500201,metro,1,2.2,2,boarding_links,14.318687970075509,1,999999,2.0,0,2.0,999999,0.15,4,0,"LINESTRING (139.685751 35.777468, 139.685651 35.777367999999996)",w_metro_only;w_bus_metro;d_metro_only;d_bus_metro,東京都交通局,-1,2.2.222:1;2;3;4;5;6;7;8;9;10;11;12;13;14;15;16;17;18;19;20;21;22;23;24;25;26;27
1001011,1500201,1000042,metro,1,2.2,2,deboarding_links,14.318687970075509,1,999999,2.0,0,0.0,999999,0.15,4,0,"LINESTRING (139.685651 35.777367999999996, 139.685751 35.777468)",w_metro_only;w_bus_metro;d_metro_only;d_bus_metro,東京都交通局,-1,2.2.222:1;2;3;4;5;6;7;8;9;10;11;12;13;14;15;16;17;18;19;20;21;22;23;24;25;26;27
1001012,1000043,1500202,metro,1,2.2,2,boarding_links,14.31820227957509,1,999999,2.0,0,6.0,999999,0.15,4,0,"LINESTRING (139.678947 35.784262, 139.678847 35.784161999999995)",w_metro_only;w_bus_metro;d_metro_only;d_bus_metro,東京都交通局,-1,2.2.223:1;2;3;4;5;6;7;8;9;10;11;12;13;14;15;16;17;18;19;20;21;22;23;24;25
1001013,1500202,1000043,metro,1,2.2,2,deboarding_links,14.31820227957509,1,999999,2.0,0,0.0,999999,0.15,4,0,"LINESTRING (139.678847 35.784161999999995, 139.678947 35.784262)",w_metro_only;w_bus_metro;d_metro_only;d_bus_metro,東京都交通局,-1,2.2.223:1;2;3;4;5;6;7;8;9;10;11;12;13;14;15;16;17;18;19;20;21;22;23;24;25
1001014,1000043,1500203,metro,1,2.2,2,boarding_links,14.31820227957509,1,999999,2.0,0,2.0,999999,0.15,4,0,"LINESTRING (139.678947 35.784262, 139.678847 35.784161999999995)",w_metro_only;w_bus_metro;d_metro_only;d_bus_metro,東京都交通局,-1,2.2.223:1;2;3;4;5;6;7;8;9;10;11;12;13;14;15;16;17;18;19;20;21;22;23;24;25;26;27
1001015,1500203,1000043,metro,1,2.2,2,deboarding_links,14.31820227957509,1,999999,2.0,0,0.0,999999,0.15,4,0,"LINESTRING (139.678847 35.784161999999995, 139.678947 35.784262)",w_metro_only;w_bus_metro;d_metro_only;d_bus_metro,東京都交通局,-1,2.2.223:1;2;3;4;5;6;7;8;9;10;11;12;13;14;15;16;17;18;19;20;21;22;23;24;25;26;27
1001016,1000044,1500204,metro,1,2.2,2,boarding_links,14.318001238838189,1,999999,2.0,0,6.0,999999,0.15,4,0,"LINESTRING (139.672867 35.787074, 139.672767 35.786973999999994)",w_metro_only;w_bus_metro;d_metro_only;d_bus_metro,東京都交通局,-1,2.2.224:1;2;3;4;5;6;7;8;9;10;11;12;13;14;15;16;17;18;19;20;21;22;23;24;25
1001017,1500204,1000044,metro,1,2.2,2,deboarding_links,14.318001238838189,1,999999,2.0,0,0.0,999999,0.15,4,0,"LINESTRING (139.672767 35.786973999999994, 139.672867 35.787074)",w_metro_only;w_bus_metro;d_metro_only;d_bus_metro,東京都交通局,-1,2.2.224:1;2;3;4;5;6;7;8;9;10;11;12;13;14;15;16;17;18;19;20;21;22;23;24;25
1001018,1000044,1500205,metro,1,2.2,2,boarding_links,14.318001238838189,1,999999,2.0,0,2.0,999999,0.15,4,0,"LINESTRING (139.672867 35.787074, 139.672767 35.786973999999994)",w_metro_only;w_bus_metro;d_metro_only;d_bus_metro,東京都交通局,-1,2.2.224:1;2;3;4;5;6;7;8;9;10;11;12;13;14;15;16;17;18;19;20;21;22;23;24;25;26;27
1001019,1500205,1000044,metro,1,2.2,2,deboarding_links,14.318001238838189,1,999999,2.0,0,0.0,999999,0.15,4,0,"LINESTRING (139.672767 35.786973999999994, 139.672867 35.787074)",w_metro_only;w_bus_metro;d_metro_only;d_bus_metro,東京都交通局,-1,2.2.224:1;2;3;4;5;6;7;8;9;10;11;12;13;14;15;16;17;18;19;20;21;22;23;24;25;26;27
1001020,1000045,1500206,metro,1,2.2,2,boarding_links,14.317870114033882,1,999999,2.0,0,6.0,999999,0.15,4,0,"LINESTRING (139.661361 35.788908, 139.661261 35.788807999999996)",w_metro_only;w_bus_metro;d_metro_only;d_bus_metro,東京都交通局,-1,2.2.225:1;2;3;4;5;6;7;8;9;10;11;12;13;14;15;16;17;18;19;20;21;22;23;24;25
1001021,1500206,1000045,metro,1,2.2,2,deboarding_links,14.317870114033882,1,999999,2.0,0,0.0,999999,0.15,4,0,"LINESTRING (139.661261 35.788807999999996, 139.661361 35.788908)",w_metro_only;w_bus_metro;d_metro_only;d_bus_metro,東京都交通局,-1,2.2.225:1;2;3;4;5;6;7;8;9;10;11;12;13;14;15;16;17;18;19;20;21;22;23;24;25
1001022,1000045,1500207,metro,1,2.2,2,boarding_links,14.317870114033882,1,999999,2.0,0,2.0,999999,0.15,4,0,"LINESTRING (139.661361 35.788908, 139.661261 35.788807999999996)",w_metro_only;w_bus_metro;d_metro_only;d_bus_metro,東京都交通局,-1,2.2.225:1;2;3;4;5;6;7;8;9;10;11;12;13;14;15;16;17;18;19;20;21;22;23;24;25;26;27
1001023,1500207,1000045,metro,1,2.2,2,deboarding_links,14.317870114033882,1,999999,2.0,0,0.0,999999,0.15,4,0,"LINESTRING (139.661261 35.788807999999996, 139.661361 35.788908)",w_metro_only;w_bus_metro;d_metro_only;d_bus_metro,東京都交通局,-1,2.2.225:1;2;3;4;5;6;7;8;9;10;11;12;13;14;15;16;17;18;19;20;21;22;23;24;25;26;27
1001024,1000046,1500208,metro,1,2.2,2,boarding_links,14.317771374561161,1,999999,2.0,0,6.0,999999,0.15,4,0,"LINESTRING (139.65405 35.790289, 139.65395 35.790189)",w_metro_only;w_bus_metro;d_metro_only;d_bus_metro,東京都交通局,-1,2.2.226:1;2;3;4;5;6;7;8;9;10;11;12;13;14;15;16;17;18;19;20;21;22;23;24;25
1001025,1500208,1000046,metro,1,2.2,2,deboarding_links,14.317771374561161,1,999999,2.0,0,0.0,999999,0.15,4,0,"LINESTRING (139.65395 35.790189, 139.65405 35.790289)",w_metro_only;w_bus_metro;d_metro_only;d_bus_metro,東京都交通局,-1,2.2.226:1;2;3;4;5;6;7;8;9;10;11;12;13;14;15;16;17;18;19;20;21;22;23;24;25
1001026,1000046,1500209,metro,1,2.2,2,boarding_links,14.317771374561161,1,999999,2.0,0,2.0,999999,0.15,4,0,"LINESTRING (139.65405 35.790289, 139.65395 35.790189)",w_metro_only;w_bus_metro;d_metro_only;d_bus_metro,東京都交通局,-1,2.2.226:1;2;3;4;5;6;7;8;9;10;11;12;13;14;15;16;17;18;19;20;21;22;23;24;25;26;27
1001027,1500209,1000046,metro,1,2.2,2,deboarding_links,14.317771374561161,1,999999,2.0,0,0.0,999999,0.15,4,0,"LINESTRING (139.65395 35.790189, 139.65405 35.790289)",w_metro_only;w_bus_metro;d_metro_only;d_bus_metro,東京都交通局,-1,2.2.226:1;2;3;4;5;6;7;8;9;10;11;12;13;14;15;16;17;18;19;20;21;22;23;24;25;26;27
1001028,1000047,1500210,metro,1,2.2,2,boarding_links,14.317651539977534,1,999999,2.0,0,6.0,999999,0.15,4,0,"LINESTRING (139.645421 35.791965, 139.645321 35.791864999999994)",w_metro_only;w_bus_metro;d_metro_only;d_bus_metro,東京都交通局,-1,2.2.227:1;2;3;4;5;6;7;8;9;10;11;12;13;14;15;16;17;18;19;20;21;22;23;24;25
1001029,1500210,1000047,metro,1,2.2,2,deboarding_links,14.317651539977534,1,999999,2.0,0,0.0,999999,0.15,4,0,"LINESTRING (139.645321 35.791864999999994, 139.645421 35.791965)",w_metro_only;w_bus_metro;d_metro_only;d_bus_metro,東京都交通局,-1,2.2.227:1;2;3;4;5;6;7;8;9;10;11;12;13;14;15;16;17;18;19;20;21;22;23;24;25
1001030,1000047,1500211,metro,1,2.2,2,boarding_links,14.317651539977534,1,999999,2.0,0,2.0,999999,0.15,4,0,"LINESTRING (139.645421 35.791965, 139.645321 35.791864999999994)",w_metro_only;w_bus_metro;d_metro_only;d_bus_metro,東京都交通局,-1,2.2.227:1;2;3;4;5;6;7;8;9;10;11;12;13;14;15;16;17;18;19;20;21;22;23;24;25;26;27
1001031,1500211,1000047,metro,1,2.2,2,deboarding_links,14.317651539977534,1,999999,2.0,0,0.0,999999,0.15,4,0,"LINESTRING (139.645321 35.791864999999994, 139.645421 35.791965)",w_metro_only;w_bus_metro;d_metro_only;d_bus_metro,東京都交通局,-1,2.2.227:1;2;3;4;5;6;7;8;9;10;11;12;13;14;15;16;17;18;19;20;21;22;23;24;25;26;27
1001032,1000048,1500212,metro,1,3.1,2,boarding_links,14.3250478366494,1,999999,2.0,0,10.0,999999,0.15,4,0,"LINESTRING (139.698418 35.688433, 139.698318 35.688333)",w_metro_only;w_bus_metro;d_metro_only;d_bus_metro,東京都交通局,-1,3.1.301:1;2;3;4;5;6;7;8;9;10;11;12;13;14;15
1001033,1500212,1000048,metro,1,3.1,2,deboarding_links,14.3250478366494,1,999999,2.0,0,0.0,999999,0.15,4,0,"LINESTRING (139.698318 35.688333, 139.698418 35.688433)",w_metro_only;w_bus_metro;d_metro_only;d_bus_metro,東京都交通局,-1,3.1.301:1;2;3;4;5;6;7;8;9;10;11;12;13;14;15
1001034,1000048,1500213,metro,1,3.1,2,boarding_links,14.3250478366494,1,999999,2.0,0,1.1111111111111112,999999,0.15,4,0,"LINESTRING (139.698418 35.688433, 139.698318 35.688333)",w_metro_only;w_bus_metro;d_metro_only;d_bus_metro,東京都交通局,-1,3.1.301:1;2;3;4;5;6;7;8;9;10;11;12;13;14;15;16;17;18;19;20;21
1001035,1500213,1000048,metro,1,3.1,2,deboarding_links,14.3250478366494,1,999999,2.0,0,0.0,999999,0.15,4,0,"LINESTRING (139.698318 35.688333, 139.698418 35.688433)",w_metro_only;w_bus_metro;d_metro_only;d_bus_metro,東京都交通局,-1,3.1.301:1;2;3;4;5;6;7;8;9;10;11;12;13;14;15;16;17;18;19;20;21
1001036,1000048,1500214,metro,1,3.1,2,boarding_links,14.3250478366494,1,999999,2.0,0,10.0,999999,0.15,4,0,"LINESTRING (139.698418 35.688433, 139.698318 35.688333)",w_metro_only;w_bus_metro;d_metro_only;d_bus_metro,東京都交通局,-1,3.1.301:1;5;7;10;12;15
1001037,1500214,1000048,metro,1,3.1,2,deboarding_links,14.3250478366494,1,999999,2.0,0,0.0,999999,0.15,4,0,"LINESTRING (139.698318 35.688333, 139.698418 35.688433)",w_metro_only;w_bus_metro;d_metro_only;d_bus_metro,東京都交通局,-1,3.1.301:1;5;7;10;12;15
1001038,1000048,1500215,metro,1,3.1,2,boarding_links,14.3250478366494,1,999999,2.0,0,10.0,999999,0.15,4,0,"LINESTRING (139.698418 35.688433, 139.698318 35.688333)",w_metro_only;w_bus_metro;d_metro_only;d_bus_metro,東京都交通局,-1,3.1.301:1;5;7;11;13;16;18;21
1001039,1500215,1000048,metro,1,3.1,2,deboarding_links,14.3250478366494,1,999999,2.0,0,0.0,999999,0.15,4,0,"LINESTRING (139.698318 35.688333, 139.698418 35.688433)",w_metro_only;w_bus_metro;d_metro_only;d_bus_metro,東京都交通局,-1,3.1.301:1;5;7;11;13;16;18;21
1001040,1000049,1500216,metro,1,3.1,2,boarding_links,14.324863463380277,1,999999,2.0,0,10.0,999999,0.15,4,0,"LINESTRING (139.706794 35.691016, 139.706694 35.690915999999994)",w_metro_only;w_bus_metro;d_metro_only;d_bus_metro,東京都交通局,-1,3.1.302:1;2;3;4;5;6;7;8;9;10;11;12;13;14;15
1001041,1500216,1000049,metro,1,3.1,2,deboarding_links,14.324863463380277,1,999999,2.0,0,0.0,999999,0.15,4,0,"LINESTRING (139.706694 35.690915999999994, 139.706794 35.691016)",w_metro_only;w_bus_metro;d_metro_only;d_bus_metro,東京都交通局,-1,3.1.302:1;2;3;4;5;6;7;8;9;10;11;12;13;14;15
1001042,1000049,1500217,metro,1,3.1,2,boarding_links,14.324863463380277,1,999999,2.0,0,1.1111111111111112,999999,0.15,4,0,"LINESTRING (139.706794 35.691016, 139.706694 35.690915999999994)",w_metro_only;w_bus_metro;d_metro_only;d_bus_metro,東京都交通局,-1,3.1.302:1;2;3;4;5;6;7;8;9;10;11;12;13;14;15;16;17;18;19;20;21
1001043,1500217,1000049,metro,1,3.1,2,deboarding_links,14.324863463380277,1,999999,2.0,0,0.0,999999,0.15,4,0,"LINESTRING (139.706694 35.690915999999994, 139.706794 35.691016)",w_metro_only;w_bus_metro;d_metro_only;d_bus_metro,東京都交通局,-1,3.1.302:1;2;3;4;5;6;7;8;9;10;11;12;13;14;15;16;17;18;19;20;21
1001044,1000050,1500218,metro,1,3.1,2,boarding_links,14.324764528094972,1,999999,2.0,0,10.0,999999,0.15,4,0,"LINESTRING (139.722317 35.692402, 139.722217 35.692302)",w_metro_only;w_bus_metro;d_metro_only;d_bus_metro,東京都交通局,-1,3.1.303:1;2;3;4;5;6;7;8;9;10;11;12;13;14;15
1001045,1500218,1000050,metro,1,3.1,2,deboarding_links,14.324764528094972,1,999999,2.0,0,0.0,999999,0.15,4,0,"LINESTRING (139.722217 35.692302, 139.722317 35.692402)",w_metro_only;w_bus_metro;d_metro_only;d_bus_metro,東京都交通局,-1,3.1.303:1;2;3;4;5;6;7;8;9;10;11;12;13;14;15
1001046,1000050,1500219,metro,1,3.1,2,boarding_links,14.324764528094972,1,999999,2.0,0,1.1111111111111112,999999,0.15,4,0,"LINESTRING (139.722317 35.692402, 139.722217 35.692302)",w_metro_only;w_bus_metro;d_metro_only;d_bus_metro,東京都交通局,-1,3.1.303:1;2;3;4;5;6;7;8;9;10;11;12;13;14;15;16;17;18;19;20;21
1001047,1500219,1000050,metro,1,3.1,2,deboarding_links,14.324764528094972,1,999999,2.0,0,0.0,999999,0.15,4,0,"LINESTRING (139.722217 35.692302, 139.722317 35.692402)",w_metro_only;w_bus_metro;d_metro_only;d_bus_metro,東京都交通局,-1,3.1.303:1;2;3;4;5;6;7;8;9;10;11;12;13;14;15;16;17;18;19;20;21
1001048,1000051,1500220,metro,1,3.1,2,boarding_links,14.324826773361913,1,999999,2.0,0,10.0,999999,0.15,4,0,"LINESTRING (139.737588 35.69153, 139.73748799999998 35.69143)",w_metro_only;w_bus_metro;d_metro_only;d_bus_metro,東京都交通局,-1,3.1.304:1;2;3;4;5;6;7;8;9;10;11;12;13;14;15
1001049,1500220,1000051,metro,1,3.1,2,deboarding_links,14.324826773361913,1,999999,2.0,0,0.0,999999,0.15,4,0,"LINESTRING (139.73748799999998 35.69143, 139.737588 35.69153)",w_metro_only;w_bus_metro;d_metro_only;d_bus_metro,東京都交通局,-1,3.1.304:1;2;3;4;5;6;7;8;9;10;11;12;13;14;15
1001050,1000051,1500221,metro,1,3.1,2,boarding_links,14.324826773361913,1,999999,2.0,0,1.1111111111111112,999999,0.15,4,0,"LINESTRING (139.737588 35.69153, 139.73748799999998 35.69143)",w_metro_only;w_bus_metro;d_metro_only;d_bus_metro,東京都交通局,-1,3.1.304:1;2;3;4;5;6;7;8;9;10;11;12;13;14;15;16;17;18;19;20;21
1001051,1500221,1000051,metro,1,3.1,2,deboarding_links,14.324826773361913,1,999999,2.0,0,0.0,999999,0.15,4,0,"LINESTRING (139.73748799999998 35.69143, 139.737588 35.69153)",w_metro_only;w_bus_metro;d_metro_only;d_bus_metro,東京都交通局,-1,3.1.304:1;2;3;4;5;6;7;8;9;10;11;12;13;14;15;16;17;18;19;20;21
1001052,1000051,1500222,metro,1,3.1,2,boarding_links,14.324826773361913,1,999999,2.0,0,10.0,999999,0.15,4,0,"LINESTRING (139.737588 35.69153, 139.73748799999998 35.69143)",w_metro_only;w_bus_metro;d_metro_only;d_bus_metro,東京都交通局,-1,3.1.304:1;5;7;10;12;15
1001053,1500222,1000051,metro,1,3.1,2,deboarding_links,14.324826773361913,1,999999,2.0,0,0.0,999999,0.15,4,0,"LINESTRING (139.73748799999998 35.69143, 139.737588 35.69153)",w_metro_only;w_bus_metro;d_metro_only;d_bus_metro,東京都交通局,-1,3.1.304:1;5;7;10;12;15
1001054,1000051,1500223,metro,1,3.1,2,boarding_links,14.324826773361913,1,999999,2.0,0,10.0,999999,0.15,4,0,"LINESTRING (139.737588 35.69153, 139.73748799999998 35.69143)",w_metro_only;w_bus_metro;d_metro_only;d_bus_metro,東京都交通局,-1,3.1.304:1;5;7;11;13;16;18;21
1001055,1500223,1000051,metro,1,3.1,2,deboarding_links,14.324826773361913,1,999999,2.0,0,0.0,999999,0.15,4,0,"LINESTRING (139.73748799999998 35.69143, 139.737588 35.69153)",w_metro_only;w_bus_metro;d_metro_only;d_bus_metro,東京都交通局,-1,3.1.304:1;5;7;11;13;16;18;21
1001056,1000052,1500224,metro,1,3.1,2,boarding_links,14.324540094955529,1,999999,2.0,0,10.0,999999,0.15,4,0,"LINESTRING (139.751738 35.695546, 139.75163799999999 35.695446)",w_metro_only;w_bus_metro;d_metro_only;d_bus_metro,東京都交通局,-1,3.1.305:1;2;3;4;5;6;7;8;9;10;11;12;13;14;15
1001057,1500224,1000052,metro,1,3.1,2,deboarding_links,14.324540094955529,1,999999,2.0,0,0.0,999999,0.15,4,0,"LINESTRING (139.75163799999999 35.695446, 139.751738 35.695546)",w_metro_only;w_bus_metro;d_metro_only;d_bus_metro,東京都交通局,-1,3.1.305:1;2;3;4;5;6;7;8;9;10;11;12;13;14;15
1001058,1000052,1500225,metro,1,3.1,2,boarding_links,14.324540094955529,1,999999,2.0,0,1.1111111111111112,999999,0.15,4,0,"LINESTRING (139.751738 35.695546, 139.75163799999999 35.695446)",w_metro_only;w_bus_metro;d_metro_only;d_bus_metro,東京都交通局,-1,3.1.305:1;2;3;4;5;6;7;8;9;10;11;12;13;14;15;16;17;18;19;20;21
1001059,1500225,1000052,metro,1,3.1,2,deboarding_links,14.324540094955529,1,999999,2.0,0,0.0,999999,0.15,4,0,"LINESTRING (139.75163799999999 35.695446, 139.751738 35.695546)",w_metro_only;w_bus_metro;d_metro_only;d_bus_metro,東京都交通局,-1,3.1.305:1;2;3;4;5;6;7;8;9;10;11;12;13;14;15;16;17;18;19;20;21
1001060,1000053,1500226,metro,1,3.1,2,boarding_links,14.324509684213167,1,999999,2.0,0,10.0,999999,0.15,4,0,"LINESTRING (139.757981 35.695972, 139.757881 35.695871999999994)",w_metro_only;w_bus_metro;d_metro_only;d_bus_metro,東京都交通局,-1,3.1.306:1;2;3;4;5;6;7;8;9;10;11;12;13;14;15
1001061,1500226,1000053,metro,1,3.1,2,deboarding_links,14.324509684213167,1,999999,2.0,0,0.0,999999,0.15,4,0,"LINESTRING (139.757881 35.695871999999994, 139.757981 35.695972)",w_metro_only;w_bus_metro;d_metro_only;d_bus_metro,東京都交通局,-1,3.1.306:1;2;3;4;5;6;7;8;9;10;11;12;13;14;15
1001062,1000053,1500227,metro,1,3.1,2,boarding_links,14.324509684213167,1,999999,2.0,0,1.1111111111111112,999999,0.15,4,0,"LINESTRING (139.757981 35.695972, 139.757881 35.695871999999994)",w_metro_only;w_bus_metro;d_metro_only;d_bus_metro,東京都交通局,-1,3.1.306:1;2;3;4;5;6;7;8;9;10;11;12;13;14;15;16;17;18;19;20;21
1001063,1500227,1000053,metro,1,3.1,2,deboarding_links,14.324509684213167,1,999999,2.0,0,0.0,999999,0.15,4,0,"LINESTRING (139.757881 35.695871999999994, 139.757981 35.695972)",w_metro_only;w_bus_metro;d_metro_only;d_bus_metro,東京都交通局,-1,3.1.306:1;2;3;4;5;6;7;8;9;10;11;12;13;14;15;16;17;18;19;20;21
1001064,1000053,1500228,metro,1,3.1,2,boarding_links,14.324509684213167,1,999999,2.0,0,10.0,999999,0.15,4,0,"LINESTRING (139.757981 35.695972, 139.757881 35.695871999999994)",w_metro_only;w_bus_metro;d_metro_only;d_bus_metro,東京都交通局,-1,3.1.306:1;5;7;10;12;15
1001065,1500228,1000053,metro,1,3.1,2,deboarding_links,14.324509684213167,1,999999,2.0,0,0.0,999999,0.15,4,0,"LINESTRING (139.757881 35.695871999999994, 139.757981 35.695972)",w_metro_only;w_bus_metro;d_metro_only;d_bus_metro,東京都交通局,-1,3.1.306:1;5;7;10;12;15
1001066,1000053,1500229,metro,1,3.1,2,boarding_links,14.324509684213167,1,999999,2.0,0,10.0,999999,0.15,4,0,"LINESTRING (139.757981 35.695972, 139.757881 35.695871999999994)",w_metro_only;w_bus_metro;d_metro_only;d_bus_metro,東京都交通局,-1,3.1.306:1;5;7;11;13;16;18;21
1001067,1500229,1000053,metro,1,3.1,2,deboarding_links,14.324509684213167,1,999999,2.0,0,0.0,999999,0.15,4,0,"LINESTRING (139.757881 35.695871999999994, 139.757981 35.695972)",w_metro_only;w_bus_metro;d_metro_only;d_bus_metro,東京都交通局,-1,3.1.306:1;5;7;11;13;16;18;21
1001068,1000054,1500230,metro,1,3.1,2,boarding_links,14.324578714858067,1,999999,2.0,0,10.0,999999,0.15,4,0,"LINESTRING (139.766449 35.695005, 139.766349 35.694905)",w_metro_only;w_bus_metro;d_metro_only;d_bus_metro,東京都交通局,-1,3.1.307:1;2;3;4;5;6;7;8;9;10;11;12;13;14;15
1001069,1500230,1000054,metro,1,3.1,2,deboarding_links,14.324578714858067,1,999999,2.0,0,0.0,999999,0.15,4,0,"LINESTRING (139.766349 35.694905, 139.766449 35.695005)",w_metro_only;w_bus_metro;d_metro_only;d_bus_metro,東京都交通局,-1,3.1.307:1;2;3;4;5;6;7;8;9;10;11;12;13;14;15
1001070,1000054,1500231,metro,1,3.1,2,boarding_links,14.324578714858067,1,999999,2.0,0,1.1111111111111112,999999,0.15,4,0,"LINESTRING (139.766449 35.695005, 139.766349 35.694905)",w_metro_only;w_bus_metro;d_metro_only;d_bus_metro,東京都交通局,-1,3.1.307:1;2;3;4;5;6;7;8;9;10;11;12;13;14;15;16;17;18;19;20;21
1001071,1500231,1000054,metro,1,3.1,2,deboarding_links,14.324578714858067,1,999999,2.0,0,0.0,999999,0.15,4,0,"LINESTRING (139.766349 35.694905, 139.766449 35.695005)",w_metro_only;w_bus_metro;d_metro_only;d_bus_metro,東京都交通局,-1,3.1.307:1;2;3;4;5;6;7;8;9;10;11;12;13;14;15;16;17;18;19;20;21
1001072,1000055,1500232,metro,1,3.1,2,boarding_links,14.324535740378959,1,999999,2.0,0,10.0,999999,0.15,4,0,"LINESTRING (139.775115 35.695607, 139.775015 35.695507)",w_metro_only;w_bus_metro;d_metro_only;d_bus_metro,東京都交通局,-1,3.1.308:1;2;3;4;5;6;7;8;9;10;11;12;13;14;15
1001073,1500232,1000055,metro,1,3.1,2,deboarding_links,14.324535740378959,1,999999,2.0,0,0.0,999999,0.15,4,0,"LINESTRING (139.775015 35.695507, 139.775115 35.695607)",w_metro_only;w_bus_metro;d_metro_only;d_bus_metro,東京都交通局,-1,3.1.308:1;2;3;4;5;6;7;8;9;10;11;12;13;14;15
1001074,1000055,1500233,metro,1,3.1,2,boarding_links,14.324535740378959,1,999999,2.0,0,1.1111111111111112,999999,0.15,4,0,"LINESTRING (139.775115 35.695607, 139.775015 35.695507)",w_metro_only;w_bus_metro;d_metro_only;d_bus_metro,東京都交通局,-1,3.1.308:1;2;3;4;5;6;7;8;9;10;11;12;13;14;15;16;17;18;19;20;21
1001075,1500233,1000055,metro,1,3.1,2,deboarding_links,14.324535740378959,1,999999,2.0,0,0.0,999999,0.15,4,0,"LINESTRING (139.775015 35.695507, 139.775115 35.695607)",w_metro_only;w_bus_metro;d_metro_only;d_bus_metro,東京都交通局,-1,3.1.308:1;2;3;4;5;6;7;8;9;10;11;12;13;14;15;16;17;18;19;20;21
1001076,1000056,1500234,metro,1,3.1,2,boarding_links,14.324798220599984,1,999999,2.0,0,10.0,999999,0.15,4,0,"LINESTRING (139.783006 35.69193, 139.782906 35.691829999999996)",w_metro_only;w_bus_metro;d_metro_only;d_bus_metro,東京都交通局,-1,3.1.309:1;2;3;4;5;6;7;8;9;10;11;12;13;14;15
1001077,1500234,1000056,metro,1,3.1,2,deboarding_links,14.324798220599984,1,999999,2.0,0,0.0,999999,0.15,4,0,"LINESTRING (139.782906 35.691829999999996, 139.783006 35.69193)",w_metro_only;w_bus_metro;d_metro_only;d_bus_metro,東京都交通局,-1,3.1.309:1;2;3;4;5;6;7;8;9;10;11;12;13;14;15
1001078,1000056,1500235,metro,1,3.1,2,boarding_links,14.324798220599984,1,999999,2.0,0,1.1111111111111112,999999,0.15,4,0,"LINESTRING (139.783006 35.69193, 139.782906 35.691829999999996)",w_metro_only;w_bus_metro;d_metro_only;d_bus_metro,東京都交通局,-1,3.1.309:1;2;3;4;5;6;7;8;9;10;11;12;13;14;15;16;17;18;19;20;21
1001079,1500235,1000056,metro,1,3.1,2,deboarding_links,14.324798220599984,1,999999,2.0,0,0.0,999999,0.15,4,0,"LINESTRING (139.782906 35.691829999999996, 139.783006 35.69193)",w_metro_only;w_bus_metro;d_metro_only;d_bus_metro,東京都交通局,-1,3.1.309:1;2;3;4;5;6;7;8;9;10;11;12;13;14;15;16;17;18;19;20;21
1001080,1000056,1500236,metro,1,3.1,2,boarding_links,14.324798220599984,1,999999,2.0,0,10.0,999999,0.15,4,0,"LINESTRING (139.783006 35.69193, 139.782906 35.691829999999996)",w_metro_only;w_bus_metro;d_metro_only;d_bus_metro,東京都交通局,-1,3.1.309:1;5;7;10;12;15
1001081,1500236,1000056,metro,1,3.1,2,deboarding_links,14.324798220599984,1,999999,2.0,0,0.0,999999,0.15,4,0,"LINESTRING (139.782906 35.691829999999996, 139.783006 35.69193)",w_metro_only;w_bus_metro;d_metro_only;d_bus_metro,東京都交通局,-1,3.1.309:1;5;7;10;12;15
1001082,1000056,1500237,metro,1,3.1,2,boarding_links,14.324798220599984,1,999999,2.0,0,10.0,999999,0.15,4,0,"LINESTRING (139.783006 35.69193, 139.782906 35.691829999999996)",w_metro_only;w_bus_metro;d_metro_only;d_bus_metro,東京都交通局,-1,3.1.309:1;5;7;11;13;16;18;21
1001083,1500237,1000056,metro,1,3.1,2,deboarding_links,14.324798220599984,1,999999,2.0,0,0.0,999999,0.15,4,0,"LINESTRING (139.782906 35.691829999999996, 139.783006 35.69193)",w_metro_only;w_bus_metro;d_metro_only;d_bus_metro,東京都交通局,-1,3.1.309:1;5;7;11;13;16;18;21
1001084,1000057,1500238,metro,1,3.1,2,boarding_links,14.325035845134522,1,999999,2.0,0,10.0,999999,0.15,4,0,"LINESTRING (139.787725 35.688601, 139.787625 35.688500999999995)",w_metro_only;w_bus_metro;d_metro_only;d_bus_metro,東京都交通局,-1,3.1.310:1;2;3;4;5;6;7;8;9;10;11;12;13;14;15
1001085,1500238,1000057,metro,1,3.1,2,deboarding_links,14.325035845134522,1,999999,2.0,0,0.0,999999,0.15,4,0,"LINESTRING (139.787625 35.688500999999995, 139.787725 35.688601)",w_metro_only;w_bus_metro;d_metro_only;d_bus_metro,東京都交通局,-1,3.1.310:1;2;3;4;5;6;7;8;9;10;11;12;13;14;15
1001086,1000057,1500239,metro,1,3.1,2,boarding_links,14.325035845134522,1,999999,2.0,0,1.1111111111111112,999999,0.15,4,0,"LINESTRING (139.787725 35.688601, 139.787625 35.688500999999995)",w_metro_only;w_bus_metro;d_metro_only;d_bus_metro,東京都交通局,-1,3.1.310:1;2;3;4;5;6;7;8;9;10;11;12;13;14;15;16;17;18;19;20;21
1001087,1500239,1000057,metro,1,3.1,2,deboarding_links,14.325035845134522,1,999999,2.0,0,0.0,999999,0.15,4,0,"LINESTRING (139.787625 35.688500999999995, 139.787725 35.688601)",w_metro_only;w_bus_metro;d_metro_only;d_bus_metro,東京都交通局,-1,3.1.310:1;2;3;4;5;6;7;8;9;10;11;12;13;14;15;16;17;18;19;20;21
1001088,1000058,1500240,metro,1,3.1,2,boarding_links,14.32508002798976,1,999999,2.0,0,10.0,999999,0.15,4,0,"LINESTRING (139.796623 35.687982, 139.796523 35.687881999999995)",w_metro_only;w_bus_metro;d_metro_only;d_bus_metro,東京都交通局,-1,3.1.311:1;2;3;4;5;6;7;8;9;10;11;12;13;14;15
1001089,1500240,1000058,metro,1,3.1,2,deboarding_links,14.32508002798976,1,999999,2.0,0,0.0,999999,0.15,4,0,"LINESTRING (139.796523 35.687881999999995, 139.796623 35.687982)",w_metro_only;w_bus_metro;d_metro_only;d_bus_metro,東京都交通局,-1,3.1.311:1;2;3;4;5;6;7;8;9;10;11;12;13;14;15
1001090,1000058,1500241,metro,1,3.1,2,boarding_links,14.32508002798976,1,999999,2.0,0,1.1111111111111112,999999,0.15,4,0,"LINESTRING (139.796623 35.687982, 139.796523 35.687881999999995)",w_metro_only;w_bus_metro;d_metro_only;d_bus_metro,東京都交通局,-1,3.1.311:1;2;3;4;5;6;7;8;9;10;11;12;13;14;15;16;17;18;19;20;21
1001091,1500241,1000058,metro,1,3.1,2,deboarding_links,14.32508002798976,1,999999,2.0,0,0.0,999999,0.15,4,0,"LINESTRING (139.796523 35.687881999999995, 139.796623 35.687982)",w_metro_only;w_bus_metro;d_metro_only;d_bus_metro,東京都交通局,-1,3.1.311:1;2;3;4;5;6;7;8;9;10;11;12;13;14;15;16;17;18;19;20;21
1001092,1000058,1500242,metro,1,3.1,2,boarding_links,14.32508002798976,1,999999,2.0,0,10.0,999999,0.15,4,0,"LINESTRING (139.796623 35.687982, 139.796523 35.687881999999995)",w_metro_only;w_bus_metro;d_metro_only;d_bus_metro,東京都交通局,-1,3.1.311:1;5;7;10;12;15
1001093,1500242,1000058,metro,1,3.1,2,deboarding_links,14.32508002798976,1,999999,2.0,0,0.0,999999,0.15,4,0,"LINESTRING (139.796523 35.687881999999995, 139.796623 35.687982)",w_metro_only;w_bus_metro;d_metro_only;d_bus_metro,東京都交通局,-1,3.1.311:1;5;7;10;12;15
1001094,1000058,1500243,metro,1,3.1,2,boarding_links,14.32508002798976,1,999999,2.0,0,10.0,999999,0.15,4,0,"LINESTRING (139.796623 35.687982, 139.796523 35.687881999999995)",w_metro_only;w_bus_metro;d_metro_only;d_bus_metro,東京都交通局,-1,3.1.311:1;5;7;11;13;16;18;21
1001095,1500243,1000058,metro,1,3.1,2,deboarding_links,14.32508002798976,1,999999,2.0,0,0.0,999999,0.15,4,0,"LINESTRING (139.796523 35.687881999999995, 139.796623 35.687982)",w_metro_only;w_bus_metro;d_metro_only;d_bus_metro,東京都交通局,-1,3.1.311:1;5;7;11;13;16;18;21
1001096,1000059,1500244,metro,1,3.1,2,boarding_links,14.325050263499499,1,999999,2.0,0,10.0,999999,0.15,4,0,"LINESTRING (139.806057 35.688399, 139.805957 35.688298999999994)",w_metro_only;w_bus_metro;d_metro_only;d_bus_metro,東京都交通局,-1,3.1.312:1;2;3;4;5;6;7;8;9;10;11;12;13;14;15
1001097,1500244,1000059,metro,1,3.1,2,deboarding_links,14.325050263499499,1,999999,2.0,0,0.0,999999,0.15,4,0,"LINESTRING (139.805957 35.688298999999994, 139.806057 35.688399)",w_metro_only;w_bus_metro;d_metro_only;d_bus_metro,東京都交通局,-1,3.1.312:1;2;3;4;5;6;7;8;9;10;11;12;13;14;15
1001098,1000059,1500245,metro,1,3.1,2,boarding_links,14.325050263499499,1,999999,2.0,0,1.1111111111111112,999999,0.15,4,0,"LINESTRING (139.806057 35.688399, 139.805957 35.688298999999994)",w_metro_only;w_bus_metro;d_metro_only;d_bus_metro,東京都交通局,-1,3.1.312:1;2;3;4;5;6;7;8;9;10;11;12;13;14;15;16;17;18;19;20;21
1001099,1500245,1000059,metro,1,3.1,2,deboarding_links,14.325050263499499,1,999999,2.0,0,0.0,999999,0.15,4,0,"LINESTRING (139.805957 35.688298999999994, 139.806057 35.688399)",w_metro_only;w_bus_metro;d_metro_only;d_bus_metro,東京都交通局,-1,3.1.312:1;2;3;4;5;6;7;8;9;10;11;12;13;14;15;16;17;18;19;20;21
1001100,1000060,1500246,metro,1,3.1,2,boarding_links,14.325004510004845,1,999999,2.0,0,10.0,999999,0.15,4,0,"LINESTRING (139.815723 35.68904, 139.815623 35.688939999999995)",w_metro_only;w_bus_metro;d_metro_only;d_bus_metro,東京都交通局,-1,3.1.313:1;2;3;4;5;6;7;8;9;10;11;12;13;14;15
1001101,1500246,1000060,metro,1,3.1,2,deboarding_links,14.325004510004845,1,999999,2.0,0,0.0,999999,0.15,4,0,"LINESTRING (139.815623 35.688939999999995, 139.815723 35.68904)",w_metro_only;w_bus_metro;d_metro_only;d_bus_metro,東京都交通局,-1,3.1.313:1;2;3;4;5;6;7;8;9;10;11;12;13;14;15
1001102,1000060,1500247,metro,1,3.1,2,boarding_links,14.325004510004845,1,999999,2.0,0,1.1111111111111112,999999,0.15,4,0,"LINESTRING (139.815723 35.68904, 139.815623 35.688939999999995)",w_metro_only;w_bus_metro;d_metro_only;d_bus_metro,東京都交通局,-1,3.1.313:1;2;3;4;5;6;7;8;9;10;11;12;13;14;15;16;17;18;19;20;21
1001103,1500247,1000060,metro,1,3.1,2,deboarding_links,14.325004510004845,1,999999,2.0,0,0.0,999999,0.15,4,0,"LINESTRING (139.815623 35.688939999999995, 139.815723 35.68904)",w_metro_only;w_bus_metro;d_metro_only;d_bus_metro,東京都交通局,-1,3.1.313:1;2;3;4;5;6;7;8;9;10;11;12;13;14;15;16;17;18;19;20;21
1001104,1000061,1500248,metro,1,3.1,2,boarding_links,14.32497945601107,1,999999,2.0,0,10.0,999999,0.15,4,0,"LINESTRING (139.826231 35.689391, 139.826131 35.689291)",w_metro_only;w_bus_metro;d_metro_only;d_bus_metro,東京都交通局,-1,3.1.314:1;2;3;4;5;6;7;8;9;10;11;12;13;14;15
1001105,1500248,1000061,metro,1,3.1,2,deboarding_links,14.32497945601107,1,999999,2.0,0,0.0,999999,0.15,4,0,"LINESTRING (139.826131 35.689291, 139.826231 35.689391)",w_metro_only;w_bus_metro;d_metro_only;d_bus_metro,東京都交通局,-1,3.1.314:1;2;3;4;5;6;7;8;9;10;11;12;13;14;15
1001106,1000061,1500249,metro,1,3.1,2,boarding_links,14.32497945601107,1,999999,2.0,0,1.1111111111111112,999999,0.15,4,0,"LINESTRING (139.826231 35.689391, 139.826131 35.689291)",w_metro_only;w_bus_metro;d_metro_only;d_bus_metro,東京都交通局,-1,3.1.314:1;2;3;4;5;6;7;8;9;10;11;12;13;14;15;16;17;18;19;20;21
1001107,1500249,1000061,metro,1,3.1,2,deboarding_links,14.32497945601107,1,999999,2.0,0,0.0,999999,0.15,4,0,"LINESTRING (139.826131 35.689291, 139.826231 35.689391)",w_metro_only;w_bus_metro;d_metro_only;d_bus_metro,東京都交通局,-1,3.1.314:1;2;3;4;5;6;7;8;9;10;11;12;13;14;15;16;17;18;19;20;21
1001108,1000062,1500250,metro,1,3.1,2,boarding_links,14.324953688074695,1,999999,2.0,0,10.0,999999,0.15,4,0,"LINESTRING (139.834705 35.689752, 139.834605 35.689651999999995)",w_metro_only;w_bus_metro;d_metro_only;d_bus_metro,東京都交通局,-1,3.1.315:1;2;3;4;5;6;7;8;9;10;11;12;13;14;15
1001109,1500250,1000062,metro,1,3.1,2,deboarding_links,14.324953688074695,1,999999,2.0,0,0.0,999999,0.15,4,0,"LINESTRING (139.834605 35.689651999999995, 139.834705 35.689752)",w_metro_only;w_bus_metro;d_metro_only;d_bus_metro,東京都交通局,-1,3.1.315:1;2;3;4;5;6;7;8;9;10;11;12;13;14;15
1001110,1000062,1500251,metro,1,3.1,2,boarding_links,14.324953688074695,1,999999,2.0,0,1.1111111111111112,999999,0.15,4,0,"LINESTRING (139.834705 35.689752, 139.834605 35.689651999999995)",w_metro_only;w_bus_metro;d_metro_only;d_bus_metro,東京都交通局,-1,3.1.315:1;2;3;4;5;6;7;8;9;10;11;12;13;14;15;16;17;18;19;20;21
1001111,1500251,1000062,metro,1,3.1,2,deboarding_links,14.324953688074695,1,999999,2.0,0,0.0,999999,0.15,4,0,"LINESTRING (139.834605 35.689651999999995, 139.834705 35.689752)",w_metro_only;w_bus_metro;d_metro_only;d_bus_metro,東京都交通局,-1,3.1.315:1;2;3;4;5;6;7;8;9;10;11;12;13;14;15;16;17;18;19;20;21
1001112,1000062,1500252,metro,1,3.1,2,boarding_links,14.324953688074695,1,999999,2.0,0,10.0,999999,0.15,4,0,"LINESTRING (139.834705 35.689752, 139.834605 35.689651999999995)",w_metro_only;w_bus_metro;d_metro_only;d_bus_metro,東京都交通局,-1,3.1.315:1;5;7;10;12;15
1001113,1500252,1000062,metro,1,3.1,2,deboarding_links,14.324953688074695,1,999999,2.0,0,0.0,999999,0.15,4,0,"LINESTRING (139.834605 35.689651999999995, 139.834705 35.689752)",w_metro_only;w_bus_metro;d_metro_only;d_bus_metro,東京都交通局,-1,3.1.315:1;5;7;10;12;15
1001114,1000062,1500253,metro,1,3.1,2,boarding_links,14.324953688074695,1,999999,2.0,0,10.0,999999,0.15,4,0,"LINESTRING (139.834705 35.689752, 139.834605 35.689651999999995)",w_metro_only;w_bus_metro;d_metro_only;d_bus_metro,東京都交通局,-1,3.1.315:1;5;7;11;13;16;18;21
1001115,1500253,1000062,metro,1,3.1,2,deboarding_links,14.324953688074695,1,999999,2.0,0,0.0,999999,0.15,4,0,"LINESTRING (139.834605 35.689651999999995, 139.834705 35.689752)",w_metro_only;w_bus_metro;d_metro_only;d_bus_metro,東京都交通局,-1,3.1.315:1;5;7;11;13;16;18;21
1001116,1000063,1500254,metro,1,3.1,2,boarding_links,14.324938912484127,1,999999,2.0,0,1.1111111111111112,999999,0.15,4,0,"LINESTRING (139.847255 35.689959, 139.847155 35.689859)",w_metro_only;w_bus_metro;d_metro_only;d_bus_metro,東京都交通局,-1,3.1.316:1;2;3;4;5;6;7;8;9;10;11;12;13;14;15;16;17;18;19;20;21
1001117,1500254,1000063,metro,1,3.1,2,deboarding_links,14.324938912484127,1,999999,2.0,0,0.0,999999,0.15,4,0,"LINESTRING (139.847155 35.689859, 139.847255 35.689959)",w_metro_only;w_bus_metro;d_metro_only;d_bus_metro,東京都交通局,-1,3.1.316:1;2;3;4;5;6;7;8;9;10;11;12;13;14;15;16;17;18;19;20;21
1001118,1000064,1500255,metro,1,3.1,2,boarding_links,14.325381372824951,1,999999,2.0,0,1.1111111111111112,999999,0.15,4,0,"LINESTRING (139.863955 35.68376, 139.863855 35.683659999999996)",w_metro_only;w_bus_metro;d_metro_only;d_bus_metro,東京都交通局,-1,3.1.317:1;2;3;4;5;6;7;8;9;10;11;12;13;14;15;16;17;18;19;20;21
1001119,1500255,1000064,metro,1,3.1,2,deboarding_links,14.325381372824951,1,999999,2.0,0,0.0,999999,0.15,4,0,"LINESTRING (139.863855 35.683659999999996, 139.863955 35.68376)",w_metro_only;w_bus_metro;d_metro_only;d_bus_metro,東京都交通局,-1,3.1.317:1;2;3;4;5;6;7;8;9;10;11;12;13;14;15;16;17;18;19;20;21
1001120,1000064,1500256,metro,1,3.1,2,boarding_links,14.325381372824951,1,999999,2.0,0,10.0,999999,0.15,4,0,"LINESTRING (139.863955 35.68376, 139.863855 35.683659999999996)",w_metro_only;w_bus_metro;d_metro_only;d_bus_metro,東京都交通局,-1,3.1.317:1;5;7;11;13;16;18;21
1001121,1500256,1000064,metro,1,3.1,2,deboarding_links,14.325381372824951,1,999999,2.0,0,0.0,999999,0.15,4,0,"LINESTRING (139.863855 35.683659999999996, 139.863955 35.68376)",w_metro_only;w_bus_metro;d_metro_only;d_bus_metro,東京都交通局,-1,3.1.317:1;5;7;11;13;16;18;21
1001122,1000065,1500257,metro,1,3.1,2,boarding_links,14.325222423574388,1,999999,2.0,0,1.1111111111111112,999999,0.15,4,0,"LINESTRING (139.882586 35.685987, 139.882486 35.685886999999994)",w_metro_only;w_bus_metro;d_metro_only;d_bus_metro,東京都交通局,-1,3.1.318:1;2;3;4;5;6;7;8;9;10;11;12;13;14;15;16;17;18;19;20;21
1001123,1500257,1000065,metro,1,3.1,2,deboarding_links,14.325222423574388,1,999999,2.0,0,0.0,999999,0.15,4,0,"LINESTRING (139.882486 35.685886999999994, 139.882586 35.685987)",w_metro_only;w_bus_metro;d_metro_only;d_bus_metro,東京都交通局,-1,3.1.318:1;2;3;4;5;6;7;8;9;10;11;12;13;14;15;16;17;18;19;20;21
1001124,1000066,1500258,metro,1,3.1,2,boarding_links,14.324685435321106,1,999999,2.0,0,1.1111111111111112,999999,0.15,4,0,"LINESTRING (139.8977 35.69351, 139.89759999999998 35.69341)",w_metro_only;w_bus_metro;d_metro_only;d_bus_metro,東京都交通局,-1,3.1.319:1;2;3;4;5;6;7;8;9;10;11;12;13;14;15;16;17;18;19;20;21
1001125,1500258,1000066,metro,1,3.1,2,deboarding_links,14.324685435321106,1,999999,2.0,0,0.0,999999,0.15,4,0,"LINESTRING (139.89759999999998 35.69341, 139.8977 35.69351)",w_metro_only;w_bus_metro;d_metro_only;d_bus_metro,東京都交通局,-1,3.1.319:1;2;3;4;5;6;7;8;9;10;11;12;13;14;15;16;17;18;19;20;21
1001126,1000067,1500259,metro,1,3.1,2,boarding_links,14.32379218480264,1,999999,2.0,0,1.1111111111111112,999999,0.15,4,0,"LINESTRING (139.903796 35.706022, 139.903696 35.705921999999994)",w_metro_only;w_bus_metro;d_metro_only;d_bus_metro,東京都交通局,-1,3.1.320:1;2;3;4;5;6;7;8;9;10;11;12;13;14;15;16;17;18;19;20;21
1001127,1500259,1000067,metro,1,3.1,2,deboarding_links,14.32379218480264,1,999999,2.0,0,0.0,999999,0.15,4,0,"LINESTRING (139.903696 35.705921999999994, 139.903796 35.706022)",w_metro_only;w_bus_metro;d_metro_only;d_bus_metro,東京都交通局,-1,3.1.320:1;2;3;4;5;6;7;8;9;10;11;12;13;14;15;16;17;18;19;20;21
1001128,1000068,1500260,metro,1,3.1,2,boarding_links,14.322592727784638,1,999999,2.0,0,1.1111111111111112,999999,0.15,4,0,"LINESTRING (139.926613 35.722819, 139.926513 35.722719)",w_metro_only;w_bus_metro;d_metro_only;d_bus_metro,東京都交通局,-1,3.1.321:1;2;3;4;5;6;7;8;9;10;11;12;13;14;15;16;17;18;19;20;21
1001129,1500260,1000068,metro,1,3.1,2,deboarding_links,14.322592727784638,1,999999,2.0,0,0.0,999999,0.15,4,0,"LINESTRING (139.926513 35.722719, 139.926613 35.722819)",w_metro_only;w_bus_metro;d_metro_only;d_bus_metro,東京都交通局,-1,3.1.321:1;2;3;4;5;6;7;8;9;10;11;12;13;14;15;16;17;18;19;20;21
1001130,1000068,1500261,metro,1,3.1,2,boarding_links,14.322592727784638,1,999999,2.0,0,10.0,999999,0.15,4,0,"LINESTRING (139.926613 35.722819, 139.926513 35.722719)",w_metro_only;w_bus_metro;d_metro_only;d_bus_metro,東京都交通局,-1,3.1.321:1;5;7;11;13;16;18;21
1001131,1500261,1000068,metro,1,3.1,2,deboarding_links,14.322592727784638,1,999999,2.0,0,0.0,999999,0.15,4,0,"LINESTRING (139.926513 35.722719, 139.926613 35.722819)",w_metro_only;w_bus_metro;d_metro_only;d_bus_metro,東京都交通局,-1,3.1.321:1;5;7;11;13;16;18;21
1001132,1000048,1500262,metro,1,3.2,2,boarding_links,14.3250478366494,1,999999,2.0,0,1.5,999999,0.15,4,0,"LINESTRING (139.698418 35.688433, 139.698318 35.688333)",w_metro_only;w_bus_metro;d_metro_only;d_bus_metro,東京都交通局,-1,3.2.301:1;2;3;4;5;6;7;8;9;10;11;12;13;14;15;16;17;18;19;20;21
1001133,1500262,1000048,metro,1,3.2,2,deboarding_links,14.3250478366494,1,999999,2.0,0,0.0,999999,0.15,4,0,"LINESTRING (139.698318 35.688333, 139.698418 35.688433)",w_metro_only;w_bus_metro;d_metro_only;d_bus_metro,東京都交通局,-1,3.2.301:1;2;3;4;5;6;7;8;9;10;11;12;13;14;15;16;17;18;19;20;21
1001134,1000049,1500263,metro,1,3.2,2,boarding_links,14.324863463380277,1,999999,2.0,0,1.5,999999,0.15,4,0,"LINESTRING (139.706794 35.691016, 139.706694 35.690915999999994)",w_metro_only;w_bus_metro;d_metro_only;d_bus_metro,東京都交通局,-1,3.2.302:1;2;3;4;5;6;7;8;9;10;11;12;13;14;15;16;17;18;19;20;21
1001135,1500263,1000049,metro,1,3.2,2,deboarding_links,14.324863463380277,1,999999,2.0,0,0.0,999999,0.15,4,0,"LINESTRING (139.706694 35.690915999999994, 139.706794 35.691016)",w_metro_only;w_bus_metro;d_metro_only;d_bus_metro,東京都交通局,-1,3.2.302:1;2;3;4;5;6;7;8;9;10;11;12;13;14;15;16;17;18;19;20;21
1001136,1000050,1500264,metro,1,3.2,2,boarding_links,14.324764528094972,1,999999,2.0,0,1.5,999999,0.15,4,0,"LINESTRING (139.722317 35.692402, 139.722217 35.692302)",w_metro_only;w_bus_metro;d_metro_only;d_bus_metro,東京都交通局,-1,3.2.303:1;2;3;4;5;6;7;8;9;10;11;12;13;14;15;16;17;18;19;20;21
1001137,1500264,1000050,metro,1,3.2,2,deboarding_links,14.324764528094972,1,999999,2.0,0,0.0,999999,0.15,4,0,"LINESTRING (139.722217 35.692302, 139.722317 35.692402)",w_metro_only;w_bus_metro;d_metro_only;d_bus_metro,東京都交通局,-1,3.2.303:1;2;3;4;5;6;7;8;9;10;11;12;13;14;15;16;17;18;19;20;21
1001138,1000051,1500265,metro,1,3.2,2,boarding_links,14.324826773361913,1,999999,2.0,0,1.5,999999,0.15,4,0,"LINESTRING (139.737588 35.69153, 139.73748799999998 35.69143)",w_metro_only;w_bus_metro;d_metro_only;d_bus_metro,東京都交通局,-1,3.2.304:1;2;3;4;5;6;7;8;9;10;11;12;13;14;15;16;17;18;19;20;21
1001139,1500265,1000051,metro,1,3.2,2,deboarding_links,14.324826773361913,1,999999,2.0,0,0.0,999999,0.15,4,0,"LINESTRING (139.73748799999998 35.69143, 139.737588 35.69153)",w_metro_only;w_bus_metro;d_metro_only;d_bus_metro,東京都交通局,-1,3.2.304:1;2;3;4;5;6;7;8;9;10;11;12;13;14;15;16;17;18;19;20;21
1001140,1000052,1500266,metro,1,3.2,2,boarding_links,14.324540094955529,1,999999,2.0,0,1.5,999999,0.15,4,0,"LINESTRING (139.751738 35.695546, 139.75163799999999 35.695446)",w_metro_only;w_bus_metro;d_metro_only;d_bus_metro,東京都交通局,-1,3.2.305:1;2;3;4;5;6;7;8;9;10;11;12;13;14;15;16;17;18;19;20;21
1001141,1500266,1000052,metro,1,3.2,2,deboarding_links,14.324540094955529,1,999999,2.0,0,0.0,999999,0.15,4,0,"LINESTRING (139.75163799999999 35.695446, 139.751738 35.695546)",w_metro_only;w_bus_metro;d_metro_only;d_bus_metro,東京都交通局,-1,3.2.305:1;2;3;4;5;6;7;8;9;10;11;12;13;14;15;16;17;18;19;20;21
1001142,1000053,1500267,metro,1,3.2,2,boarding_links,14.324509684213167,1,999999,2.0,0,1.5,999999,0.15,4,0,"LINESTRING (139.757981 35.695972, 139.757881 35.695871999999994)",w_metro_only;w_bus_metro;d_metro_only;d_bus_metro,東京都交通局,-1,3.2.306:1;2;3;4;5;6;7;8;9;10;11;12;13;14;15;16;17;18;19;20;21
1001143,1500267,1000053,metro,1,3.2,2,deboarding_links,14.324509684213167,1,999999,2.0,0,0.0,999999,0.15,4,0,"LINESTRING (139.757881 35.695871999999994, 139.757981 35.695972)",w_metro_only;w_bus_metro;d_metro_only;d_bus_metro,東京都交通局,-1,3.2.306:1;2;3;4;5;6;7;8;9;10;11;12;13;14;15;16;17;18;19;20;21
1001144,1000054,1500268,metro,1,3.2,2,boarding_links,14.324578714858067,1,999999,2.0,0,1.5,999999,0.15,4,0,"LINESTRING (139.766449 35.695005, 139.766349 35.694905)",w_metro_only;w_bus_metro;d_metro_only;d_bus_metro,東京都交通局,-1,3.2.307:1;2;3;4;5;6;7;8;9;10;11;12;13;14;15;16;17;18;19;20;21
1001145,1500268,1000054,metro,1,3.2,2,deboarding_links,14.324578714858067,1,999999,2.0,0,0.0,999999,0.15,4,0,"LINESTRING (139.766349 35.694905, 139.766449 35.695005)",w_metro_only;w_bus_metro;d_metro_only;d_bus_metro,東京都交通局,-1,3.2.307:1;2;3;4;5;6;7;8;9;10;11;12;13;14;15;16;17;18;19;20;21
1001146,1000055,1500269,metro,1,3.2,2,boarding_links,14.324535740378959,1,999999,2.0,0,1.5,999999,0.15,4,0,"LINESTRING (139.775115 35.695607, 139.775015 35.695507)",w_metro_only;w_bus_metro;d_metro_only;d_bus_metro,東京都交通局,-1,3.2.308:1;2;3;4;5;6;7;8;9;10;11;12;13;14;15;16;17;18;19;20;21
1001147,1500269,1000055,metro,1,3.2,2,deboarding_links,14.324535740378959,1,999999,2.0,0,0.0,999999,0.15,4,0,"LINESTRING (139.775015 35.695507, 139.775115 35.695607)",w_metro_only;w_bus_metro;d_metro_only;d_bus_metro,東京都交通局,-1,3.2.308:1;2;3;4;5;6;7;8;9;10;11;12;13;14;15;16;17;18;19;20;21
1001148,1000056,1500270,metro,1,3.2,2,boarding_links,14.324798220599984,1,999999,2.0,0,1.5,999999,0.15,4,0,"LINESTRING (139.783006 35.69193, 139.782906 35.691829999999996)",w_metro_only;w_bus_metro;d_metro_only;d_bus_metro,東京都交通局,-1,3.2.309:1;2;3;4;5;6;7;8;9;10;11;12;13;14;15;16;17;18;19;20;21
1001149,1500270,1000056,metro,1,3.2,2,deboarding_links,14.324798220599984,1,999999,2.0,0,0.0,999999,0.15,4,0,"LINESTRING (139.782906 35.691829999999996, 139.783006 35.69193)",w_metro_only;w_bus_metro;d_metro_only;d_bus_metro,東京都交通局,-1,3.2.309:1;2;3;4;5;6;7;8;9;10;11;12;13;14;15;16;17;18;19;20;21
1001150,1000057,1500271,metro,1,3.2,2,boarding_links,14.325035845134522,1,999999,2.0,0,1.5,999999,0.15,4,0,"LINESTRING (139.787725 35.688601, 139.787625 35.688500999999995)",w_metro_only;w_bus_metro;d_metro_only;d_bus_metro,東京都交通局,-1,3.2.310:1;2;3;4;5;6;7;8;9;10;11;12;13;14;15;16;17;18;19;20;21
1001151,1500271,1000057,metro,1,3.2,2,deboarding_links,14.325035845134522,1,999999,2.0,0,0.0,999999,0.15,4,0,"LINESTRING (139.787625 35.688500999999995, 139.787725 35.688601)",w_metro_only;w_bus_metro;d_metro_only;d_bus_metro,東京都交通局,-1,3.2.310:1;2;3;4;5;6;7;8;9;10;11;12;13;14;15;16;17;18;19;20;21
1001152,1000058,1500272,metro,1,3.2,2,boarding_links,14.32508002798976,1,999999,2.0,0,1.5,999999,0.15,4,0,"LINESTRING (139.796623 35.687982, 139.796523 35.687881999999995)",w_metro_only;w_bus_metro;d_metro_only;d_bus_metro,東京都交通局,-1,3.2.311:1;2;3;4;5;6;7;8;9;10;11;12;13;14;15;16;17;18;19;20;21
1001153,1500272,1000058,metro,1,3.2,2,deboarding_links,14.32508002798976,1,999999,2.0,0,0.0,999999,0.15,4,0,"LINESTRING (139.796523 35.687881999999995, 139.796623 35.687982)",w_metro_only;w_bus_metro;d_metro_only;d_bus_metro,東京都交通局,-1,3.2.311:1;2;3;4;5;6;7;8;9;10;11;12;13;14;15;16;17;18;19;20;21
1001154,1000059,1500273,metro,1,3.2,2,boarding_links,14.325050263499499,1,999999,2.0,0,1.5,999999,0.15,4,0,"LINESTRING (139.806057 35.688399, 139.805957 35.688298999999994)",w_metro_only;w_bus_metro;d_metro_only;d_bus_metro,東京都交通局,-1,3.2.312:1;2;3;4;5;6;7;8;9;10;11;12;13;14;15;16;17;18;19;20;21
1001155,1500273,1000059,metro,1,3.2,2,deboarding_links,14.325050263499499,1,999999,2.0,0,0.0,999999,0.15,4,0,"LINESTRING (139.805957 35.688298999999994, 139.806057 35.688399)",w_metro_only;w_bus_metro;d_metro_only;d_bus_metro,東京都交通局,-1,3.2.312:1;2;3;4;5;6;7;8;9;10;11;12;13;14;15;16;17;18;19;20;21
1001156,1000060,1500274,metro,1,3.2,2,boarding_links,14.325004510004845,1,999999,2.0,0,1.5,999999,0.15,4,0,"LINESTRING (139.815723 35.68904, 139.815623 35.688939999999995)",w_metro_only;w_bus_metro;d_metro_only;d_bus_metro,東京都交通局,-1,3.2.313:1;2;3;4;5;6;7;8;9;10;11;12;13;14;15;16;17;18;19;20;21
1001157,1500274,1000060,metro,1,3.2,2,deboarding_links,14.325004510004845,1,999999,2.0,0,0.0,999999,0.15,4,0,"LINESTRING (139.815623 35.688939999999995, 139.815723 35.68904)",w_metro_only;w_bus_metro;d_metro_only;d_bus_metro,東京都交通局,-1,3.2.313:1;2;3;4;5;6;7;8;9;10;11;12;13;14;15;16;17;18;19;20;21
1001158,1000061,1500275,metro,1,3.2,2,boarding_links,14.32497945601107,1,999999,2.0,0,1.5,999999,0.15,4,0,"LINESTRING (139.826231 35.689391, 139.826131 35.689291)",w_metro_only;w_bus_metro;d_metro_only;d_bus_metro,東京都交通局,-1,3.2.314:1;2;3;4;5;6;7;8;9;10;11;12;13;14;15;16;17;18;19;20;21
1001159,1500275,1000061,metro,1,3.2,2,deboarding_links,14.32497945601107,1,999999,2.0,0,0.0,999999,0.15,4,0,"LINESTRING (139.826131 35.689291, 139.826231 35.689391)",w_metro_only;w_bus_metro;d_metro_only;d_bus_metro,東京都交通局,-1,3.2.314:1;2;3;4;5;6;7;8;9;10;11;12;13;14;15;16;17;18;19;20;21
1001160,1000062,1500276,metro,1,3.2,2,boarding_links,14.324953688074695,1,999999,2.0,0,10.0,999999,0.15,4,0,"LINESTRING (139.834705 35.689752, 139.834605 35.689651999999995)",w_metro_only;w_bus_metro;d_metro_only;d_bus_metro,東京都交通局,-1,3.2.315:1;2;3;4;5;6;7
1001161,1500276,1000062,metro,1,3.2,2,deboarding_links,14.324953688074695,1,999999,2.0,0,0.0,999999,0.15,4,0,"LINESTRING (139.834605 35.689651999999995, 139.834705 35.689752)",w_metro_only;w_bus_metro;d_metro_only;d_bus_metro,東京都交通局,-1,3.2.315:1;2;3;4;5;6;7
1001162,1000062,1500277,metro,1,3.2,2,boarding_links,14.324953688074695,1,999999,2.0,0,1.5,999999,0.15,4,0,"LINESTRING (139.834705 35.689752, 139.834605 35.689651999999995)",w_metro_only;w_bus_metro;d_metro_only;d_bus_metro,東京都交通局,-1,3.2.315:1;2;3;4;5;6;7;8;9;10;11;12;13;14;15;16;17;18;19;20;21
1001163,1500277,1000062,metro,1,3.2,2,deboarding_links,14.324953688074695,1,999999,2.0,0,0.0,999999,0.15,4,0,"LINESTRING (139.834605 35.689651999999995, 139.834705 35.689752)",w_metro_only;w_bus_metro;d_metro_only;d_bus_metro,東京都交通局,-1,3.2.315:1;2;3;4;5;6;7;8;9;10;11;12;13;14;15;16;17;18;19;20;21
1001164,1000063,1500278,metro,1,3.2,2,boarding_links,14.324938912484127,1,999999,2.0,0,10.0,999999,0.15,4,0,"LINESTRING (139.847255 35.689959, 139.847155 35.689859)",w_metro_only;w_bus_metro;d_metro_only;d_bus_metro,東京都交通局,-1,3.2.316:1;2;3;4;5;6;7
1001165,1500278,1000063,metro,1,3.2,2,deboarding_links,14.324938912484127,1,999999,2.0,0,0.0,999999,0.15,4,0,"LINESTRING (139.847155 35.689859, 139.847255 35.689959)",w_metro_only;w_bus_metro;d_metro_only;d_bus_metro,東京都交通局,-1,3.2.316:1;2;3;4;5;6;7
1001166,1000063,1500279,metro,1,3.2,2,boarding_links,14.324938912484127,1,999999,2.0,0,1.5,999999,0.15,4,0,"LINESTRING (139.847255 35.689959, 139.847155 35.689859)",w_metro_only;w_bus_metro;d_metro_only;d_bus_metro,東京都交通局,-1,3.2.316:1;2;3;4;5;6;7;8;9;10;11;12;13;14;15;16;17;18;19;20;21
1001167,1500279,1000063,metro,1,3.2,2,deboarding_links,14.324938912484127,1,999999,2.0,0,0.0,999999,0.15,4,0,"LINESTRING (139.847155 35.689859, 139.847255 35.689959)",w_metro_only;w_bus_metro;d_metro_only;d_bus_metro,東京都交通局,-1,3.2.316:1;2;3;4;5;6;7;8;9;10;11;12;13;14;15;16;17;18;19;20;21
1001168,1000064,1500280,metro,1,3.2,2,boarding_links,14.325381372824951,1,999999,2.0,0,10.0,999999,0.15,4,0,"LINESTRING (139.863955 35.68376, 139.863855 35.683659999999996)",w_metro_only;w_bus_metro;d_metro_only;d_bus_metro,東京都交通局,-1,3.2.317:1;2;3;4;5;6;7
1001169,1500280,1000064,metro,1,3.2,2,deboarding_links,14.325381372824951,1,999999,2.0,0,0.0,999999,0.15,4,0,"LINESTRING (139.863855 35.683659999999996, 139.863955 35.68376)",w_metro_only;w_bus_metro;d_metro_only;d_bus_metro,東京都交通局,-1,3.2.317:1;2;3;4;5;6;7
1001170,1000064,1500281,metro,1,3.2,2,boarding_links,14.325381372824951,1,999999,2.0,0,1.5,999999,0.15,4,0,"LINESTRING (139.863955 35.68376, 139.863855 35.683659999999996)",w_metro_only;w_bus_metro;d_metro_only;d_bus_metro,東京都交通局,-1,3.2.317:1;2;3;4;5;6;7;8;9;10;11;12;13;14;15;16;17;18;19;20;21
1001171,1500281,1000064,metro,1,3.2,2,deboarding_links,14.325381372824951,1,999999,2.0,0,0.0,999999,0.15,4,0,"LINESTRING (139.863855 35.683659999999996, 139.863955 35.68376)",w_metro_only;w_bus_metro;d_metro_only;d_bus_metro,東京都交通局,-1,3.2.317:1;2;3;4;5;6;7;8;9;10;11;12;13;14;15;16;17;18;19;20;21
1001172,1000065,1500282,metro,1,3.2,2,boarding_links,14.325222423574388,1,999999,2.0,0,10.0,999999,0.15,4,0,"LINESTRING (139.882586 35.685987, 139.882486 35.685886999999994)",w_metro_only;w_bus_metro;d_metro_only;d_bus_metro,東京都交通局,-1,3.2.318:1;2;3;4;5;6;7
1001173,1500282,1000065,metro,1,3.2,2,deboarding_links,14.325222423574388,1,999999,2.0,0,0.0,999999,0.15,4,0,"LINESTRING (139.882486 35.685886999999994, 139.882586 35.685987)",w_metro_only;w_bus_metro;d_metro_only;d_bus_metro,東京都交通局,-1,3.2.318:1;2;3;4;5;6;7
1001174,1000065,1500283,metro,1,3.2,2,boarding_links,14.325222423574388,1,999999,2.0,0,1.5,999999,0.15,4,0,"LINESTRING (139.882586 35.685987, 139.882486 35.685886999999994)",w_metro_only;w_bus_metro;d_metro_only;d_bus_metro,東京都交通局,-1,3.2.318:1;2;3;4;5;6;7;8;9;10;11;12;13;14;15;16;17;18;19;20;21
1001175,1500283,1000065,metro,1,3.2,2,deboarding_links,14.325222423574388,1,999999,2.0,0,0.0,999999,0.15,4,0,"LINESTRING (139.882486 35.685886999999994, 139.882586 35.685987)",w_metro_only;w_bus_metro;d_metro_only;d_bus_metro,東京都交通局,-1,3.2.318:1;2;3;4;5;6;7;8;9;10;11;12;13;14;15;16;17;18;19;20;21
1001176,1000066,1500284,metro,1,3.2,2,boarding_links,14.324685435321106,1,999999,2.0,0,10.0,999999,0.15,4,0,"LINESTRING (139.8977 35.69351, 139.89759999999998 35.69341)",w_metro_only;w_bus_metro;d_metro_only;d_bus_metro,東京都交通局,-1,3.2.319:1;2;3;4;5;6;7
1001177,1500284,1000066,metro,1,3.2,2,deboarding_links,14.324685435321106,1,999999,2.0,0,0.0,999999,0.15,4,0,"LINESTRING (139.89759999999998 35.69341, 139.8977 35.69351)",w_metro_only;w_bus_metro;d_metro_only;d_bus_metro,東京都交通局,-1,3.2.319:1;2;3;4;5;6;7
1001178,1000066,1500285,metro,1,3.2,2,boarding_links,14.324685435321106,1,999999,2.0,0,1.5,999999,0.15,4,0,"LINESTRING (139.8977 35.69351, 139.89759999999998 35.69341)",w_metro_only;w_bus_metro;d_metro_only;d_bus_metro,東京都交通局,-1,3.2.319:1;2;3;4;5;6;7;8;9;10;11;12;13;14;15;16;17;18;19;20;21
1001179,1500285,1000066,metro,1,3.2,2,deboarding_links,14.324685435321106,1,999999,2.0,0,0.0,999999,0.15,4,0,"LINESTRING (139.89759999999998 35.69341, 139.8977 35.69351)",w_metro_only;w_bus_metro;d_metro_only;d_bus_metro,東京都交通局,-1,3.2.319:1;2;3;4;5;6;7;8;9;10;11;12;13;14;15;16;17;18;19;20;21
1001180,1000067,1500286,metro,1,3.2,2,boarding_links,14.32379218480264,1,999999,2.0,0,10.0,999999,0.15,4,0,"LINESTRING (139.903796 35.706022, 139.903696 35.705921999999994)",w_metro_only;w_bus_metro;d_metro_only;d_bus_metro,東京都交通局,-1,3.2.320:1;2;3;4;5;6;7
1001181,1500286,1000067,metro,1,3.2,2,deboarding_links,14.32379218480264,1,999999,2.0,0,0.0,999999,0.15,4,0,"LINESTRING (139.903696 35.705921999999994, 139.903796 35.706022)",w_metro_only;w_bus_metro;d_metro_only;d_bus_metro,東京都交通局,-1,3.2.320:1;2;3;4;5;6;7
1001182,1000067,1500287,metro,1,3.2,2,boarding_links,14.32379218480264,1,999999,2.0,0,1.5,999999,0.15,4,0,"LINESTRING (139.903796 35.706022, 139.903696 35.705921999999994)",w_metro_only;w_bus_metro;d_metro_only;d_bus_metro,東京都交通局,-1,3.2.320:1;2;3;4;5;6;7;8;9;10;11;12;13;14;15;16;17;18;19;20;21
1001183,1500287,1000067,metro,1,3.2,2,deboarding_links,14.32379218480264,1,999999,2.0,0,0.0,999999,0.15,4,0,"LINESTRING (139.903696 35.705921999999994, 139.903796 35.706022)",w_metro_only;w_bus_metro;d_metro_only;d_bus_metro,東京都交通局,-1,3.2.320:1;2;3;4;5;6;7;8;9;10;11;12;13;14;15;16;17;18;19;20;21
1001184,1000068,1500288,metro,1,3.2,2,boarding_links,14.322592727784638,1,999999,2.0,0,10.0,999999,0.15,4,0,"LINESTRING (139.926613 35.722819, 139.926513 35.722719)",w_metro_only;w_bus_metro;d_metro_only;d_bus_metro,東京都交通局,-1,3.2.321:1;2;3;4;5;6;7
1001185,1500288,1000068,metro,1,3.2,2,deboarding_links,14.322592727784638,1,999999,2.0,0,0.0,999999,0.15,4,0,"LINESTRING (139.926513 35.722719, 139.926613 35.722819)",w_metro_only;w_bus_metro;d_metro_only;d_bus_metro,東京都交通局,-1,3.2.321:1;2;3;4;5;6;7
1001186,1000068,1500289,metro,1,3.2,2,boarding_links,14.322592727784638,1,999999,2.0,0,1.5,999999,0.15,4,0,"LINESTRING (139.926613 35.722819, 139.926513 35.722719)",w_metro_only;w_bus_metro;d_metro_only;d_bus_metro,東京都交通局,-1,3.2.321:1;2;3;4;5;6;7;8;9;10;11;12;13;14;15;16;17;18;19;20;21
1001187,1500289,1000068,metro,1,3.2,2,deboarding_links,14.322592727784638,1,999999,2.0,0,0.0,999999,0.15,4,0,"LINESTRING (139.926513 35.722719, 139.926613 35.722819)",w_metro_only;w_bus_metro;d_metro_only;d_bus_metro,東京都交通局,-1,3.2.321:1;2;3;4;5;6;7;8;9;10;11;12;13;14;15;16;17;18;19;20;21
1001188,1000069,1500290,metro,1,4.1,2,boarding_links,14.324695643225452,1,999999,2.0,0,5.0,999999,0.15,4,0,"LINESTRING (139.699121 35.693367, 139.699021 35.693267)",w_metro_only;w_bus_metro;d_metro_only;d_bus_metro,東京都交通局,-1,4.1.402:1;2;3;4;5;6;7;8;9;10;11;12;13;14;15
1001189,1500290,1000069,metro,1,4.1,2,deboarding_links,14.324695643225452,1,999999,2.0,0,0.0,999999,0.15,4,0,"LINESTRING (139.699021 35.693267, 139.699121 35.693367)",w_metro_only;w_bus_metro;d_metro_only;d_bus_metro,東京都交通局,-1,4.1.402:1;2;3;4;5;6;7;8;9;10;11;12;13;14;15
1001190,1000069,1500291,metro,1,4.1,2,boarding_links,14.324695643225452,1,999999,2.0,0,1.1538461538461537,999999,0.15,4,0,"LINESTRING (139.699121 35.693367, 139.699021 35.693267)",w_metro_only;w_bus_metro;d_metro_only;d_bus_metro,東京都交通局,-1,4.1.402:1;2;3;4;5;6;7;8;9;10;11;12;13;14;15;16;17;18;19;20;21;22;23;24;25;26;27;28;29;30;31;32;33;34;35;36;37;38;39
1001191,1500291,1000069,metro,1,4.1,2,deboarding_links,14.324695643225452,1,999999,2.0,0,0.0,999999,0.15,4,0,"LINESTRING (139.699021 35.693267, 139.699121 35.693367)",w_metro_only;w_bus_metro;d_metro_only;d_bus_metro,東京都交通局,-1,4.1.402:1;2;3;4;5;6;7;8;9;10;11;12;13;14;15;16;17;18;19;20;21;22;23;24;25;26;27;28;29;30;31;32;33;34;35;36;37;38;39
1001192,1000070,1500292,metro,1,4.1,2,boarding_links,14.324367978716753,1,999999,2.0,0,5.0,999999,0.15,4,0,"LINESTRING (139.707434 35.697957, 139.707334 35.697857)",w_metro_only;w_bus_metro;d_metro_only;d_bus_metro,東京都交通局,-1,4.1.403:1;2;3;4;5;6;7;8;9;10;11;12;13;14;15
1001193,1500292,1000070,metro,1,4.1,2,deboarding_links,14.324367978716753,1,999999,2.0,0,0.0,999999,0.15,4,0,"LINESTRING (139.707334 35.697857, 139.707434 35.697957)",w_metro_only;w_bus_metro;d_metro_only;d_bus_metro,東京都交通局,-1,4.1.403:1;2;3;4;5;6;7;8;9;10;11;12;13;14;15
1001194,1000070,1500293,metro,1,4.1,2,boarding_links,14.324367978716753,1,999999,2.0,0,1.1538461538461537,999999,0.15,4,0,"LINESTRING (139.707434 35.697957, 139.707334 35.697857)",w_metro_only;w_bus_metro;d_metro_only;d_bus_metro,東京都交通局,-1,4.1.403:1;2;3;4;5;6;7;8;9;10;11;12;13;14;15;16;17;18;19;20;21;22;23;24;25;26;27;28;29;30;31;32;33;34;35;36;37;38;39
1001195,1500293,1000070,metro,1,4.1,2,deboarding_links,14.324367978716753,1,999999,2.0,0,0.0,999999,0.15,4,0,"LINESTRING (139.707334 35.697857, 139.707434 35.697957)",w_metro_only;w_bus_metro;d_metro_only;d_bus_metro,東京都交通局,-1,4.1.403:1;2;3;4;5;6;7;8;9;10;11;12;13;14;15;16;17;18;19;20;21;22;23;24;25;26;27;28;29;30;31;32;33;34;35;36;37;38;39
1001196,1000071,1500294,metro,1,4.1,2,boarding_links,14.324280097527794,1,999999,2.0,0,5.0,999999,0.15,4,0,"LINESTRING (139.718043 35.699188, 139.717943 35.699087999999996)",w_metro_only;w_bus_metro;d_metro_only;d_bus_metro,東京都交通局,-1,4.1.404:1;2;3;4;5;6;7;8;9;10;11;12;13;14;15
1001197,1500294,1000071,metro,1,4.1,2,deboarding_links,14.324280097527794,1,999999,2.0,0,0.0,999999,0.15,4,0,"LINESTRING (139.717943 35.699087999999996, 139.718043 35.699188)",w_metro_only;w_bus_metro;d_metro_only;d_bus_metro,東京都交通局,-1,4.1.404:1;2;3;4;5;6;7;8;9;10;11;12;13;14;15
1001198,1000071,1500295,metro,1,4.1,2,boarding_links,14.324280097527794,1,999999,2.0,0,1.1538461538461537,999999,0.15,4,0,"LINESTRING (139.718043 35.699188, 139.717943 35.699087999999996)",w_metro_only;w_bus_metro;d_metro_only;d_bus_metro,東京都交通局,-1,4.1.404:1;2;3;4;5;6;7;8;9;10;11;12;13;14;15;16;17;18;19;20;21;22;23;24;25;26;27;28;29;30;31;32;33;34;35;36;37;38;39
1001199,1500295,1000071,metro,1,4.1,2,deboarding_links,14.324280097527794,1,999999,2.0,0,0.0,999999,0.15,4,0,"LINESTRING (139.717943 35.699087999999996, 139.718043 35.699188)",w_metro_only;w_bus_metro;d_metro_only;d_bus_metro,東京都交通局,-1,4.1.404:1;2;3;4;5;6;7;8;9;10;11;12;13;14;15;16;17;18;19;20;21;22;23;24;25;26;27;28;29;30;31;32;33;34;35;36;37;38;39
1001200,1000072,1500296,metro,1,4.1,2,boarding_links,14.32425775214398,1,999999,2.0,0,5.0,999999,0.15,4,0,"LINESTRING (139.72504 35.699501, 139.72494 35.699400999999995)",w_metro_only;w_bus_metro;d_metro_only;d_bus_metro,東京都交通局,-1,4.1.405:1;2;3;4;5;6;7;8;9;10;11;12;13;14;15
1001201,1500296,1000072,metro,1,4.1,2,deboarding_links,14.32425775214398,1,999999,2.0,0,0.0,999999,0.15,4,0,"LINESTRING (139.72494 35.699400999999995, 139.72504 35.699501)",w_metro_only;w_bus_metro;d_metro_only;d_bus_metro,東京都交通局,-1,4.1.405:1;2;3;4;5;6;7;8;9;10;11;12;13;14;15
1001202,1000072,1500297,metro,1,4.1,2,boarding_links,14.32425775214398,1,999999,2.0,0,1.1538461538461537,999999,0.15,4,0,"LINESTRING (139.72504 35.699501, 139.72494 35.699400999999995)",w_metro_only;w_bus_metro;d_metro_only;d_bus_metro,東京都交通局,-1,4.1.405:1;2;3;4;5;6;7;8;9;10;11;12;13;14;15;16;17;18;19;20;21;22;23;24;25;26;27;28;29;30;31;32;33;34;35;36;37;38;39
1001203,1500297,1000072,metro,1,4.1,2,deboarding_links,14.32425775214398,1,999999,2.0,0,0.0,999999,0.15,4,0,"LINESTRING (139.72494 35.699400999999995, 139.72504 35.699501)",w_metro_only;w_bus_metro;d_metro_only;d_bus_metro,東京都交通局,-1,4.1.405:1;2;3;4;5;6;7;8;9;10;11;12;13;14;15;16;17;18;19;20;21;22;23;24;25;26;27;28;29;30;31;32;33;34;35;36;37;38;39
1001204,1000073,1500298,metro,1,4.1,2,boarding_links,14.324157089379353,1,999999,2.0,0,5.0,999999,0.15,4,0,"LINESTRING (139.735894 35.700911, 139.735794 35.700810999999995)",w_metro_only;w_bus_metro;d_metro_only;d_bus_metro,東京都交通局,-1,4.1.406:1;2;3;4;5;6;7;8;9;10;11;12;13;14;15
1001205,1500298,1000073,metro,1,4.1,2,deboarding_links,14.324157089379353,1,999999,2.0,0,0.0,999999,0.15,4,0,"LINESTRING (139.735794 35.700810999999995, 139.735894 35.700911)",w_metro_only;w_bus_metro;d_metro_only;d_bus_metro,東京都交通局,-1,4.1.406:1;2;3;4;5;6;7;8;9;10;11;12;13;14;15
1001206,1000073,1500299,metro,1,4.1,2,boarding_links,14.324157089379353,1,999999,2.0,0,1.1538461538461537,999999,0.15,4,0,"LINESTRING (139.735894 35.700911, 139.735794 35.700810999999995)",w_metro_only;w_bus_metro;d_metro_only;d_bus_metro,東京都交通局,-1,4.1.406:1;2;3;4;5;6;7;8;9;10;11;12;13;14;15;16;17;18;19;20;21;22;23;24;25;26;27;28;29;30;31;32;33;34;35;36;37;38;39
1001207,1500299,1000073,metro,1,4.1,2,deboarding_links,14.324157089379353,1,999999,2.0,0,0.0,999999,0.15,4,0,"LINESTRING (139.735794 35.700810999999995, 139.735894 35.700911)",w_metro_only;w_bus_metro;d_metro_only;d_bus_metro,東京都交通局,-1,4.1.406:1;2;3;4;5;6;7;8;9;10;11;12;13;14;15;16;17;18;19;20;21;22;23;24;25;26;27;28;29;30;31;32;33;34;35;36;37;38;39
1001208,1000074,1500300,metro,1,4.1,2,boarding_links,14.324011374036349,1,999999,2.0,0,5.0,999999,0.15,4,0,"LINESTRING (139.745257 35.702952, 139.745157 35.702852)",w_metro_only;w_bus_metro;d_metro_only;d_bus_metro,東京都交通局,-1,4.1.407:1;2;3;4;5;6;7;8;9;10;11;12;13;14;15
1001209,1500300,1000074,metro,1,4.1,2,deboarding_links,14.324011374036349,1,999999,2.0,0,0.0,999999,0.15,4,0,"LINESTRING (139.745157 35.702852, 139.745257 35.702952)",w_metro_only;w_bus_metro;d_metro_only;d_bus_metro,東京都交通局,-1,4.1.407:1;2;3;4;5;6;7;8;9;10;11;12;13;14;15
1001210,1000074,1500301,metro,1,4.1,2,boarding_links,14.324011374036349,1,999999,2.0,0,1.1538461538461537,999999,0.15,4,0,"LINESTRING (139.745257 35.702952, 139.745157 35.702852)",w_metro_only;w_bus_metro;d_metro_only;d_bus_metro,東京都交通局,-1,4.1.407:1;2;3;4;5;6;7;8;9;10;11;12;13;14;15;16;17;18;19;20;21;22;23;24;25;26;27;28;29;30;31;32;33;34;35;36;37;38;39
1001211,1500301,1000074,metro,1,4.1,2,deboarding_links,14.324011374036349,1,999999,2.0,0,0.0,999999,0.15,4,0,"LINESTRING (139.745157 35.702852, 139.745257 35.702952)",w_metro_only;w_bus_metro;d_metro_only;d_bus_metro,東京都交通局,-1,4.1.407:1;2;3;4;5;6;7;8;9;10;11;12;13;14;15;16;17;18;19;20;21;22;23;24;25;26;27;28;29;30;31;32;33;34;35;36;37;38;39
1001212,1000075,1500302,metro,1,4.1,2,boarding_links,14.323615754283924,1,999999,2.0,0,5.0,999999,0.15,4,0,"LINESTRING (139.752487 35.708493, 139.752387 35.708392999999994)",w_metro_only;w_bus_metro;d_metro_only;d_bus_metro,東京都交通局,-1,4.1.408:1;2;3;4;5;6;7;8;9;10;11;12;13;14;15
1001213,1500302,1000075,metro,1,4.1,2,deboarding_links,14.323615754283924,1,999999,2.0,0,0.0,999999,0.15,4,0,"LINESTRING (139.752387 35.708392999999994, 139.752487 35.708493)",w_metro_only;w_bus_metro;d_metro_only;d_bus_metro,東京都交通局,-1,4.1.408:1;2;3;4;5;6;7;8;9;10;11;12;13;14;15
1001214,1000075,1500303,metro,1,4.1,2,boarding_links,14.323615754283924,1,999999,2.0,0,1.1538461538461537,999999,0.15,4,0,"LINESTRING (139.752487 35.708493, 139.752387 35.708392999999994)",w_metro_only;w_bus_metro;d_metro_only;d_bus_metro,東京都交通局,-1,4.1.408:1;2;3;4;5;6;7;8;9;10;11;12;13;14;15;16;17;18;19;20;21;22;23;24;25;26;27;28;29;30;31;32;33;34;35;36;37;38;39
1001215,1500303,1000075,metro,1,4.1,2,deboarding_links,14.323615754283924,1,999999,2.0,0,0.0,999999,0.15,4,0,"LINESTRING (139.752387 35.708392999999994, 139.752487 35.708493)",w_metro_only;w_bus_metro;d_metro_only;d_bus_metro,東京都交通局,-1,4.1.408:1;2;3;4;5;6;7;8;9;10;11;12;13;14;15;16;17;18;19;20;21;22;23;24;25;26;27;28;29;30;31;32;33;34;35;36;37;38;39
1001216,1000076,1500304,metro,1,4.1,2,boarding_links,14.323685941802182,1,999999,2.0,0,5.0,999999,0.15,4,0,"LINESTRING (139.760524 35.70751, 139.760424 35.707409999999996)",w_metro_only;w_bus_metro;d_metro_only;d_bus_metro,東京都交通局,-1,4.1.409:1;2;3;4;5;6;7;8;9;10;11;12;13;14;15
1001217,1500304,1000076,metro,1,4.1,2,deboarding_links,14.323685941802182,1,999999,2.0,0,0.0,999999,0.15,4,0,"LINESTRING (139.760424 35.707409999999996, 139.760524 35.70751)",w_metro_only;w_bus_metro;d_metro_only;d_bus_metro,東京都交通局,-1,4.1.409:1;2;3;4;5;6;7;8;9;10;11;12;13;14;15
1001218,1000076,1500305,metro,1,4.1,2,boarding_links,14.323685941802182,1,999999,2.0,0,1.1538461538461537,999999,0.15,4,0,"LINESTRING (139.760524 35.70751, 139.760424 35.707409999999996)",w_metro_only;w_bus_metro;d_metro_only;d_bus_metro,東京都交通局,-1,4.1.409:1;2;3;4;5;6;7;8;9;10;11;12;13;14;15;16;17;18;19;20;21;22;23;24;25;26;27;28;29;30;31;32;33;34;35;36;37;38;39
1001219,1500305,1000076,metro,1,4.1,2,deboarding_links,14.323685941802182,1,999999,2.0,0,0.0,999999,0.15,4,0,"LINESTRING (139.760424 35.707409999999996, 139.760524 35.70751)",w_metro_only;w_bus_metro;d_metro_only;d_bus_metro,東京都交通局,-1,4.1.409:1;2;3;4;5;6;7;8;9;10;11;12;13;14;15;16;17;18;19;20;21;22;23;24;25;26;27;28;29;30;31;32;33;34;35;36;37;38;39
1001220,1000077,1500306,metro,1,4.1,2,boarding_links,14.323654596756025,1,999999,2.0,0,5.0,999999,0.15,4,0,"LINESTRING (139.773351 35.707949, 139.773251 35.707848999999996)",w_metro_only;w_bus_metro;d_metro_only;d_bus_metro,東京都交通局,-1,4.1.410:1;2;3;4;5;6;7;8;9;10;11;12;13;14;15
1001221,1500306,1000077,metro,1,4.1,2,deboarding_links,14.323654596756025,1,999999,2.0,0,0.0,999999,0.15,4,0,"LINESTRING (139.773251 35.707848999999996, 139.773351 35.707949)",w_metro_only;w_bus_metro;d_metro_only;d_bus_metro,東京都交通局,-1,4.1.410:1;2;3;4;5;6;7;8;9;10;11;12;13;14;15
1001222,1000077,1500307,metro,1,4.1,2,boarding_links,14.323654596756025,1,999999,2.0,0,1.1538461538461537,999999,0.15,4,0,"LINESTRING (139.773351 35.707949, 139.773251 35.707848999999996)",w_metro_only;w_bus_metro;d_metro_only;d_bus_metro,東京都交通局,-1,4.1.410:1;2;3;4;5;6;7;8;9;10;11;12;13;14;15;16;17;18;19;20;21;22;23;24;25;26;27;28;29;30;31;32;33;34;35;36;37;38;39
1001223,1500307,1000077,metro,1,4.1,2,deboarding_links,14.323654596756025,1,999999,2.0,0,0.0,999999,0.15,4,0,"LINESTRING (139.773251 35.707848999999996, 139.773351 35.707949)",w_metro_only;w_bus_metro;d_metro_only;d_bus_metro,東京都交通局,-1,4.1.410:1;2;3;4;5;6;7;8;9;10;11;12;13;14;15;16;17;18;19;20;21;22;23;24;25;26;27;28;29;30;31;32;33;34;35;36;37;38;39
1001224,1000078,1500308,metro,1,4.1,2,boarding_links,14.323721713430212,1,999999,2.0,0,5.0,999999,0.15,4,0,"LINESTRING (139.782166 35.707009, 139.782066 35.706908999999996)",w_metro_only;w_bus_metro;d_metro_only;d_bus_metro,東京都交通局,-1,4.1.411:1;2;3;4;5;6;7;8;9;10;11;12;13;14;15
1001225,1500308,1000078,metro,1,4.1,2,deboarding_links,14.323721713430212,1,999999,2.0,0,0.0,999999,0.15,4,0,"LINESTRING (139.782066 35.706908999999996, 139.782166 35.707009)",w_metro_only;w_bus_metro;d_metro_only;d_bus_metro,東京都交通局,-1,4.1.411:1;2;3;4;5;6;7;8;9;10;11;12;13;14;15
1001226,1000078,1500309,metro,1,4.1,2,boarding_links,14.323721713430212,1,999999,2.0,0,1.1538461538461537,999999,0.15,4,0,"LINESTRING (139.782166 35.707009, 139.782066 35.706908999999996)",w_metro_only;w_bus_metro;d_metro_only;d_bus_metro,東京都交通局,-1,4.1.411:1;2;3;4;5;6;7;8;9;10;11;12;13;14;15;16;17;18;19;20;21;22;23;24;25;26;27;28;29;30;31;32;33;34;35;36;37;38;39
1001227,1500309,1000078,metro,1,4.1,2,deboarding_links,14.323721713430212,1,999999,2.0,0,0.0,999999,0.15,4,0,"LINESTRING (139.782066 35.706908999999996, 139.782166 35.707009)",w_metro_only;w_bus_metro;d_metro_only;d_bus_metro,東京都交通局,-1,4.1.411:1;2;3;4;5;6;7;8;9;10;11;12;13;14;15;16;17;18;19;20;21;22;23;24;25;26;27;28;29;30;31;32;33;34;35;36;37;38;39
1001228,1000079,1500310,metro,1,4.1,2,boarding_links,14.323823243244892,1,999999,2.0,0,5.0,999999,0.15,4,0,"LINESTRING (139.792244 35.705587, 139.792144 35.705487)",w_metro_only;w_bus_metro;d_metro_only;d_bus_metro,東京都交通局,-1,4.1.412:1;2;3;4;5;6;7;8;9;10;11;12;13;14;15
1001229,1500310,1000079,metro,1,4.1,2,deboarding_links,14.323823243244892,1,999999,2.0,0,0.0,999999,0.15,4,0,"LINESTRING (139.792144 35.705487, 139.792244 35.705587)",w_metro_only;w_bus_metro;d_metro_only;d_bus_metro,東京都交通局,-1,4.1.412:1;2;3;4;5;6;7;8;9;10;11;12;13;14;15
1001230,1000079,1500311,metro,1,4.1,2,boarding_links,14.323823243244892,1,999999,2.0,0,1.1538461538461537,999999,0.15,4,0,"LINESTRING (139.792244 35.705587, 139.792144 35.705487)",w_metro_only;w_bus_metro;d_metro_only;d_bus_metro,東京都交通局,-1,4.1.412:1;2;3;4;5;6;7;8;9;10;11;12;13;14;15;16;17;18;19;20;21;22;23;24;25;26;27;28;29;30;31;32;33;34;35;36;37;38;39
1001231,1500311,1000079,metro,1,4.1,2,deboarding_links,14.323823243244892,1,999999,2.0,0,0.0,999999,0.15,4,0,"LINESTRING (139.792144 35.705487, 139.792244 35.705587)",w_metro_only;w_bus_metro;d_metro_only;d_bus_metro,東京都交通局,-1,4.1.412:1;2;3;4;5;6;7;8;9;10;11;12;13;14;15;16;17;18;19;20;21;22;23;24;25;26;27;28;29;30;31;32;33;34;35;36;37;38;39
1001232,1000080,1500312,metro,1,4.1,2,boarding_links,14.32445007567367,1,999999,2.0,0,5.0,999999,0.15,4,0,"LINESTRING (139.797469 35.696807, 139.797369 35.696706999999996)",w_metro_only;w_bus_metro;d_metro_only;d_bus_metro,東京都交通局,-1,4.1.413:1;2;3;4;5;6;7;8;9;10;11;12;13;14;15
1001233,1500312,1000080,metro,1,4.1,2,deboarding_links,14.32445007567367,1,999999,2.0,0,0.0,999999,0.15,4,0,"LINESTRING (139.797369 35.696706999999996, 139.797469 35.696807)",w_metro_only;w_bus_metro;d_metro_only;d_bus_metro,東京都交通局,-1,4.1.413:1;2;3;4;5;6;7;8;9;10;11;12;13;14;15
1001234,1000080,1500313,metro,1,4.1,2,boarding_links,14.32445007567367,1,999999,2.0,0,1.1538461538461537,999999,0.15,4,0,"LINESTRING (139.797469 35.696807, 139.797369 35.696706999999996)",w_metro_only;w_bus_metro;d_metro_only;d_bus_metro,東京都交通局,-1,4.1.413:1;2;3;4;5;6;7;8;9;10;11;12;13;14;15;16;17;18;19;20;21;22;23;24;25;26;27;28;29;30;31;32;33;34;35;36;37;38;39
1001235,1500313,1000080,metro,1,4.1,2,deboarding_links,14.32445007567367,1,999999,2.0,0,0.0,999999,0.15,4,0,"LINESTRING (139.797369 35.696706999999996, 139.797469 35.696807)",w_metro_only;w_bus_metro;d_metro_only;d_bus_metro,東京都交通局,-1,4.1.413:1;2;3;4;5;6;7;8;9;10;11;12;13;14;15;16;17;18;19;20;21;22;23;24;25;26;27;28;29;30;31;32;33;34;35;36;37;38;39
1001236,1000081,1500314,metro,1,4.1,2,boarding_links,14.3250840251237,1,999999,2.0,0,5.0,999999,0.15,4,0,"LINESTRING (139.798251 35.687926, 139.798151 35.687825999999994)",w_metro_only;w_bus_metro;d_metro_only;d_bus_metro,東京都交通局,-1,4.1.414:1;2;3;4;5;6;7;8;9;10;11;12;13;14;15
1001237,1500314,1000081,metro,1,4.1,2,deboarding_links,14.3250840251237,1,999999,2.0,0,0.0,999999,0.15,4,0,"LINESTRING (139.798151 35.687825999999994, 139.798251 35.687926)",w_metro_only;w_bus_metro;d_metro_only;d_bus_metro,東京都交通局,-1,4.1.414:1;2;3;4;5;6;7;8;9;10;11;12;13;14;15
1001238,1000081,1500315,metro,1,4.1,2,boarding_links,14.3250840251237,1,999999,2.0,0,1.1538461538461537,999999,0.15,4,0,"LINESTRING (139.798251 35.687926, 139.798151 35.687825999999994)",w_metro_only;w_bus_metro;d_metro_only;d_bus_metro,東京都交通局,-1,4.1.414:1;2;3;4;5;6;7;8;9;10;11;12;13;14;15;16;17;18;19;20;21;22;23;24;25;26;27;28;29;30;31;32;33;34;35;36;37;38;39
1001239,1500315,1000081,metro,1,4.1,2,deboarding_links,14.3250840251237,1,999999,2.0,0,0.0,999999,0.15,4,0,"LINESTRING (139.798151 35.687825999999994, 139.798251 35.687926)",w_metro_only;w_bus_metro;d_metro_only;d_bus_metro,東京都交通局,-1,4.1.414:1;2;3;4;5;6;7;8;9;10;11;12;13;14;15;16;17;18;19;20;21;22;23;24;25;26;27;28;29;30;31;32;33;34;35;36;37;38;39
1001240,1000082,1500316,metro,1,4.1,2,boarding_links,14.325481649835966,1,999999,2.0,0,5.0,999999,0.15,4,0,"LINESTRING (139.798758 35.682355, 139.798658 35.682255)",w_metro_only;w_bus_metro;d_metro_only;d_bus_metro,東京都交通局,-1,4.1.415:1;2;3;4;5;6;7;8;9;10;11;12;13;14;15
1001241,1500316,1000082,metro,1,4.1,2,deboarding_links,14.325481649835966,1,999999,2.0,0,0.0,999999,0.15,4,0,"LINESTRING (139.798658 35.682255, 139.798758 35.682355)",w_metro_only;w_bus_metro;d_metro_only;d_bus_metro,東京都交通局,-1,4.1.415:1;2;3;4;5;6;7;8;9;10;11;12;13;14;15
1001242,1000082,1500317,metro,1,4.1,2,boarding_links,14.325481649835966,1,999999,2.0,0,10.0,999999,0.15,4,0,"LINESTRING (139.798758 35.682355, 139.798658 35.682255)",w_metro_only;w_bus_metro;d_metro_only;d_bus_metro,東京都交通局,-1,4.1.415:1;2;3;4;5;6;7;8;9;10;11;12;13;14;15;16;17;18;19;20;21;22;23;24;25
1001243,1500317,1000082,metro,1,4.1,2,deboarding_links,14.325481649835966,1,999999,2.0,0,0.0,999999,0.15,4,0,"LINESTRING (139.798658 35.682255, 139.798758 35.682355)",w_metro_only;w_bus_metro;d_metro_only;d_bus_metro,東京都交通局,-1,4.1.415:1;2;3;4;5;6;7;8;9;10;11;12;13;14;15;16;17;18;19;20;21;22;23;24;25
1001244,1000082,1500318,metro,1,4.1,2,boarding_links,14.325481649835966,1,999999,2.0,0,1.1538461538461537,999999,0.15,4,0,"LINESTRING (139.798758 35.682355, 139.798658 35.682255)",w_metro_only;w_bus_metro;d_metro_only;d_bus_metro,東京都交通局,-1,4.1.415:1;2;3;4;5;6;7;8;9;10;11;12;13;14;15;16;17;18;19;20;21;22;23;24;25;26;27;28;29;30;31;32;33;34;35;36;37;38;39
1001245,1500318,1000082,metro,1,4.1,2,deboarding_links,14.325481649835966,1,999999,2.0,0,0.0,999999,0.15,4,0,"LINESTRING (139.798658 35.682255, 139.798758 35.682355)",w_metro_only;w_bus_metro;d_metro_only;d_bus_metro,東京都交通局,-1,4.1.415:1;2;3;4;5;6;7;8;9;10;11;12;13;14;15;16;17;18;19;20;21;22;23;24;25;26;27;28;29;30;31;32;33;34;35;36;37;38;39
1001246,1000083,1500319,metro,1,4.1,2,boarding_links,14.326165540322844,1,999999,2.0,0,10.0,999999,0.15,4,0,"LINESTRING (139.795124 35.672772, 139.79502399999998 35.672672)",w_metro_only;w_bus_metro;d_metro_only;d_bus_metro,東京都交通局,-1,4.1.416:1;2;3;4;5;6;7;8;9;10;11;12;13;14;15;16;17;18;19;20;21;22;23;24;25
1001247,1500319,1000083,metro,1,4.1,2,deboarding_links,14.326165540322844,1,999999,2.0,0,0.0,999999,0.15,4,0,"LINESTRING (139.79502399999998 35.672672, 139.795124 35.672772)",w_metro_only;w_bus_metro;d_metro_only;d_bus_metro,東京都交通局,-1,4.1.416:1;2;3;4;5;6;7;8;9;10;11;12;13;14;15;16;17;18;19;20;21;22;23;24;25
1001248,1000083,1500320,metro,1,4.1,2,boarding_links,14.326165540322844,1,999999,2.0,0,1.1538461538461537,999999,0.15,4,0,"LINESTRING (139.795124 35.672772, 139.79502399999998 35.672672)",w_metro_only;w_bus_metro;d_metro_only;d_bus_metro,東京都交通局,-1,4.1.416:1;2;3;4;5;6;7;8;9;10;11;12;13;14;15;16;17;18;19;20;21;22;23;24;25;26;27;28;29;30;31;32;33;34;35;36;37;38;39
1001249,1500320,1000083,metro,1,4.1,2,deboarding_links,14.326165540322844,1,999999,2.0,0,0.0,999999,0.15,4,0,"LINESTRING (139.79502399999998 35.672672, 139.795124 35.672772)",w_metro_only;w_bus_metro;d_metro_only;d_bus_metro,東京都交通局,-1,4.1.416:1;2;3;4;5;6;7;8;9;10;11;12;13;14;15;16;17;18;19;20;21;22;23;24;25;26;27;28;29;30;31;32;33;34;35;36;37;38;39
1001250,1000084,1500321,metro,1,4.1,2,boarding_links,14.326808795217014,1,999999,2.0,0,10.0,999999,0.15,4,0,"LINESTRING (139.783912 35.663757, 139.78381199999998 35.66365699999999)",w_metro_only;w_bus_metro;d_metro_only;d_bus_metro,東京都交通局,-1,4.1.417:1;2;3;4;5;6;7;8;9;10;11;12;13;14;15;16;17;18;19;20;21;22;23;24;25
1001251,1500321,1000084,metro,1,4.1,2,deboarding_links,14.326808795217014,1,999999,2.0,0,0.0,999999,0.15,4,0,"LINESTRING (139.78381199999998 35.66365699999999, 139.783912 35.663757)",w_metro_only;w_bus_metro;d_metro_only;d_bus_metro,東京都交通局,-1,4.1.417:1;2;3;4;5;6;7;8;9;10;11;12;13;14;15;16;17;18;19;20;21;22;23;24;25
1001252,1000084,1500322,metro,1,4.1,2,boarding_links,14.326808795217014,1,999999,2.0,0,1.1538461538461537,999999,0.15,4,0,"LINESTRING (139.783912 35.663757, 139.78381199999998 35.66365699999999)",w_metro_only;w_bus_metro;d_metro_only;d_bus_metro,東京都交通局,-1,4.1.417:1;2;3;4;5;6;7;8;9;10;11;12;13;14;15;16;17;18;19;20;21;22;23;24;25;26;27;28;29;30;31;32;33;34;35;36;37;38;39
1001253,1500322,1000084,metro,1,4.1,2,deboarding_links,14.326808795217014,1,999999,2.0,0,0.0,999999,0.15,4,0,"LINESTRING (139.78381199999998 35.66365699999999, 139.783912 35.663757)",w_metro_only;w_bus_metro;d_metro_only;d_bus_metro,東京都交通局,-1,4.1.417:1;2;3;4;5;6;7;8;9;10;11;12;13;14;15;16;17;18;19;20;21;22;23;24;25;26;27;28;29;30;31;32;33;34;35;36;37;38;39
1001254,1000085,1500323,metro,1,4.1,2,boarding_links,14.327152894860804,1,999999,2.0,0,10.0,999999,0.15,4,0,"LINESTRING (139.777138 35.658934, 139.777038 35.658834)",w_metro_only;w_bus_metro;d_metro_only;d_bus_metro,東京都交通局,-1,4.1.418:1;2;3;4;5;6;7;8;9;10;11;12;13;14;15;16;17;18;19;20;21;22;23;24;25
1001255,1500323,1000085,metro,1,4.1,2,deboarding_links,14.327152894860804,1,999999,2.0,0,0.0,999999,0.15,4,0,"LINESTRING (139.777038 35.658834, 139.777138 35.658934)",w_metro_only;w_bus_metro;d_metro_only;d_bus_metro,東京都交通局,-1,4.1.418:1;2;3;4;5;6;7;8;9;10;11;12;13;14;15;16;17;18;19;20;21;22;23;24;25
1001256,1000085,1500324,metro,1,4.1,2,boarding_links,14.327152894860804,1,999999,2.0,0,1.1538461538461537,999999,0.15,4,0,"LINESTRING (139.777138 35.658934, 139.777038 35.658834)",w_metro_only;w_bus_metro;d_metro_only;d_bus_metro,東京都交通局,-1,4.1.418:1;2;3;4;5;6;7;8;9;10;11;12;13;14;15;16;17;18;19;20;21;22;23;24;25;26;27;28;29;30;31;32;33;34;35;36;37;38;39
1001257,1500324,1000085,metro,1,4.1,2,deboarding_links,14.327152894860804,1,999999,2.0,0,0.0,999999,0.15,4,0,"LINESTRING (139.777038 35.658834, 139.777138 35.658934)",w_metro_only;w_bus_metro;d_metro_only;d_bus_metro,東京都交通局,-1,4.1.418:1;2;3;4;5;6;7;8;9;10;11;12;13;14;15;16;17;18;19;20;21;22;23;24;25;26;27;28;29;30;31;32;33;34;35;36;37;38;39
1001258,1000086,1500325,metro,1,4.1,2,boarding_links,14.32672588751182,1,999999,2.0,0,10.0,999999,0.15,4,0,"LINESTRING (139.766929 35.664919, 139.766829 35.664818999999994)",w_metro_only;w_bus_metro;d_metro_only;d_bus_metro,東京都交通局,-1,4.1.419:1;2;3;4;5;6;7;8;9;10;11;12;13;14;15;16;17;18;19;20;21;22;23;24;25
1001259,1500325,1000086,metro,1,4.1,2,deboarding_links,14.32672588751182,1,999999,2.0,0,0.0,999999,0.15,4,0,"LINESTRING (139.766829 35.664818999999994, 139.766929 35.664919)",w_metro_only;w_bus_metro;d_metro_only;d_bus_metro,東京都交通局,-1,4.1.419:1;2;3;4;5;6;7;8;9;10;11;12;13;14;15;16;17;18;19;20;21;22;23;24;25
1001260,1000086,1500326,metro,1,4.1,2,boarding_links,14.32672588751182,1,999999,2.0,0,1.1538461538461537,999999,0.15,4,0,"LINESTRING (139.766929 35.664919, 139.766829 35.664818999999994)",w_metro_only;w_bus_metro;d_metro_only;d_bus_metro,東京都交通局,-1,4.1.419:1;2;3;4;5;6;7;8;9;10;11;12;13;14;15;16;17;18;19;20;21;22;23;24;25;26;27;28;29;30;31;32;33;34;35;36;37;38;39
1001261,1500326,1000086,metro,1,4.1,2,deboarding_links,14.32672588751182,1,999999,2.0,0,0.0,999999,0.15,4,0,"LINESTRING (139.766829 35.664818999999994, 139.766929 35.664919)",w_metro_only;w_bus_metro;d_metro_only;d_bus_metro,東京都交通局,-1,4.1.419:1;2;3;4;5;6;7;8;9;10;11;12;13;14;15;16;17;18;19;20;21;22;23;24;25;26;27;28;29;30;31;32;33;34;35;36;37;38;39
1001262,1000087,1500327,metro,1,4.1,2,boarding_links,14.32684903555156,1,999999,2.0,0,10.0,999999,0.15,4,0,"LINESTRING (139.760225 35.663193, 139.760125 35.663092999999996)",w_metro_only;w_bus_metro;d_metro_only;d_bus_metro,東京都交通局,-1,4.1.420:1;2;3;4;5;6;7;8;9;10;11;12;13;14;15;16;17;18;19;20;21;22;23;24;25
1001263,1500327,1000087,metro,1,4.1,2,deboarding_links,14.32684903555156,1,999999,2.0,0,0.0,999999,0.15,4,0,"LINESTRING (139.760125 35.663092999999996, 139.760225 35.663193)",w_metro_only;w_bus_metro;d_metro_only;d_bus_metro,東京都交通局,-1,4.1.420:1;2;3;4;5;6;7;8;9;10;11;12;13;14;15;16;17;18;19;20;21;22;23;24;25
1001264,1000087,1500328,metro,1,4.1,2,boarding_links,14.32684903555156,1,999999,2.0,0,1.1538461538461537,999999,0.15,4,0,"LINESTRING (139.760225 35.663193, 139.760125 35.663092999999996)",w_metro_only;w_bus_metro;d_metro_only;d_bus_metro,東京都交通局,-1,4.1.420:1;2;3;4;5;6;7;8;9;10;11;12;13;14;15;16;17;18;19;20;21;22;23;24;25;26;27;28;29;30;31;32;33;34;35;36;37;38;39
1001265,1500328,1000087,metro,1,4.1,2,deboarding_links,14.32684903555156,1,999999,2.0,0,0.0,999999,0.15,4,0,"LINESTRING (139.760125 35.663092999999996, 139.760225 35.663193)",w_metro_only;w_bus_metro;d_metro_only;d_bus_metro,東京都交通局,-1,4.1.420:1;2;3;4;5;6;7;8;9;10;11;12;13;14;15;16;17;18;19;20;21;22;23;24;25;26;27;28;29;30;31;32;33;34;35;36;37;38;39
1001266,1000088,1500329,metro,1,4.1,2,boarding_links,14.327314340267357,1,999999,2.0,0,10.0,999999,0.15,4,0,"LINESTRING (139.755696 35.656671, 139.755596 35.656571)",w_metro_only;w_bus_metro;d_metro_only;d_bus_metro,東京都交通局,-1,4.1.421:1;2;3;4;5;6;7;8;9;10;11;12;13;14;15;16;17;18;19;20;21;22;23;24;25
1001267,1500329,1000088,metro,1,4.1,2,deboarding_links,14.327314340267357,1,999999,2.0,0,0.0,999999,0.15,4,0,"LINESTRING (139.755596 35.656571, 139.755696 35.656671)",w_metro_only;w_bus_metro;d_metro_only;d_bus_metro,東京都交通局,-1,4.1.421:1;2;3;4;5;6;7;8;9;10;11;12;13;14;15;16;17;18;19;20;21;22;23;24;25
1001268,1000088,1500330,metro,1,4.1,2,boarding_links,14.327314340267357,1,999999,2.0,0,1.1538461538461537,999999,0.15,4,0,"LINESTRING (139.755696 35.656671, 139.755596 35.656571)",w_metro_only;w_bus_metro;d_metro_only;d_bus_metro,東京都交通局,-1,4.1.421:1;2;3;4;5;6;7;8;9;10;11;12;13;14;15;16;17;18;19;20;21;22;23;24;25;26;27;28;29;30;31;32;33;34;35;36;37;38;39
1001269,1500330,1000088,metro,1,4.1,2,deboarding_links,14.327314340267357,1,999999,2.0,0,0.0,999999,0.15,4,0,"LINESTRING (139.755596 35.656571, 139.755696 35.656671)",w_metro_only;w_bus_metro;d_metro_only;d_bus_metro,東京都交通局,-1,4.1.421:1;2;3;4;5;6;7;8;9;10;11;12;13;14;15;16;17;18;19;20;21;22;23;24;25;26;27;28;29;30;31;32;33;34;35;36;37;38;39
1001270,1000089,1500331,metro,1,4.1,2,boarding_links,14.327434617746054,1,999999,2.0,0,10.0,999999,0.15,4,0,"LINESTRING (139.743989 35.654985, 139.743889 35.654885)",w_metro_only;w_bus_metro;d_metro_only;d_bus_metro,東京都交通局,-1,4.1.422:1;2;3;4;5;6;7;8;9;10;11;12;13;14;15;16;17;18;19;20;21;22;23;24;25
1001271,1500331,1000089,metro,1,4.1,2,deboarding_links,14.327434617746054,1,999999,2.0,0,0.0,999999,0.15,4,0,"LINESTRING (139.743889 35.654885, 139.743989 35.654985)",w_metro_only;w_bus_metro;d_metro_only;d_bus_metro,東京都交通局,-1,4.1.422:1;2;3;4;5;6;7;8;9;10;11;12;13;14;15;16;17;18;19;20;21;22;23;24;25
1001272,1000089,1500332,metro,1,4.1,2,boarding_links,14.327434617746054,1,999999,2.0,0,1.1538461538461537,999999,0.15,4,0,"LINESTRING (139.743989 35.654985, 139.743889 35.654885)",w_metro_only;w_bus_metro;d_metro_only;d_bus_metro,東京都交通局,-1,4.1.422:1;2;3;4;5;6;7;8;9;10;11;12;13;14;15;16;17;18;19;20;21;22;23;24;25;26;27;28;29;30;31;32;33;34;35;36;37;38;39
1001273,1500332,1000089,metro,1,4.1,2,deboarding_links,14.327434617746054,1,999999,2.0,0,0.0,999999,0.15,4,0,"LINESTRING (139.743889 35.654885, 139.743989 35.654985)",w_metro_only;w_bus_metro;d_metro_only;d_bus_metro,東京都交通局,-1,4.1.422:1;2;3;4;5;6;7;8;9;10;11;12;13;14;15;16;17;18;19;20;21;22;23;24;25;26;27;28;29;30;31;32;33;34;35;36;37;38;39
1001274,1000090,1500333,metro,1,4.1,2,boarding_links,14.327330249049744,1,999999,2.0,0,10.0,999999,0.15,4,0,"LINESTRING (139.73633 35.656448, 139.73623 35.656347999999994)",w_metro_only;w_bus_metro;d_metro_only;d_bus_metro,東京都交通局,-1,4.1.423:1;2;3;4;5;6;7;8;9;10;11;12;13;14;15;16;17;18;19;20;21;22;23;24;25
1001275,1500333,1000090,metro,1,4.1,2,deboarding_links,14.327330249049744,1,999999,2.0,0,0.0,999999,0.15,4,0,"LINESTRING (139.73623 35.656347999999994, 139.73633 35.656448)",w_metro_only;w_bus_metro;d_metro_only;d_bus_metro,東京都交通局,-1,4.1.423:1;2;3;4;5;6;7;8;9;10;11;12;13;14;15;16;17;18;19;20;21;22;23;24;25
1001276,1000090,1500334,metro,1,4.1,2,boarding_links,14.327330249049744,1,999999,2.0,0,1.1538461538461537,999999,0.15,4,0,"LINESTRING (139.73633 35.656448, 139.73623 35.656347999999994)",w_metro_only;w_bus_metro;d_metro_only;d_bus_metro,東京都交通局,-1,4.1.423:1;2;3;4;5;6;7;8;9;10;11;12;13;14;15;16;17;18;19;20;21;22;23;24;25;26;27;28;29;30;31;32;33;34;35;36;37;38;39
1001277,1500334,1000090,metro,1,4.1,2,deboarding_links,14.327330249049744,1,999999,2.0,0,0.0,999999,0.15,4,0,"LINESTRING (139.73623 35.656347999999994, 139.73633 35.656448)",w_metro_only;w_bus_metro;d_metro_only;d_bus_metro,東京都交通局,-1,4.1.423:1;2;3;4;5;6;7;8;9;10;11;12;13;14;15;16;17;18;19;20;21;22;23;24;25;26;27;28;29;30;31;32;33;34;35;36;37;38;39
1001278,1000091,1500335,metro,1,4.1,2,boarding_links,14.326783894535607,1,999999,2.0,0,10.0,999999,0.15,4,0,"LINESTRING (139.731354 35.664106, 139.731254 35.66400599999999)",w_metro_only;w_bus_metro;d_metro_only;d_bus_metro,東京都交通局,-1,4.1.424:1;2;3;4;5;6;7;8;9;10;11;12;13;14;15;16;17;18;19;20;21;22;23;24;25
1001279,1500335,1000091,metro,1,4.1,2,deboarding_links,14.326783894535607,1,999999,2.0,0,0.0,999999,0.15,4,0,"LINESTRING (139.731254 35.66400599999999, 139.731354 35.664106)",w_metro_only;w_bus_metro;d_metro_only;d_bus_metro,東京都交通局,-1,4.1.424:1;2;3;4;5;6;7;8;9;10;11;12;13;14;15;16;17;18;19;20;21;22;23;24;25
1001280,1000091,1500336,metro,1,4.1,2,boarding_links,14.326783894535607,1,999999,2.0,0,1.1538461538461537,999999,0.15,4,0,"LINESTRING (139.731354 35.664106, 139.731254 35.66400599999999)",w_metro_only;w_bus_metro;d_metro_only;d_bus_metro,東京都交通局,-1,4.1.424:1;2;3;4;5;6;7;8;9;10;11;12;13;14;15;16;17;18;19;20;21;22;23;24;25;26;27;28;29;30;31;32;33;34;35;36;37;38;39
1001281,1500336,1000091,metro,1,4.1,2,deboarding_links,14.326783894535607,1,999999,2.0,0,0.0,999999,0.15,4,0,"LINESTRING (139.731254 35.66400599999999, 139.731354 35.664106)",w_metro_only;w_bus_metro;d_metro_only;d_bus_metro,東京都交通局,-1,4.1.424:1;2;3;4;5;6;7;8;9;10;11;12;13;14;15;16;17;18;19;20;21;22;23;24;25;26;27;28;29;30;31;32;33;34;35;36;37;38;39
1001282,1000092,1500337,metro,1,4.1,2,boarding_links,14.32614448929602,1,999999,2.0,0,10.0,999999,0.15,4,0,"LINESTRING (139.723925 35.673067, 139.723825 35.672967)",w_metro_only;w_bus_metro;d_metro_only;d_bus_metro,東京都交通局,-1,4.1.425:1;2;3;4;5;6;7;8;9;10;11;12;13;14;15;16;17;18;19;20;21;22;23;24;25
1001283,1500337,1000092,metro,1,4.1,2,deboarding_links,14.32614448929602,1,999999,2.0,0,0.0,999999,0.15,4,0,"LINESTRING (139.723825 35.672967, 139.723925 35.673067)",w_metro_only;w_bus_metro;d_metro_only;d_bus_metro,東京都交通局,-1,4.1.425:1;2;3;4;5;6;7;8;9;10;11;12;13;14;15;16;17;18;19;20;21;22;23;24;25
1001284,1000092,1500338,metro,1,4.1,2,boarding_links,14.32614448929602,1,999999,2.0,0,1.1538461538461537,999999,0.15,4,0,"LINESTRING (139.723925 35.673067, 139.723825 35.672967)",w_metro_only;w_bus_metro;d_metro_only;d_bus_metro,東京都交通局,-1,4.1.425:1;2;3;4;5;6;7;8;9;10;11;12;13;14;15;16;17;18;19;20;21;22;23;24;25;26;27;28;29;30;31;32;33;34;35;36;37;38;39
1001285,1500338,1000092,metro,1,4.1,2,deboarding_links,14.32614448929602,1,999999,2.0,0,0.0,999999,0.15,4,0,"LINESTRING (139.723825 35.672967, 139.723925 35.673067)",w_metro_only;w_bus_metro;d_metro_only;d_bus_metro,東京都交通局,-1,4.1.425:1;2;3;4;5;6;7;8;9;10;11;12;13;14;15;16;17;18;19;20;21;22;23;24;25;26;27;28;29;30;31;32;33;34;35;36;37;38;39
1001286,1000093,1500339,metro,1,4.1,2,boarding_links,14.325657146767465,1,999999,2.0,0,10.0,999999,0.15,4,0,"LINESTRING (139.714667 35.679896, 139.714567 35.679795999999996)",w_metro_only;w_bus_metro;d_metro_only;d_bus_metro,東京都交通局,-1,4.1.426:1;2;3;4;5;6;7;8;9;10;11;12;13;14;15;16;17;18;19;20;21;22;23;24;25
1001287,1500339,1000093,metro,1,4.1,2,deboarding_links,14.325657146767465,1,999999,2.0,0,0.0,999999,0.15,4,0,"LINESTRING (139.714567 35.679795999999996, 139.714667 35.679896)",w_metro_only;w_bus_metro;d_metro_only;d_bus_metro,東京都交通局,-1,4.1.426:1;2;3;4;5;6;7;8;9;10;11;12;13;14;15;16;17;18;19;20;21;22;23;24;25
1001288,1000093,1500340,metro,1,4.1,2,boarding_links,14.325657146767465,1,999999,2.0,0,1.1538461538461537,999999,0.15,4,0,"LINESTRING (139.714667 35.679896, 139.714567 35.679795999999996)",w_metro_only;w_bus_metro;d_metro_only;d_bus_metro,東京都交通局,-1,4.1.426:1;2;3;4;5;6;7;8;9;10;11;12;13;14;15;16;17;18;19;20;21;22;23;24;25;26;27;28;29;30;31;32;33;34;35;36;37;38;39
1001289,1500340,1000093,metro,1,4.1,2,deboarding_links,14.325657146767465,1,999999,2.0,0,0.0,999999,0.15,4,0,"LINESTRING (139.714567 35.679795999999996, 139.714667 35.679896)",w_metro_only;w_bus_metro;d_metro_only;d_bus_metro,東京都交通局,-1,4.1.426:1;2;3;4;5;6;7;8;9;10;11;12;13;14;15;16;17;18;19;20;21;22;23;24;25;26;27;28;29;30;31;32;33;34;35;36;37;38;39
1001290,1000094,1500341,metro,1,4.1,2,boarding_links,14.325399572742475,1,999999,2.0,0,10.0,999999,0.15,4,0,"LINESTRING (139.701603 35.683505, 139.701503 35.68340499999999)",w_metro_only;w_bus_metro;d_metro_only;d_bus_metro,東京都交通局,-1,4.1.427:1;2;3;4;5;6;7;8;9;10;11;12;13;14;15;16;17;18;19;20;21;22;23;24;25
1001291,1500341,1000094,metro,1,4.1,2,deboarding_links,14.325399572742475,1,999999,2.0,0,0.0,999999,0.15,4,0,"LINESTRING (139.701503 35.68340499999999, 139.701603 35.683505)",w_metro_only;w_bus_metro;d_metro_only;d_bus_metro,東京都交通局,-1,4.1.427:1;2;3;4;5;6;7;8;9;10;11;12;13;14;15;16;17;18;19;20;21;22;23;24;25
1001292,1000094,1500342,metro,1,4.1,2,boarding_links,14.325399572742475,1,999999,2.0,0,1.1538461538461537,999999,0.15,4,0,"LINESTRING (139.701603 35.683505, 139.701503 35.68340499999999)",w_metro_only;w_bus_metro;d_metro_only;d_bus_metro,東京都交通局,-1,4.1.427:1;2;3;4;5;6;7;8;9;10;11;12;13;14;15;16;17;18;19;20;21;22;23;24;25;26;27;28;29;30;31;32;33;34;35;36;37;38;39
1001293,1500342,1000094,metro,1,4.1,2,deboarding_links,14.325399572742475,1,999999,2.0,0,0.0,999999,0.15,4,0,"LINESTRING (139.701503 35.68340499999999, 139.701603 35.683505)",w_metro_only;w_bus_metro;d_metro_only;d_bus_metro,東京都交通局,-1,4.1.427:1;2;3;4;5;6;7;8;9;10;11;12;13;14;15;16;17;18;19;20;21;22;23;24;25;26;27;28;29;30;31;32;33;34;35;36;37;38;39
1001294,1000095,1500343,metro,1,4.1,2,boarding_links,14.325045766687932,1,999999,2.0,0,10.0,999999,0.15,4,0,"LINESTRING (139.699019 35.688462, 139.698919 35.688362)",w_metro_only;w_bus_metro;d_metro_only;d_bus_metro,東京都交通局,-1,4.1.428:1;2;3;4;5;6;7;8;9;10;11;12;13;14;15;16;17;18;19;20;21;22;23;24;25
1001295,1500343,1000095,metro,1,4.1,2,deboarding_links,14.325045766687932,1,999999,2.0,0,0.0,999999,0.15,4,0,"LINESTRING (139.698919 35.688362, 139.699019 35.688462)",w_metro_only;w_bus_metro;d_metro_only;d_bus_metro,東京都交通局,-1,4.1.428:1;2;3;4;5;6;7;8;9;10;11;12;13;14;15;16;17;18;19;20;21;22;23;24;25
1001296,1000095,1500344,metro,1,4.1,2,boarding_links,14.325045766687932,1,999999,2.0,0,1.1538461538461537,999999,0.15,4,0,"LINESTRING (139.699019 35.688462, 139.698919 35.688362)",w_metro_only;w_bus_metro;d_metro_only;d_bus_metro,東京都交通局,-1,4.1.428:1;2;3;4;5;6;7;8;9;10;11;12;13;14;15;16;17;18;19;20;21;22;23;24;25;26;27;28;29;30;31;32;33;34;35;36;37;38;39
1001297,1500344,1000095,metro,1,4.1,2,deboarding_links,14.325045766687932,1,999999,2.0,0,0.0,999999,0.15,4,0,"LINESTRING (139.698919 35.688362, 139.699019 35.688462)",w_metro_only;w_bus_metro;d_metro_only;d_bus_metro,東京都交通局,-1,4.1.428:1;2;3;4;5;6;7;8;9;10;11;12;13;14;15;16;17;18;19;20;21;22;23;24;25;26;27;28;29;30;31;32;33;34;35;36;37;38;39
1001298,1000096,1500345,metro,1,4.1,2,boarding_links,14.324892658130398,1,999999,2.0,0,5.0,999999,0.15,4,0,"LINESTRING (139.692677 35.690607, 139.692577 35.690507)",w_metro_only;w_bus_metro;d_metro_only;d_bus_metro,東京都交通局,-1,4.1.429:1;2;3;4;5;6;7;8;9;10;11;12;13;14;15
1001299,1500345,1000096,metro,1,4.1,2,deboarding_links,14.324892658130398,1,999999,2.0,0,0.0,999999,0.15,4,0,"LINESTRING (139.692577 35.690507, 139.692677 35.690607)",w_metro_only;w_bus_metro;d_metro_only;d_bus_metro,東京都交通局,-1,4.1.429:1;2;3;4;5;6;7;8;9;10;11;12;13;14;15
1001300,1000096,1500346,metro,1,4.1,2,boarding_links,14.324892658130398,1,999999,2.0,0,10.0,999999,0.15,4,0,"LINESTRING (139.692677 35.690607, 139.692577 35.690507)",w_metro_only;w_bus_metro;d_metro_only;d_bus_metro,東京都交通局,-1,4.1.429:1;2;3;4;5;6;7;8;9;10;11;12;13;14;15;16;17;18;19;20;21;22;23;24;25
1001301,1500346,1000096,metro,1,4.1,2,deboarding_links,14.324892658130398,1,999999,2.0,0,0.0,999999,0.15,4,0,"LINESTRING (139.692577 35.690507, 139.692677 35.690607)",w_metro_only;w_bus_metro;d_metro_only;d_bus_metro,東京都交通局,-1,4.1.429:1;2;3;4;5;6;7;8;9;10;11;12;13;14;15;16;17;18;19;20;21;22;23;24;25
1001302,1000096,1500347,metro,1,4.1,2,boarding_links,14.324892658130398,1,999999,2.0,0,1.1538461538461537,999999,0.15,4,0,"LINESTRING (139.692677 35.690607, 139.692577 35.690507)",w_metro_only;w_bus_metro;d_metro_only;d_bus_metro,東京都交通局,-1,4.1.429:1;2;3;4;5;6;7;8;9;10;11;12;13;14;15;16;17;18;19;20;21;22;23;24;25;26;27;28;29;30;31;32;33;34;35;36;37;38;39
1001303,1500347,1000096,metro,1,4.1,2,deboarding_links,14.324892658130398,1,999999,2.0,0,0.0,999999,0.15,4,0,"LINESTRING (139.692577 35.690507, 139.692677 35.690607)",w_metro_only;w_bus_metro;d_metro_only;d_bus_metro,東京都交通局,-1,4.1.429:1;2;3;4;5;6;7;8;9;10;11;12;13;14;15;16;17;18;19;20;21;22;23;24;25;26;27;28;29;30;31;32;33;34;35;36;37;38;39
1001304,1000097,1500348,metro,1,4.1,2,boarding_links,14.324943694927258,1,999999,2.0,0,10.0,999999,0.15,4,0,"LINESTRING (139.684545 35.689892, 139.684445 35.689792)",w_metro_only;w_bus_metro;d_metro_only;d_bus_metro,東京都交通局,-1,4.1.430:1;2;3;4;5;6;7;8;9;10;11;12;13;14;15;16;17;18;19;20;21;22;23;24;25
1001305,1500348,1000097,metro,1,4.1,2,deboarding_links,14.324943694927258,1,999999,2.0,0,0.0,999999,0.15,4,0,"LINESTRING (139.684445 35.689792, 139.684545 35.689892)",w_metro_only;w_bus_metro;d_metro_only;d_bus_metro,東京都交通局,-1,4.1.430:1;2;3;4;5;6;7;8;9;10;11;12;13;14;15;16;17;18;19;20;21;22;23;24;25
1001306,1000097,1500349,metro,1,4.1,2,boarding_links,14.324943694927258,1,999999,2.0,0,1.1538461538461537,999999,0.15,4,0,"LINESTRING (139.684545 35.689892, 139.684445 35.689792)",w_metro_only;w_bus_metro;d_metro_only;d_bus_metro,東京都交通局,-1,4.1.430:1;2;3;4;5;6;7;8;9;10;11;12;13;14;15;16;17;18;19;20;21;22;23;24;25;26;27;28;29;30;31;32;33;34;35;36;37;38;39
1001307,1500349,1000097,metro,1,4.1,2,deboarding_links,14.324943694927258,1,999999,2.0,0,0.0,999999,0.15,4,0,"LINESTRING (139.684445 35.689792, 139.684545 35.689892)",w_metro_only;w_bus_metro;d_metro_only;d_bus_metro,東京都交通局,-1,4.1.430:1;2;3;4;5;6;7;8;9;10;11;12;13;14;15;16;17;18;19;20;21;22;23;24;25;26;27;28;29;30;31;32;33;34;35;36;37;38;39
1001308,1000098,1500350,metro,1,4.1,2,boarding_links,14.324372975967984,1,999999,2.0,0,10.0,999999,0.15,4,0,"LINESTRING (139.682899 35.697887, 139.682799 35.697787)",w_metro_only;w_bus_metro;d_metro_only;d_bus_metro,東京都交通局,-1,4.1.431:1;2;3;4;5;6;7;8;9;10;11;12;13;14;15;16;17;18;19;20;21;22;23;24;25
1001309,1500350,1000098,metro,1,4.1,2,deboarding_links,14.324372975967984,1,999999,2.0,0,0.0,999999,0.15,4,0,"LINESTRING (139.682799 35.697787, 139.682899 35.697887)",w_metro_only;w_bus_metro;d_metro_only;d_bus_metro,東京都交通局,-1,4.1.431:1;2;3;4;5;6;7;8;9;10;11;12;13;14;15;16;17;18;19;20;21;22;23;24;25
1001310,1000098,1500351,metro,1,4.1,2,boarding_links,14.324372975967984,1,999999,2.0,0,1.1538461538461537,999999,0.15,4,0,"LINESTRING (139.682899 35.697887, 139.682799 35.697787)",w_metro_only;w_bus_metro;d_metro_only;d_bus_metro,東京都交通局,-1,4.1.431:1;2;3;4;5;6;7;8;9;10;11;12;13;14;15;16;17;18;19;20;21;22;23;24;25;26;27;28;29;30;31;32;33;34;35;36;37;38;39
1001311,1500351,1000098,metro,1,4.1,2,deboarding_links,14.324372975967984,1,999999,2.0,0,0.0,999999,0.15,4,0,"LINESTRING (139.682799 35.697787, 139.682899 35.697887)",w_metro_only;w_bus_metro;d_metro_only;d_bus_metro,東京都交通局,-1,4.1.431:1;2;3;4;5;6;7;8;9;10;11;12;13;14;15;16;17;18;19;20;21;22;23;24;25;26;27;28;29;30;31;32;33;34;35;36;37;38;39
1001312,1000099,1500352,metro,1,4.1,2,boarding_links,14.323710931993034,1,999999,2.0,0,10.0,999999,0.15,4,0,"LINESTRING (139.683112 35.70716, 139.683012 35.70706)",w_metro_only;w_bus_metro;d_metro_only;d_bus_metro,東京都交通局,-1,4.1.432:1;2;3;4;5;6;7;8;9;10;11;12;13;14;15;16;17;18;19;20;21;22;23;24;25
1001313,1500352,1000099,metro,1,4.1,2,deboarding_links,14.323710931993034,1,999999,2.0,0,0.0,999999,0.15,4,0,"LINESTRING (139.683012 35.70706, 139.683112 35.70716)",w_metro_only;w_bus_metro;d_metro_only;d_bus_metro,東京都交通局,-1,4.1.432:1;2;3;4;5;6;7;8;9;10;11;12;13;14;15;16;17;18;19;20;21;22;23;24;25
1001314,1000099,1500353,metro,1,4.1,2,boarding_links,14.323710931993034,1,999999,2.0,0,1.1538461538461537,999999,0.15,4,0,"LINESTRING (139.683112 35.70716, 139.683012 35.70706)",w_metro_only;w_bus_metro;d_metro_only;d_bus_metro,東京都交通局,-1,4.1.432:1;2;3;4;5;6;7;8;9;10;11;12;13;14;15;16;17;18;19;20;21;22;23;24;25;26;27;28;29;30;31;32;33;34;35;36;37;38;39
1001315,1500353,1000099,metro,1,4.1,2,deboarding_links,14.323710931993034,1,999999,2.0,0,0.0,999999,0.15,4,0,"LINESTRING (139.683012 35.70706, 139.683112 35.70716)",w_metro_only;w_bus_metro;d_metro_only;d_bus_metro,東京都交通局,-1,4.1.432:1;2;3;4;5;6;7;8;9;10;11;12;13;14;15;16;17;18;19;20;21;22;23;24;25;26;27;28;29;30;31;32;33;34;35;36;37;38;39
1001316,1000100,1500354,metro,1,4.1,2,boarding_links,14.32322716731543,1,999999,2.0,0,10.0,999999,0.15,4,0,"LINESTRING (139.686296 35.713935, 139.686196 35.713834999999996)",w_metro_only;w_bus_metro;d_metro_only;d_bus_metro,東京都交通局,-1,4.1.433:1;2;3;4;5;6;7;8;9;10;11;12;13;14;15;16;17;18;19;20;21;22;23;24;25
1001317,1500354,1000100,metro,1,4.1,2,deboarding_links,14.32322716731543,1,999999,2.0,0,0.0,999999,0.15,4,0,"LINESTRING (139.686196 35.713834999999996, 139.686296 35.713935)",w_metro_only;w_bus_metro;d_metro_only;d_bus_metro,東京都交通局,-1,4.1.433:1;2;3;4;5;6;7;8;9;10;11;12;13;14;15;16;17;18;19;20;21;22;23;24;25
1001318,1000100,1500355,metro,1,4.1,2,boarding_links,14.32322716731543,1,999999,2.0,0,1.1538461538461537,999999,0.15,4,0,"LINESTRING (139.686296 35.713935, 139.686196 35.713834999999996)",w_metro_only;w_bus_metro;d_metro_only;d_bus_metro,東京都交通局,-1,4.1.433:1;2;3;4;5;6;7;8;9;10;11;12;13;14;15;16;17;18;19;20;21;22;23;24;25;26;27;28;29;30;31;32;33;34;35;36;37;38;39
1001319,1500355,1000100,metro,1,4.1,2,deboarding_links,14.32322716731543,1,999999,2.0,0,0.0,999999,0.15,4,0,"LINESTRING (139.686196 35.713834999999996, 139.686296 35.713935)",w_metro_only;w_bus_metro;d_metro_only;d_bus_metro,東京都交通局,-1,4.1.433:1;2;3;4;5;6;7;8;9;10;11;12;13;14;15;16;17;18;19;20;21;22;23;24;25;26;27;28;29;30;31;32;33;34;35;36;37;38;39
1001320,1000101,1500356,metro,1,4.1,2,boarding_links,14.322548733439177,1,999999,2.0,0,10.0,999999,0.15,4,0,"LINESTRING (139.683389 35.723435, 139.683289 35.723335)",w_metro_only;w_bus_metro;d_metro_only;d_bus_metro,東京都交通局,-1,4.1.434:1;2;3;4;5;6;7;8;9;10;11;12;13;14;15;16;17;18;19;20;21;22;23;24;25
1001321,1500356,1000101,metro,1,4.1,2,deboarding_links,14.322548733439177,1,999999,2.0,0,0.0,999999,0.15,4,0,"LINESTRING (139.683289 35.723335, 139.683389 35.723435)",w_metro_only;w_bus_metro;d_metro_only;d_bus_metro,東京都交通局,-1,4.1.434:1;2;3;4;5;6;7;8;9;10;11;12;13;14;15;16;17;18;19;20;21;22;23;24;25
1001322,1000101,1500357,metro,1,4.1,2,boarding_links,14.322548733439177,1,999999,2.0,0,1.1538461538461537,999999,0.15,4,0,"LINESTRING (139.683389 35.723435, 139.683289 35.723335)",w_metro_only;w_bus_metro;d_metro_only;d_bus_metro,東京都交通局,-1,4.1.434:1;2;3;4;5;6;7;8;9;10;11;12;13;14;15;16;17;18;19;20;21;22;23;24;25;26;27;28;29;30;31;32;33;34;35;36;37;38;39
1001323,1500357,1000101,metro,1,4.1,2,deboarding_links,14.322548733439177,1,999999,2.0,0,0.0,999999,0.15,4,0,"LINESTRING (139.683289 35.723335, 139.683389 35.723435)",w_metro_only;w_bus_metro;d_metro_only;d_bus_metro,東京都交通局,-1,4.1.434:1;2;3;4;5;6;7;8;9;10;11;12;13;14;15;16;17;18;19;20;21;22;23;24;25;26;27;28;29;30;31;32;33;34;35;36;37;38;39
1001324,1000102,1500358,metro,1,4.1,2,boarding_links,14.32189562129877,1,999999,2.0,0,10.0,999999,0.15,4,0,"LINESTRING (139.670498 35.732579, 139.670398 35.732479)",w_metro_only;w_bus_metro;d_metro_only;d_bus_metro,東京都交通局,-1,4.1.435:1;2;3;4;5;6;7;8;9;10;11;12;13;14;15;16;17;18;19;20;21;22;23;24;25
1001325,1500358,1000102,metro,1,4.1,2,deboarding_links,14.32189562129877,1,999999,2.0,0,0.0,999999,0.15,4,0,"LINESTRING (139.670398 35.732479, 139.670498 35.732579)",w_metro_only;w_bus_metro;d_metro_only;d_bus_metro,東京都交通局,-1,4.1.435:1;2;3;4;5;6;7;8;9;10;11;12;13;14;15;16;17;18;19;20;21;22;23;24;25
1001326,1000102,1500359,metro,1,4.1,2,boarding_links,14.32189562129877,1,999999,2.0,0,1.1538461538461537,999999,0.15,4,0,"LINESTRING (139.670498 35.732579, 139.670398 35.732479)",w_metro_only;w_bus_metro;d_metro_only;d_bus_metro,東京都交通局,-1,4.1.435:1;2;3;4;5;6;7;8;9;10;11;12;13;14;15;16;17;18;19;20;21;22;23;24;25;26;27;28;29;30;31;32;33;34;35;36;37;38;39
1001327,1500359,1000102,metro,1,4.1,2,deboarding_links,14.32189562129877,1,999999,2.0,0,0.0,999999,0.15,4,0,"LINESTRING (139.670398 35.732479, 139.670498 35.732579)",w_metro_only;w_bus_metro;d_metro_only;d_bus_metro,東京都交通局,-1,4.1.435:1;2;3;4;5;6;7;8;9;10;11;12;13;14;15;16;17;18;19;20;21;22;23;24;25;26;27;28;29;30;31;32;33;34;35;36;37;38;39
1001328,1000103,1500360,metro,1,4.1,2,boarding_links,14.321550454413082,1,999999,2.0,0,10.0,999999,0.15,4,0,"LINESTRING (139.654762 35.737411, 139.654662 35.737311)",w_metro_only;w_bus_metro;d_metro_only;d_bus_metro,東京都交通局,-1,4.1.436:1;2;3;4;5;6;7;8;9;10;11;12;13;14;15;16;17;18;19;20;21;22;23;24;25
1001329,1500360,1000103,metro,1,4.1,2,deboarding_links,14.321550454413082,1,999999,2.0,0,0.0,999999,0.15,4,0,"LINESTRING (139.654662 35.737311, 139.654762 35.737411)",w_metro_only;w_bus_metro;d_metro_only;d_bus_metro,東京都交通局,-1,4.1.436:1;2;3;4;5;6;7;8;9;10;11;12;13;14;15;16;17;18;19;20;21;22;23;24;25
1001330,1000103,1500361,metro,1,4.1,2,boarding_links,14.321550454413082,1,999999,2.0,0,1.1538461538461537,999999,0.15,4,0,"LINESTRING (139.654762 35.737411, 139.654662 35.737311)",w_metro_only;w_bus_metro;d_metro_only;d_bus_metro,東京都交通局,-1,4.1.436:1;2;3;4;5;6;7;8;9;10;11;12;13;14;15;16;17;18;19;20;21;22;23;24;25;26;27;28;29;30;31;32;33;34;35;36;37;38;39
1001331,1500361,1000103,metro,1,4.1,2,deboarding_links,14.321550454413082,1,999999,2.0,0,0.0,999999,0.15,4,0,"LINESTRING (139.654662 35.737311, 139.654762 35.737411)",w_metro_only;w_bus_metro;d_metro_only;d_bus_metro,東京都交通局,-1,4.1.436:1;2;3;4;5;6;7;8;9;10;11;12;13;14;15;16;17;18;19;20;21;22;23;24;25;26;27;28;29;30;31;32;33;34;35;36;37;38;39
1001332,1000104,1500362,metro,1,4.1,2,boarding_links,14.32124326677118,1,999999,2.0,0,10.0,999999,0.15,4,0,"LINESTRING (139.649116 35.741711, 139.649016 35.741611)",w_metro_only;w_bus_metro;d_metro_only;d_bus_metro,東京都交通局,-1,4.1.437:1;2;3;4;5;6;7;8;9;10;11;12;13;14;15;16;17;18;19;20;21;22;23;24;25
1001333,1500362,1000104,metro,1,4.1,2,deboarding_links,14.32124326677118,1,999999,2.0,0,0.0,999999,0.15,4,0,"LINESTRING (139.649016 35.741611, 139.649116 35.741711)",w_metro_only;w_bus_metro;d_metro_only;d_bus_metro,東京都交通局,-1,4.1.437:1;2;3;4;5;6;7;8;9;10;11;12;13;14;15;16;17;18;19;20;21;22;23;24;25
1001334,1000104,1500363,metro,1,4.1,2,boarding_links,14.32124326677118,1,999999,2.0,0,1.1538461538461537,999999,0.15,4,0,"LINESTRING (139.649116 35.741711, 139.649016 35.741611)",w_metro_only;w_bus_metro;d_metro_only;d_bus_metro,東京都交通局,-1,4.1.437:1;2;3;4;5;6;7;8;9;10;11;12;13;14;15;16;17;18;19;20;21;22;23;24;25;26;27;28;29;30;31;32;33;34;35;36;37;38;39
1001335,1500363,1000104,metro,1,4.1,2,deboarding_links,14.32124326677118,1,999999,2.0,0,0.0,999999,0.15,4,0,"LINESTRING (139.649016 35.741611, 139.649116 35.741711)",w_metro_only;w_bus_metro;d_metro_only;d_bus_metro,東京都交通局,-1,4.1.437:1;2;3;4;5;6;7;8;9;10;11;12;13;14;15;16;17;18;19;20;21;22;23;24;25;26;27;28;29;30;31;32;33;34;35;36;37;38;39
1001336,1000105,1500364,metro,1,4.1,2,boarding_links,14.320550299154121,1,999999,2.0,0,10.0,999999,0.15,4,0,"LINESTRING (139.6403 35.75141, 139.6402 35.75131)",w_metro_only;w_bus_metro;d_metro_only;d_bus_metro,東京都交通局,-1,4.1.438:1;2;3;4;5;6;7;8;9;10;11;12;13;14;15;16;17;18;19;20;21;22;23;24;25
1001337,1500364,1000105,metro,1,4.1,2,deboarding_links,14.320550299154121,1,999999,2.0,0,0.0,999999,0.15,4,0,"LINESTRING (139.6402 35.75131, 139.6403 35.75141)",w_metro_only;w_bus_metro;d_metro_only;d_bus_metro,東京都交通局,-1,4.1.438:1;2;3;4;5;6;7;8;9;10;11;12;13;14;15;16;17;18;19;20;21;22;23;24;25
1001338,1000105,1500365,metro,1,4.1,2,boarding_links,14.320550299154121,1,999999,2.0,0,1.1538461538461537,999999,0.15,4,0,"LINESTRING (139.6403 35.75141, 139.6402 35.75131)",w_metro_only;w_bus_metro;d_metro_only;d_bus_metro,東京都交通局,-1,4.1.438:1;2;3;4;5;6;7;8;9;10;11;12;13;14;15;16;17;18;19;20;21;22;23;24;25;26;27;28;29;30;31;32;33;34;35;36;37;38;39
1001339,1500365,1000105,metro,1,4.1,2,deboarding_links,14.320550299154121,1,999999,2.0,0,0.0,999999,0.15,4,0,"LINESTRING (139.6402 35.75131, 139.6403 35.75141)",w_metro_only;w_bus_metro;d_metro_only;d_bus_metro,東京都交通局,-1,4.1.438:1;2;3;4;5;6;7;8;9;10;11;12;13;14;15;16;17;18;19;20;21;22;23;24;25;26;27;28;29;30;31;32;33;34;35;36;37;38;39
1001340,1000106,1500366,metro,1,4.1,2,boarding_links,14.320041737264903,1,999999,2.0,0,10.0,999999,0.15,4,0,"LINESTRING (139.628901 35.758527, 139.628801 35.758427)",w_metro_only;w_bus_metro;d_metro_only;d_bus_metro,東京都交通局,-1,4.1.439:1;2;3;4;5;6;7;8;9;10;11;12;13;14;15;16;17;18;19;20;21;22;23;24;25
1001341,1500366,1000106,metro,1,4.1,2,deboarding_links,14.320041737264903,1,999999,2.0,0,0.0,999999,0.15,4,0,"LINESTRING (139.628801 35.758427, 139.628901 35.758527)",w_metro_only;w_bus_metro;d_metro_only;d_bus_metro,東京都交通局,-1,4.1.439:1;2;3;4;5;6;7;8;9;10;11;12;13;14;15;16;17;18;19;20;21;22;23;24;25
1001342,1000106,1500367,metro,1,4.1,2,boarding_links,14.320041737264903,1,999999,2.0,0,1.1538461538461537,999999,0.15,4,0,"LINESTRING (139.628901 35.758527, 139.628801 35.758427)",w_metro_only;w_bus_metro;d_metro_only;d_bus_metro,東京都交通局,-1,4.1.439:1;2;3;4;5;6;7;8;9;10;11;12;13;14;15;16;17;18;19;20;21;22;23;24;25;26;27;28;29;30;31;32;33;34;35;36;37;38;39
1001343,1500367,1000106,metro,1,4.1,2,deboarding_links,14.320041737264903,1,999999,2.0,0,0.0,999999,0.15,4,0,"LINESTRING (139.628801 35.758427, 139.628901 35.758527)",w_metro_only;w_bus_metro;d_metro_only;d_bus_metro,東京都交通局,-1,4.1.439:1;2;3;4;5;6;7;8;9;10;11;12;13;14;15;16;17;18;19;20;21;22;23;24;25;26;27;28;29;30;31;32;33;34;35;36;37;38;39
1001344,1000069,1500368,metro,1,4.2,2,boarding_links,14.324695643225452,1,999999,2.0,0,1.2,999999,0.15,4,0,"LINESTRING (139.699121 35.693367, 139.699021 35.693267)",w_metro_only;w_bus_metro;d_metro_only;d_bus_metro,東京都交通局,-1,4.2.402:1;2;3;4;5;6;7;8;9;10;11;12;13;14;15;16;17;18;19;20;21;22;23;24;25;26;27;28;29;30;31;32;33;34;35;36;37;38;39
1001345,1500368,1000069,metro,1,4.2,2,deboarding_links,14.324695643225452,1,999999,2.0,0,0.0,999999,0.15,4,0,"LINESTRING (139.699021 35.693267, 139.699121 35.693367)",w_metro_only;w_bus_metro;d_metro_only;d_bus_metro,東京都交通局,-1,4.2.402:1;2;3;4;5;6;7;8;9;10;11;12;13;14;15;16;17;18;19;20;21;22;23;24;25;26;27;28;29;30;31;32;33;34;35;36;37;38;39
1001346,1000070,1500369,metro,1,4.2,2,boarding_links,14.324367978716753,1,999999,2.0,0,1.2,999999,0.15,4,0,"LINESTRING (139.707434 35.697957, 139.707334 35.697857)",w_metro_only;w_bus_metro;d_metro_only;d_bus_metro,東京都交通局,-1,4.2.403:1;2;3;4;5;6;7;8;9;10;11;12;13;14;15;16;17;18;19;20;21;22;23;24;25;26;27;28;29;30;31;32;33;34;35;36;37;38;39
1001347,1500369,1000070,metro,1,4.2,2,deboarding_links,14.324367978716753,1,999999,2.0,0,0.0,999999,0.15,4,0,"LINESTRING (139.707334 35.697857, 139.707434 35.697957)",w_metro_only;w_bus_metro;d_metro_only;d_bus_metro,東京都交通局,-1,4.2.403:1;2;3;4;5;6;7;8;9;10;11;12;13;14;15;16;17;18;19;20;21;22;23;24;25;26;27;28;29;30;31;32;33;34;35;36;37;38;39
1001348,1000071,1500370,metro,1,4.2,2,boarding_links,14.324280097527794,1,999999,2.0,0,1.2,999999,0.15,4,0,"LINESTRING (139.718043 35.699188, 139.717943 35.699087999999996)",w_metro_only;w_bus_metro;d_metro_only;d_bus_metro,東京都交通局,-1,4.2.404:1;2;3;4;5;6;7;8;9;10;11;12;13;14;15;16;17;18;19;20;21;22;23;24;25;26;27;28;29;30;31;32;33;34;35;36;37;38;39
1001349,1500370,1000071,metro,1,4.2,2,deboarding_links,14.324280097527794,1,999999,2.0,0,0.0,999999,0.15,4,0,"LINESTRING (139.717943 35.699087999999996, 139.718043 35.699188)",w_metro_only;w_bus_metro;d_metro_only;d_bus_metro,東京都交通局,-1,4.2.404:1;2;3;4;5;6;7;8;9;10;11;12;13;14;15;16;17;18;19;20;21;22;23;24;25;26;27;28;29;30;31;32;33;34;35;36;37;38;39
1001350,1000072,1500371,metro,1,4.2,2,boarding_links,14.32425775214398,1,999999,2.0,0,1.2,999999,0.15,4,0,"LINESTRING (139.72504 35.699501, 139.72494 35.699400999999995)",w_metro_only;w_bus_metro;d_metro_only;d_bus_metro,東京都交通局,-1,4.2.405:1;2;3;4;5;6;7;8;9;10;11;12;13;14;15;16;17;18;19;20;21;22;23;24;25;26;27;28;29;30;31;32;33;34;35;36;37;38;39
1001351,1500371,1000072,metro,1,4.2,2,deboarding_links,14.32425775214398,1,999999,2.0,0,0.0,999999,0.15,4,0,"LINESTRING (139.72494 35.699400999999995, 139.72504 35.699501)",w_metro_only;w_bus_metro;d_metro_only;d_bus_metro,東京都交通局,-1,4.2.405:1;2;3;4;5;6;7;8;9;10;11;12;13;14;15;16;17;18;19;20;21;22;23;24;25;26;27;28;29;30;31;32;33;34;35;36;37;38;39
1001352,1000073,1500372,metro,1,4.2,2,boarding_links,14.324157089379353,1,999999,2.0,0,1.2,999999,0.15,4,0,"LINESTRING (139.735894 35.700911, 139.735794 35.700810999999995)",w_metro_only;w_bus_metro;d_metro_only;d_bus_metro,東京都交通局,-1,4.2.406:1;2;3;4;5;6;7;8;9;10;11;12;13;14;15;16;17;18;19;20;21;22;23;24;25;26;27;28;29;30;31;32;33;34;35;36;37;38;39
1001353,1500372,1000073,metro,1,4.2,2,deboarding_links,14.324157089379353,1,999999,2.0,0,0.0,999999,0.15,4,0,"LINESTRING (139.735794 35.700810999999995, 139.735894 35.700911)",w_metro_only;w_bus_metro;d_metro_only;d_bus_metro,東京都交通局,-1,4.2.406:1;2;3;4;5;6;7;8;9;10;11;12;13;14;15;16;17;18;19;20;21;22;23;24;25;26;27;28;29;30;31;32;33;34;35;36;37;38;39
1001354,1000074,1500373,metro,1,4.2,2,boarding_links,14.324011374036349,1,999999,2.0,0,1.2,999999,0.15,4,0,"LINESTRING (139.745257 35.702952, 139.745157 35.702852)",w_metro_only;w_bus_metro;d_metro_only;d_bus_metro,東京都交通局,-1,4.2.407:1;2;3;4;5;6;7;8;9;10;11;12;13;14;15;16;17;18;19;20;21;22;23;24;25;26;27;28;29;30;31;32;33;34;35;36;37;38;39
1001355,1500373,1000074,metro,1,4.2,2,deboarding_links,14.324011374036349,1,999999,2.0,0,0.0,999999,0.15,4,0,"LINESTRING (139.745157 35.702852, 139.745257 35.702952)",w_metro_only;w_bus_metro;d_metro_only;d_bus_metro,東京都交通局,-1,4.2.407:1;2;3;4;5;6;7;8;9;10;11;12;13;14;15;16;17;18;19;20;21;22;23;24;25;26;27;28;29;30;31;32;33;34;35;36;37;38;39
1001356,1000075,1500374,metro,1,4.2,2,boarding_links,14.323615754283924,1,999999,2.0,0,1.2,999999,0.15,4,0,"LINESTRING (139.752487 35.708493, 139.752387 35.708392999999994)",w_metro_only;w_bus_metro;d_metro_only;d_bus_metro,東京都交通局,-1,4.2.408:1;2;3;4;5;6;7;8;9;10;11;12;13;14;15;16;17;18;19;20;21;22;23;24;25;26;27;28;29;30;31;32;33;34;35;36;37;38;39
1001357,1500374,1000075,metro,1,4.2,2,deboarding_links,14.323615754283924,1,999999,2.0,0,0.0,999999,0.15,4,0,"LINESTRING (139.752387 35.708392999999994, 139.752487 35.708493)",w_metro_only;w_bus_metro;d_metro_only;d_bus_metro,東京都交通局,-1,4.2.408:1;2;3;4;5;6;7;8;9;10;11;12;13;14;15;16;17;18;19;20;21;22;23;24;25;26;27;28;29;30;31;32;33;34;35;36;37;38;39
1001358,1000076,1500375,metro,1,4.2,2,boarding_links,14.323685941802182,1,999999,2.0,0,1.2,999999,0.15,4,0,"LINESTRING (139.760524 35.70751, 139.760424 35.707409999999996)",w_metro_only;w_bus_metro;d_metro_only;d_bus_metro,東京都交通局,-1,4.2.409:1;2;3;4;5;6;7;8;9;10;11;12;13;14;15;16;17;18;19;20;21;22;23;24;25;26;27;28;29;30;31;32;33;34;35;36;37;38;39
1001359,1500375,1000076,metro,1,4.2,2,deboarding_links,14.323685941802182,1,999999,2.0,0,0.0,999999,0.15,4,0,"LINESTRING (139.760424 35.707409999999996, 139.760524 35.70751)",w_metro_only;w_bus_metro;d_metro_only;d_bus_metro,東京都交通局,-1,4.2.409:1;2;3;4;5;6;7;8;9;10;11;12;13;14;15;16;17;18;19;20;21;22;23;24;25;26;27;28;29;30;31;32;33;34;35;36;37;38;39
1001360,1000077,1500376,metro,1,4.2,2,boarding_links,14.323654596756025,1,999999,2.0,0,1.2,999999,0.15,4,0,"LINESTRING (139.773351 35.707949, 139.773251 35.707848999999996)",w_metro_only;w_bus_metro;d_metro_only;d_bus_metro,東京都交通局,-1,4.2.410:1;2;3;4;5;6;7;8;9;10;11;12;13;14;15;16;17;18;19;20;21;22;23;24;25;26;27;28;29;30;31;32;33;34;35;36;37;38;39
1001361,1500376,1000077,metro,1,4.2,2,deboarding_links,14.323654596756025,1,999999,2.0,0,0.0,999999,0.15,4,0,"LINESTRING (139.773251 35.707848999999996, 139.773351 35.707949)",w_metro_only;w_bus_metro;d_metro_only;d_bus_metro,東京都交通局,-1,4.2.410:1;2;3;4;5;6;7;8;9;10;11;12;13;14;15;16;17;18;19;20;21;22;23;24;25;26;27;28;29;30;31;32;33;34;35;36;37;38;39
1001362,1000078,1500377,metro,1,4.2,2,boarding_links,14.323721713430212,1,999999,2.0,0,1.2,999999,0.15,4,0,"LINESTRING (139.782166 35.707009, 139.782066 35.706908999999996)",w_metro_only;w_bus_metro;d_metro_only;d_bus_metro,東京都交通局,-1,4.2.411:1;2;3;4;5;6;7;8;9;10;11;12;13;14;15;16;17;18;19;20;21;22;23;24;25;26;27;28;29;30;31;32;33;34;35;36;37;38;39
1001363,1500377,1000078,metro,1,4.2,2,deboarding_links,14.323721713430212,1,999999,2.0,0,0.0,999999,0.15,4,0,"LINESTRING (139.782066 35.706908999999996, 139.782166 35.707009)",w_metro_only;w_bus_metro;d_metro_only;d_bus_metro,東京都交通局,-1,4.2.411:1;2;3;4;5;6;7;8;9;10;11;12;13;14;15;16;17;18;19;20;21;22;23;24;25;26;27;28;29;30;31;32;33;34;35;36;37;38;39
1001364,1000079,1500378,metro,1,4.2,2,boarding_links,14.323823243244892,1,999999,2.0,0,1.2,999999,0.15,4,0,"LINESTRING (139.792244 35.705587, 139.792144 35.705487)",w_metro_only;w_bus_metro;d_metro_only;d_bus_metro,東京都交通局,-1,4.2.412:1;2;3;4;5;6;7;8;9;10;11;12;13;14;15;16;17;18;19;20;21;22;23;24;25;26;27;28;29;30;31;32;33;34;35;36;37;38;39
1001365,1500378,1000079,metro,1,4.2,2,deboarding_links,14.323823243244892,1,999999,2.0,0,0.0,999999,0.15,4,0,"LINESTRING (139.792144 35.705487, 139.792244 35.705587)",w_metro_only;w_bus_metro;d_metro_only;d_bus_metro,東京都交通局,-1,4.2.412:1;2;3;4;5;6;7;8;9;10;11;12;13;14;15;16;17;18;19;20;21;22;23;24;25;26;27;28;29;30;31;32;33;34;35;36;37;38;39
1001366,1000080,1500379,metro,1,4.2,2,boarding_links,14.32445007567367,1,999999,2.0,0,1.2,999999,0.15,4,0,"LINESTRING (139.797469 35.696807, 139.797369 35.696706999999996)",w_metro_only;w_bus_metro;d_metro_only;d_bus_metro,東京都交通局,-1,4.2.413:1;2;3;4;5;6;7;8;9;10;11;12;13;14;15;16;17;18;19;20;21;22;23;24;25;26;27;28;29;30;31;32;33;34;35;36;37;38;39
1001367,1500379,1000080,metro,1,4.2,2,deboarding_links,14.32445007567367,1,999999,2.0,0,0.0,999999,0.15,4,0,"LINESTRING (139.797369 35.696706999999996, 139.797469 35.696807)",w_metro_only;w_bus_metro;d_metro_only;d_bus_metro,東京都交通局,-1,4.2.413:1;2;3;4;5;6;7;8;9;10;11;12;13;14;15;16;17;18;19;20;21;22;23;24;25;26;27;28;29;30;31;32;33;34;35;36;37;38;39
1001368,1000081,1500380,metro,1,4.2,2,boarding_links,14.3250840251237,1,999999,2.0,0,1.2,999999,0.15,4,0,"LINESTRING (139.798251 35.687926, 139.798151 35.687825999999994)",w_metro_only;w_bus_metro;d_metro_only;d_bus_metro,東京都交通局,-1,4.2.414:1;2;3;4;5;6;7;8;9;10;11;12;13;14;15;16;17;18;19;20;21;22;23;24;25;26;27;28;29;30;31;32;33;34;35;36;37;38;39
1001369,1500380,1000081,metro,1,4.2,2,deboarding_links,14.3250840251237,1,999999,2.0,0,0.0,999999,0.15,4,0,"LINESTRING (139.798151 35.687825999999994, 139.798251 35.687926)",w_metro_only;w_bus_metro;d_metro_only;d_bus_metro,東京都交通局,-1,4.2.414:1;2;3;4;5;6;7;8;9;10;11;12;13;14;15;16;17;18;19;20;21;22;23;24;25;26;27;28;29;30;31;32;33;34;35;36;37;38;39
1001370,1000082,1500381,metro,1,4.2,2,boarding_links,14.325481649835966,1,999999,2.0,0,3.3333333333333335,999999,0.15,4,0,"LINESTRING (139.798758 35.682355, 139.798658 35.682255)",w_metro_only;w_bus_metro;d_metro_only;d_bus_metro,東京都交通局,-1,4.2.415:1;2;3;4;5;6;7;8;9;10;11;12;13;14;15;16;17;18;19;20;21;22;23;24;25
1001371,1500381,1000082,metro,1,4.2,2,deboarding_links,14.325481649835966,1,999999,2.0,0,0.0,999999,0.15,4,0,"LINESTRING (139.798658 35.682255, 139.798758 35.682355)",w_metro_only;w_bus_metro;d_metro_only;d_bus_metro,東京都交通局,-1,4.2.415:1;2;3;4;5;6;7;8;9;10;11;12;13;14;15;16;17;18;19;20;21;22;23;24;25
1001372,1000082,1500382,metro,1,4.2,2,boarding_links,14.325481649835966,1,999999,2.0,0,1.2,999999,0.15,4,0,"LINESTRING (139.798758 35.682355, 139.798658 35.682255)",w_metro_only;w_bus_metro;d_metro_only;d_bus_metro,東京都交通局,-1,4.2.415:1;2;3;4;5;6;7;8;9;10;11;12;13;14;15;16;17;18;19;20;21;22;23;24;25;26;27;28;29;30;31;32;33;34;35;36;37;38;39
1001373,1500382,1000082,metro,1,4.2,2,deboarding_links,14.325481649835966,1,999999,2.0,0,0.0,999999,0.15,4,0,"LINESTRING (139.798658 35.682255, 139.798758 35.682355)",w_metro_only;w_bus_metro;d_metro_only;d_bus_metro,東京都交通局,-1,4.2.415:1;2;3;4;5;6;7;8;9;10;11;12;13;14;15;16;17;18;19;20;21;22;23;24;25;26;27;28;29;30;31;32;33;34;35;36;37;38;39
1001374,1000083,1500383,metro,1,4.2,2,boarding_links,14.326165540322844,1,999999,2.0,0,3.3333333333333335,999999,0.15,4,0,"LINESTRING (139.795124 35.672772, 139.79502399999998 35.672672)",w_metro_only;w_bus_metro;d_metro_only;d_bus_metro,東京都交通局,-1,4.2.416:1;2;3;4;5;6;7;8;9;10;11;12;13;14;15;16;17;18;19;20;21;22;23;24;25
1001375,1500383,1000083,metro,1,4.2,2,deboarding_links,14.326165540322844,1,999999,2.0,0,0.0,999999,0.15,4,0,"LINESTRING (139.79502399999998 35.672672, 139.795124 35.672772)",w_metro_only;w_bus_metro;d_metro_only;d_bus_metro,東京都交通局,-1,4.2.416:1;2;3;4;5;6;7;8;9;10;11;12;13;14;15;16;17;18;19;20;21;22;23;24;25
1001376,1000083,1500384,metro,1,4.2,2,boarding_links,14.326165540322844,1,999999,2.0,0,1.2,999999,0.15,4,0,"LINESTRING (139.795124 35.672772, 139.79502399999998 35.672672)",w_metro_only;w_bus_metro;d_metro_only;d_bus_metro,東京都交通局,-1,4.2.416:1;2;3;4;5;6;7;8;9;10;11;12;13;14;15;16;17;18;19;20;21;22;23;24;25;26;27;28;29;30;31;32;33;34;35;36;37;38;39
1001377,1500384,1000083,metro,1,4.2,2,deboarding_links,14.326165540322844,1,999999,2.0,0,0.0,999999,0.15,4,0,"LINESTRING (139.79502399999998 35.672672, 139.795124 35.672772)",w_metro_only;w_bus_metro;d_metro_only;d_bus_metro,東京都交通局,-1,4.2.416:1;2;3;4;5;6;7;8;9;10;11;12;13;14;15;16;17;18;19;20;21;22;23;24;25;26;27;28;29;30;31;32;33;34;35;36;37;38;39
1001378,1000084,1500385,metro,1,4.2,2,boarding_links,14.326808795217014,1,999999,2.0,0,3.3333333333333335,999999,0.15,4,0,"LINESTRING (139.783912 35.663757, 139.78381199999998 35.66365699999999)",w_metro_only;w_bus_metro;d_metro_only;d_bus_metro,東京都交通局,-1,4.2.417:1;2;3;4;5;6;7;8;9;10;11;12;13;14;15;16;17;18;19;20;21;22;23;24;25
1001379,1500385,1000084,metro,1,4.2,2,deboarding_links,14.326808795217014,1,999999,2.0,0,0.0,999999,0.15,4,0,"LINESTRING (139.78381199999998 35.66365699999999, 139.783912 35.663757)",w_metro_only;w_bus_metro;d_metro_only;d_bus_metro,東京都交通局,-1,4.2.417:1;2;3;4;5;6;7;8;9;10;11;12;13;14;15;16;17;18;19;20;21;22;23;24;25
1001380,1000084,1500386,metro,1,4.2,2,boarding_links,14.326808795217014,1,999999,2.0,0,1.2,999999,0.15,4,0,"LINESTRING (139.783912 35.663757, 139.78381199999998 35.66365699999999)",w_metro_only;w_bus_metro;d_metro_only;d_bus_metro,東京都交通局,-1,4.2.417:1;2;3;4;5;6;7;8;9;10;11;12;13;14;15;16;17;18;19;20;21;22;23;24;25;26;27;28;29;30;31;32;33;34;35;36;37;38;39
1001381,1500386,1000084,metro,1,4.2,2,deboarding_links,14.326808795217014,1,999999,2.0,0,0.0,999999,0.15,4,0,"LINESTRING (139.78381199999998 35.66365699999999, 139.783912 35.663757)",w_metro_only;w_bus_metro;d_metro_only;d_bus_metro,東京都交通局,-1,4.2.417:1;2;3;4;5;6;7;8;9;10;11;12;13;14;15;16;17;18;19;20;21;22;23;24;25;26;27;28;29;30;31;32;33;34;35;36;37;38;39
1001382,1000085,1500387,metro,1,4.2,2,boarding_links,14.327152894860804,1,999999,2.0,0,3.3333333333333335,999999,0.15,4,0,"LINESTRING (139.777138 35.658934, 139.777038 35.658834)",w_metro_only;w_bus_metro;d_metro_only;d_bus_metro,東京都交通局,-1,4.2.418:1;2;3;4;5;6;7;8;9;10;11;12;13;14;15;16;17;18;19;20;21;22;23;24;25
1001383,1500387,1000085,metro,1,4.2,2,deboarding_links,14.327152894860804,1,999999,2.0,0,0.0,999999,0.15,4,0,"LINESTRING (139.777038 35.658834, 139.777138 35.658934)",w_metro_only;w_bus_metro;d_metro_only;d_bus_metro,東京都交通局,-1,4.2.418:1;2;3;4;5;6;7;8;9;10;11;12;13;14;15;16;17;18;19;20;21;22;23;24;25
1001384,1000085,1500388,metro,1,4.2,2,boarding_links,14.327152894860804,1,999999,2.0,0,1.2,999999,0.15,4,0,"LINESTRING (139.777138 35.658934, 139.777038 35.658834)",w_metro_only;w_bus_metro;d_metro_only;d_bus_metro,東京都交通局,-1,4.2.418:1;2;3;4;5;6;7;8;9;10;11;12;13;14;15;16;17;18;19;20;21;22;23;24;25;26;27;28;29;30;31;32;33;34;35;36;37;38;39
1001385,1500388,1000085,metro,1,4.2,2,deboarding_links,14.327152894860804,1,999999,2.0,0,0.0,999999,0.15,4,0,"LINESTRING (139.777038 35.658834, 139.777138 35.658934)",w_metro_only;w_bus_metro;d_metro_only;d_bus_metro,東京都交通局,-1,4.2.418:1;2;3;4;5;6;7;8;9;10;11;12;13;14;15;16;17;18;19;20;21;22;23;24;25;26;27;28;29;30;31;32;33;34;35;36;37;38;39
1001386,1000086,1500389,metro,1,4.2,2,boarding_links,14.32672588751182,1,999999,2.0,0,3.3333333333333335,999999,0.15,4,0,"LINESTRING (139.766929 35.664919, 139.766829 35.664818999999994)",w_metro_only;w_bus_metro;d_metro_only;d_bus_metro,東京都交通局,-1,4.2.419:1;2;3;4;5;6;7;8;9;10;11;12;13;14;15;16;17;18;19;20;21;22;23;24;25
1001387,1500389,1000086,metro,1,4.2,2,deboarding_links,14.32672588751182,1,999999,2.0,0,0.0,999999,0.15,4,0,"LINESTRING (139.766829 35.664818999999994, 139.766929 35.664919)",w_metro_only;w_bus_metro;d_metro_only;d_bus_metro,東京都交通局,-1,4.2.419:1;2;3;4;5;6;7;8;9;10;11;12;13;14;15;16;17;18;19;20;21;22;23;24;25
1001388,1000086,1500390,metro,1,4.2,2,boarding_links,14.32672588751182,1,999999,2.0,0,1.2,999999,0.15,4,0,"LINESTRING (139.766929 35.664919, 139.766829 35.664818999999994)",w_metro_only;w_bus_metro;d_metro_only;d_bus_metro,東京都交通局,-1,4.2.419:1;2;3;4;5;6;7;8;9;10;11;12;13;14;15;16;17;18;19;20;21;22;23;24;25;26;27;28;29;30;31;32;33;34;35;36;37;38;39
1001389,1500390,1000086,metro,1,4.2,2,deboarding_links,14.32672588751182,1,999999,2.0,0,0.0,999999,0.15,4,0,"LINESTRING (139.766829 35.664818999999994, 139.766929 35.664919)",w_metro_only;w_bus_metro;d_metro_only;d_bus_metro,東京都交通局,-1,4.2.419:1;2;3;4;5;6;7;8;9;10;11;12;13;14;15;16;17;18;19;20;21;22;23;24;25;26;27;28;29;30;31;32;33;34;35;36;37;38;39
1001390,1000087,1500391,metro,1,4.2,2,boarding_links,14.32684903555156,1,999999,2.0,0,3.3333333333333335,999999,0.15,4,0,"LINESTRING (139.760225 35.663193, 139.760125 35.663092999999996)",w_metro_only;w_bus_metro;d_metro_only;d_bus_metro,東京都交通局,-1,4.2.420:1;2;3;4;5;6;7;8;9;10;11;12;13;14;15;16;17;18;19;20;21;22;23;24;25
1001391,1500391,1000087,metro,1,4.2,2,deboarding_links,14.32684903555156,1,999999,2.0,0,0.0,999999,0.15,4,0,"LINESTRING (139.760125 35.663092999999996, 139.760225 35.663193)",w_metro_only;w_bus_metro;d_metro_only;d_bus_metro,東京都交通局,-1,4.2.420:1;2;3;4;5;6;7;8;9;10;11;12;13;14;15;16;17;18;19;20;21;22;23;24;25
1001392,1000087,1500392,metro,1,4.2,2,boarding_links,14.32684903555156,1,999999,2.0,0,1.2,999999,0.15,4,0,"LINESTRING (139.760225 35.663193, 139.760125 35.663092999999996)",w_metro_only;w_bus_metro;d_metro_only;d_bus_metro,東京都交通局,-1,4.2.420:1;2;3;4;5;6;7;8;9;10;11;12;13;14;15;16;17;18;19;20;21;22;23;24;25;26;27;28;29;30;31;32;33;34;35;36;37;38;39
1001393,1500392,1000087,metro,1,4.2,2,deboarding_links,14.32684903555156,1,999999,2.0,0,0.0,999999,0.15,4,0,"LINESTRING (139.760125 35.663092999999996, 139.760225 35.663193)",w_metro_only;w_bus_metro;d_metro_only;d_bus_metro,東京都交通局,-1,4.2.420:1;2;3;4;5;6;7;8;9;10;11;12;13;14;15;16;17;18;19;20;21;22;23;24;25;26;27;28;29;30;31;32;33;34;35;36;37;38;39
1001394,1000088,1500393,metro,1,4.2,2,boarding_links,14.327314340267357,1,999999,2.0,0,3.3333333333333335,999999,0.15,4,0,"LINESTRING (139.755696 35.656671, 139.755596 35.656571)",w_metro_only;w_bus_metro;d_metro_only;d_bus_metro,東京都交通局,-1,4.2.421:1;2;3;4;5;6;7;8;9;10;11;12;13;14;15;16;17;18;19;20;21;22;23;24;25
1001395,1500393,1000088,metro,1,4.2,2,deboarding_links,14.327314340267357,1,999999,2.0,0,0.0,999999,0.15,4,0,"LINESTRING (139.755596 35.656571, 139.755696 35.656671)",w_metro_only;w_bus_metro;d_metro_only;d_bus_metro,東京都交通局,-1,4.2.421:1;2;3;4;5;6;7;8;9;10;11;12;13;14;15;16;17;18;19;20;21;22;23;24;25
1001396,1000088,1500394,metro,1,4.2,2,boarding_links,14.327314340267357,1,999999,2.0,0,1.2,999999,0.15,4,0,"LINESTRING (139.755696 35.656671, 139.755596 35.656571)",w_metro_only;w_bus_metro;d_metro_only;d_bus_metro,東京都交通局,-1,4.2.421:1;2;3;4;5;6;7;8;9;10;11;12;13;14;15;16;17;18;19;20;21;22;23;24;25;26;27;28;29;30;31;32;33;34;35;36;37;38;39
1001397,1500394,1000088,metro,1,4.2,2,deboarding_links,14.327314340267357,1,999999,2.0,0,0.0,999999,0.15,4,0,"LINESTRING (139.755596 35.656571, 139.755696 35.656671)",w_metro_only;w_bus_metro;d_metro_only;d_bus_metro,東京都交通局,-1,4.2.421:1;2;3;4;5;6;7;8;9;10;11;12;13;14;15;16;17;18;19;20;21;22;23;24;25;26;27;28;29;30;31;32;33;34;35;36;37;38;39
1001398,1000089,1500395,metro,1,4.2,2,boarding_links,14.327434617746054,1,999999,2.0,0,3.3333333333333335,999999,0.15,4,0,"LINESTRING (139.743989 35.654985, 139.743889 35.654885)",w_metro_only;w_bus_metro;d_metro_only;d_bus_metro,東京都交通局,-1,4.2.422:1;2;3;4;5;6;7;8;9;10;11;12;13;14;15;16;17;18;19;20;21;22;23;24;25
1001399,1500395,1000089,metro,1,4.2,2,deboarding_links,14.327434617746054,1,999999,2.0,0,0.0,999999,0.15,4,0,"LINESTRING (139.743889 35.654885, 139.743989 35.654985)",w_metro_only;w_bus_metro;d_metro_only;d_bus_metro,東京都交通局,-1,4.2.422:1;2;3;4;5;6;7;8;9;10;11;12;13;14;15;16;17;18;19;20;21;22;23;24;25
1001400,1000089,1500396,metro,1,4.2,2,boarding_links,14.327434617746054,1,999999,2.0,0,1.2,999999,0.15,4,0,"LINESTRING (139.743989 35.654985, 139.743889 35.654885)",w_metro_only;w_bus_metro;d_metro_only;d_bus_metro,東京都交通局,-1,4.2.422:1;2;3;4;5;6;7;8;9;10;11;12;13;14;15;16;17;18;19;20;21;22;23;24;25;26;27;28;29;30;31;32;33;34;35;36;37;38;39
1001401,1500396,1000089,metro,1,4.2,2,deboarding_links,14.327434617746054,1,999999,2.0,0,0.0,999999,0.15,4,0,"LINESTRING (139.743889 35.654885, 139.743989 35.654985)",w_metro_only;w_bus_metro;d_metro_only;d_bus_metro,東京都交通局,-1,4.2.422:1;2;3;4;5;6;7;8;9;10;11;12;13;14;15;16;17;18;19;20;21;22;23;24;25;26;27;28;29;30;31;32;33;34;35;36;37;38;39
1001402,1000090,1500397,metro,1,4.2,2,boarding_links,14.327330249049744,1,999999,2.0,0,3.3333333333333335,999999,0.15,4,0,"LINESTRING (139.73633 35.656448, 139.73623 35.656347999999994)",w_metro_only;w_bus_metro;d_metro_only;d_bus_metro,東京都交通局,-1,4.2.423:1;2;3;4;5;6;7;8;9;10;11;12;13;14;15;16;17;18;19;20;21;22;23;24;25
1001403,1500397,1000090,metro,1,4.2,2,deboarding_links,14.327330249049744,1,999999,2.0,0,0.0,999999,0.15,4,0,"LINESTRING (139.73623 35.656347999999994, 139.73633 35.656448)",w_metro_only;w_bus_metro;d_metro_only;d_bus_metro,東京都交通局,-1,4.2.423:1;2;3;4;5;6;7;8;9;10;11;12;13;14;15;16;17;18;19;20;21;22;23;24;25
1001404,1000090,1500398,metro,1,4.2,2,boarding_links,14.327330249049744,1,999999,2.0,0,1.2,999999,0.15,4,0,"LINESTRING (139.73633 35.656448, 139.73623 35.656347999999994)",w_metro_only;w_bus_metro;d_metro_only;d_bus_metro,東京都交通局,-1,4.2.423:1;2;3;4;5;6;7;8;9;10;11;12;13;14;15;16;17;18;19;20;21;22;23;24;25;26;27;28;29;30;31;32;33;34;35;36;37;38;39
1001405,1500398,1000090,metro,1,4.2,2,deboarding_links,14.327330249049744,1,999999,2.0,0,0.0,999999,0.15,4,0,"LINESTRING (139.73623 35.656347999999994, 139.73633 35.656448)",w_metro_only;w_bus_metro;d_metro_only;d_bus_metro,東京都交通局,-1,4.2.423:1;2;3;4;5;6;7;8;9;10;11;12;13;14;15;16;17;18;19;20;21;22;23;24;25;26;27;28;29;30;31;32;33;34;35;36;37;38;39
1001406,1000091,1500399,metro,1,4.2,2,boarding_links,14.326783894535607,1,999999,2.0,0,3.3333333333333335,999999,0.15,4,0,"LINESTRING (139.731354 35.664106, 139.731254 35.66400599999999)",w_metro_only;w_bus_metro;d_metro_only;d_bus_metro,東京都交通局,-1,4.2.424:1;2;3;4;5;6;7;8;9;10;11;12;13;14;15;16;17;18;19;20;21;22;23;24;25
1001407,1500399,1000091,metro,1,4.2,2,deboarding_links,14.326783894535607,1,999999,2.0,0,0.0,999999,0.15,4,0,"LINESTRING (139.731254 35.66400599999999, 139.731354 35.664106)",w_metro_only;w_bus_metro;d_metro_only;d_bus_metro,東京都交通局,-1,4.2.424:1;2;3;4;5;6;7;8;9;10;11;12;13;14;15;16;17;18;19;20;21;22;23;24;25
1001408,1000091,1500400,metro,1,4.2,2,boarding_links,14.326783894535607,1,999999,2.0,0,1.2,999999,0.15,4,0,"LINESTRING (139.731354 35.664106, 139.731254 35.66400599999999)",w_metro_only;w_bus_metro;d_metro_only;d_bus_metro,東京都交通局,-1,4.2.424:1;2;3;4;5;6;7;8;9;10;11;12;13;14;15;16;17;18;19;20;21;22;23;24;25;26;27;28;29;30;31;32;33;34;35;36;37;38;39
1001409,1500400,1000091,metro,1,4.2,2,deboarding_links,14.326783894535607,1,999999,2.0,0,0.0,999999,0.15,4,0,"LINESTRING (139.731254 35.66400599999999, 139.731354 35.664106)",w_metro_only;w_bus_metro;d_metro_only;d_bus_metro,東京都交通局,-1,4.2.424:1;2;3;4;5;6;7;8;9;10;11;12;13;14;15;16;17;18;19;20;21;22;23;24;25;26;27;28;29;30;31;32;33;34;35;36;37;38;39
1001410,1000092,1500401,metro,1,4.2,2,boarding_links,14.32614448929602,1,999999,2.0,0,3.3333333333333335,999999,0.15,4,0,"LINESTRING (139.723925 35.673067, 139.723825 35.672967)",w_metro_only;w_bus_metro;d_metro_only;d_bus_metro,東京都交通局,-1,4.2.425:1;2;3;4;5;6;7;8;9;10;11;12;13;14;15;16;17;18;19;20;21;22;23;24;25
1001411,1500401,1000092,metro,1,4.2,2,deboarding_links,14.32614448929602,1,999999,2.0,0,0.0,999999,0.15,4,0,"LINESTRING (139.723825 35.672967, 139.723925 35.673067)",w_metro_only;w_bus_metro;d_metro_only;d_bus_metro,東京都交通局,-1,4.2.425:1;2;3;4;5;6;7;8;9;10;11;12;13;14;15;16;17;18;19;20;21;22;23;24;25
1001412,1000092,1500402,metro,1,4.2,2,boarding_links,14.32614448929602,1,999999,2.0,0,1.2,999999,0.15,4,0,"LINESTRING (139.723925 35.673067, 139.723825 35.672967)",w_metro_only;w_bus_metro;d_metro_only;d_bus_metro,東京都交通局,-1,4.2.425:1;2;3;4;5;6;7;8;9;10;11;12;13;14;15;16;17;18;19;20;21;22;23;24;25;26;27;28;29;30;31;32;33;34;35;36;37;38;39
1001413,1500402,1000092,metro,1,4.2,2,deboarding_links,14.32614448929602,1,999999,2.0,0,0.0,999999,0.15,4,0,"LINESTRING (139.723825 35.672967, 139.723925 35.673067)",w_metro_only;w_bus_metro;d_metro_only;d_bus_metro,東京都交通局,-1,4.2.425:1;2;3;4;5;6;7;8;9;10;11;12;13;14;15;16;17;18;19;20;21;22;23;24;25;26;27;28;29;30;31;32;33;34;35;36;37;38;39
1001414,1000093,1500403,metro,1,4.2,2,boarding_links,14.325657146767465,1,999999,2.0,0,3.3333333333333335,999999,0.15,4,0,"LINESTRING (139.714667 35.679896, 139.714567 35.679795999999996)",w_metro_only;w_bus_metro;d_metro_only;d_bus_metro,東京都交通局,-1,4.2.426:1;2;3;4;5;6;7;8;9;10;11;12;13;14;15;16;17;18;19;20;21;22;23;24;25
1001415,1500403,1000093,metro,1,4.2,2,deboarding_links,14.325657146767465,1,999999,2.0,0,0.0,999999,0.15,4,0,"LINESTRING (139.714567 35.679795999999996, 139.714667 35.679896)",w_metro_only;w_bus_metro;d_metro_only;d_bus_metro,東京都交通局,-1,4.2.426:1;2;3;4;5;6;7;8;9;10;11;12;13;14;15;16;17;18;19;20;21;22;23;24;25
1001416,1000093,1500404,metro,1,4.2,2,boarding_links,14.325657146767465,1,999999,2.0,0,1.2,999999,0.15,4,0,"LINESTRING (139.714667 35.679896, 139.714567 35.679795999999996)",w_metro_only;w_bus_metro;d_metro_only;d_bus_metro,東京都交通局,-1,4.2.426:1;2;3;4;5;6;7;8;9;10;11;12;13;14;15;16;17;18;19;20;21;22;23;24;25;26;27;28;29;30;31;32;33;34;35;36;37;38;39
1001417,1500404,1000093,metro,1,4.2,2,deboarding_links,14.325657146767465,1,999999,2.0,0,0.0,999999,0.15,4,0,"LINESTRING (139.714567 35.679795999999996, 139.714667 35.679896)",w_metro_only;w_bus_metro;d_metro_only;d_bus_metro,東京都交通局,-1,4.2.426:1;2;3;4;5;6;7;8;9;10;11;12;13;14;15;16;17;18;19;20;21;22;23;24;25;26;27;28;29;30;31;32;33;34;35;36;37;38;39
1001418,1000094,1500405,metro,1,4.2,2,boarding_links,14.325399572742475,1,999999,2.0,0,3.3333333333333335,999999,0.15,4,0,"LINESTRING (139.701603 35.683505, 139.701503 35.68340499999999)",w_metro_only;w_bus_metro;d_metro_only;d_bus_metro,東京都交通局,-1,4.2.427:1;2;3;4;5;6;7;8;9;10;11;12;13;14;15;16;17;18;19;20;21;22;23;24;25
1001419,1500405,1000094,metro,1,4.2,2,deboarding_links,14.325399572742475,1,999999,2.0,0,0.0,999999,0.15,4,0,"LINESTRING (139.701503 35.68340499999999, 139.701603 35.683505)",w_metro_only;w_bus_metro;d_metro_only;d_bus_metro,東京都交通局,-1,4.2.427:1;2;3;4;5;6;7;8;9;10;11;12;13;14;15;16;17;18;19;20;21;22;23;24;25
1001420,1000094,1500406,metro,1,4.2,2,boarding_links,14.325399572742475,1,999999,2.0,0,1.2,999999,0.15,4,0,"LINESTRING (139.701603 35.683505, 139.701503 35.68340499999999)",w_metro_only;w_bus_metro;d_metro_only;d_bus_metro,東京都交通局,-1,4.2.427:1;2;3;4;5;6;7;8;9;10;11;12;13;14;15;16;17;18;19;20;21;22;23;24;25;26;27;28;29;30;31;32;33;34;35;36;37;38;39
1001421,1500406,1000094,metro,1,4.2,2,deboarding_links,14.325399572742475,1,999999,2.0,0,0.0,999999,0.15,4,0,"LINESTRING (139.701503 35.68340499999999, 139.701603 35.683505)",w_metro_only;w_bus_metro;d_metro_only;d_bus_metro,東京都交通局,-1,4.2.427:1;2;3;4;5;6;7;8;9;10;11;12;13;14;15;16;17;18;19;20;21;22;23;24;25;26;27;28;29;30;31;32;33;34;35;36;37;38;39
1001422,1000095,1500407,metro,1,4.2,2,boarding_links,14.325045766687932,1,999999,2.0,0,3.3333333333333335,999999,0.15,4,0,"LINESTRING (139.699019 35.688462, 139.698919 35.688362)",w_metro_only;w_bus_metro;d_metro_only;d_bus_metro,東京都交通局,-1,4.2.428:1;2;3;4;5;6;7;8;9;10;11;12;13;14;15;16;17;18;19;20;21;22;23;24;25
1001423,1500407,1000095,metro,1,4.2,2,deboarding_links,14.325045766687932,1,999999,2.0,0,0.0,999999,0.15,4,0,"LINESTRING (139.698919 35.688362, 139.699019 35.688462)",w_metro_only;w_bus_metro;d_metro_only;d_bus_metro,東京都交通局,-1,4.2.428:1;2;3;4;5;6;7;8;9;10;11;12;13;14;15;16;17;18;19;20;21;22;23;24;25
1001424,1000095,1500408,metro,1,4.2,2,boarding_links,14.325045766687932,1,999999,2.0,0,1.2,999999,0.15,4,0,"LINESTRING (139.699019 35.688462, 139.698919 35.688362)",w_metro_only;w_bus_metro;d_metro_only;d_bus_metro,東京都交通局,-1,4.2.428:1;2;3;4;5;6;7;8;9;10;11;12;13;14;15;16;17;18;19;20;21;22;23;24;25;26;27;28;29;30;31;32;33;34;35;36;37;38;39
1001425,1500408,1000095,metro,1,4.2,2,deboarding_links,14.325045766687932,1,999999,2.0,0,0.0,999999,0.15,4,0,"LINESTRING (139.698919 35.688362, 139.699019 35.688462)",w_metro_only;w_bus_metro;d_metro_only;d_bus_metro,東京都交通局,-1,4.2.428:1;2;3;4;5;6;7;8;9;10;11;12;13;14;15;16;17;18;19;20;21;22;23;24;25;26;27;28;29;30;31;32;33;34;35;36;37;38;39
1001426,1000096,1500409,metro,1,4.2,2,boarding_links,14.324892658130398,1,999999,2.0,0,3.3333333333333335,999999,0.15,4,0,"LINESTRING (139.692677 35.690607, 139.692577 35.690507)",w_metro_only;w_bus_metro;d_metro_only;d_bus_metro,東京都交通局,-1,4.2.429:1;2;3;4;5;6;7;8;9;10;11;12;13;14;15;16;17;18;19;20;21;22;23;24;25
1001427,1500409,1000096,metro,1,4.2,2,deboarding_links,14.324892658130398,1,999999,2.0,0,0.0,999999,0.15,4,0,"LINESTRING (139.692577 35.690507, 139.692677 35.690607)",w_metro_only;w_bus_metro;d_metro_only;d_bus_metro,東京都交通局,-1,4.2.429:1;2;3;4;5;6;7;8;9;10;11;12;13;14;15;16;17;18;19;20;21;22;23;24;25
1001428,1000096,1500410,metro,1,4.2,2,boarding_links,14.324892658130398,1,999999,2.0,0,1.2,999999,0.15,4,0,"LINESTRING (139.692677 35.690607, 139.692577 35.690507)",w_metro_only;w_bus_metro;d_metro_only;d_bus_metro,東京都交通局,-1,4.2.429:1;2;3;4;5;6;7;8;9;10;11;12;13;14;15;16;17;18;19;20;21;22;23;24;25;26;27;28;29;30;31;32;33;34;35;36;37;38;39
1001429,1500410,1000096,metro,1,4.2,2,deboarding_links,14.324892658130398,1,999999,2.0,0,0.0,999999,0.15,4,0,"LINESTRING (139.692577 35.690507, 139.692677 35.690607)",w_metro_only;w_bus_metro;d_metro_only;d_bus_metro,東京都交通局,-1,4.2.429:1;2;3;4;5;6;7;8;9;10;11;12;13;14;15;16;17;18;19;20;21;22;23;24;25;26;27;28;29;30;31;32;33;34;35;36;37;38;39
1001430,1000097,1500411,metro,1,4.2,2,boarding_links,14.324943694927258,1,999999,2.0,0,3.3333333333333335,999999,0.15,4,0,"LINESTRING (139.684545 35.689892, 139.684445 35.689792)",w_metro_only;w_bus_metro;d_metro_only;d_bus_metro,東京都交通局,-1,4.2.430:1;2;3;4;5;6;7;8;9;10;11;12;13;14;15;16;17;18;19;20;21;22;23;24;25
1001431,1500411,1000097,metro,1,4.2,2,deboarding_links,14.324943694927258,1,999999,2.0,0,0.0,999999,0.15,4,0,"LINESTRING (139.684445 35.689792, 139.684545 35.689892)",w_metro_only;w_bus_metro;d_metro_only;d_bus_metro,東京都交通局,-1,4.2.430:1;2;3;4;5;6;7;8;9;10;11;12;13;14;15;16;17;18;19;20;21;22;23;24;25
1001432,1000097,1500412,metro,1,4.2,2,boarding_links,14.324943694927258,1,999999,2.0,0,1.2,999999,0.15,4,0,"LINESTRING (139.684545 35.689892, 139.684445 35.689792)",w_metro_only;w_bus_metro;d_metro_only;d_bus_metro,東京都交通局,-1,4.2.430:1;2;3;4;5;6;7;8;9;10;11;12;13;14;15;16;17;18;19;20;21;22;23;24;25;26;27;28;29;30;31;32;33;34;35;36;37;38;39
1001433,1500412,1000097,metro,1,4.2,2,deboarding_links,14.324943694927258,1,999999,2.0,0,0.0,999999,0.15,4,0,"LINESTRING (139.684445 35.689792, 139.684545 35.689892)",w_metro_only;w_bus_metro;d_metro_only;d_bus_metro,東京都交通局,-1,4.2.430:1;2;3;4;5;6;7;8;9;10;11;12;13;14;15;16;17;18;19;20;21;22;23;24;25;26;27;28;29;30;31;32;33;34;35;36;37;38;39
1001434,1000098,1500413,metro,1,4.2,2,boarding_links,14.324372975967984,1,999999,2.0,0,3.3333333333333335,999999,0.15,4,0,"LINESTRING (139.682899 35.697887, 139.682799 35.697787)",w_metro_only;w_bus_metro;d_metro_only;d_bus_metro,東京都交通局,-1,4.2.431:1;2;3;4;5;6;7;8;9;10;11;12;13;14;15;16;17;18;19;20;21;22;23;24;25
1001435,1500413,1000098,metro,1,4.2,2,deboarding_links,14.324372975967984,1,999999,2.0,0,0.0,999999,0.15,4,0,"LINESTRING (139.682799 35.697787, 139.682899 35.697887)",w_metro_only;w_bus_metro;d_metro_only;d_bus_metro,東京都交通局,-1,4.2.431:1;2;3;4;5;6;7;8;9;10;11;12;13;14;15;16;17;18;19;20;21;22;23;24;25
1001436,1000098,1500414,metro,1,4.2,2,boarding_links,14.324372975967984,1,999999,2.0,0,1.2,999999,0.15,4,0,"LINESTRING (139.682899 35.697887, 139.682799 35.697787)",w_metro_only;w_bus_metro;d_metro_only;d_bus_metro,東京都交通局,-1,4.2.431:1;2;3;4;5;6;7;8;9;10;11;12;13;14;15;16;17;18;19;20;21;22;23;24;25;26;27;28;29;30;31;32;33;34;35;36;37;38;39
1001437,1500414,1000098,metro,1,4.2,2,deboarding_links,14.324372975967984,1,999999,2.0,0,0.0,999999,0.15,4,0,"LINESTRING (139.682799 35.697787, 139.682899 35.697887)",w_metro_only;w_bus_metro;d_metro_only;d_bus_metro,東京都交通局,-1,4.2.431:1;2;3;4;5;6;7;8;9;10;11;12;13;14;15;16;17;18;19;20;21;22;23;24;25;26;27;28;29;30;31;32;33;34;35;36;37;38;39
1001438,1000099,1500415,metro,1,4.2,2,boarding_links,14.323710931993034,1,999999,2.0,0,3.3333333333333335,999999,0.15,4,0,"LINESTRING (139.683112 35.70716, 139.683012 35.70706)",w_metro_only;w_bus_metro;d_metro_only;d_bus_metro,東京都交通局,-1,4.2.432:1;2;3;4;5;6;7;8;9;10;11;12;13;14;15;16;17;18;19;20;21;22;23;24;25
1001439,1500415,1000099,metro,1,4.2,2,deboarding_links,14.323710931993034,1,999999,2.0,0,0.0,999999,0.15,4,0,"LINESTRING (139.683012 35.70706, 139.683112 35.70716)",w_metro_only;w_bus_metro;d_metro_only;d_bus_metro,東京都交通局,-1,4.2.432:1;2;3;4;5;6;7;8;9;10;11;12;13;14;15;16;17;18;19;20;21;22;23;24;25
1001440,1000099,1500416,metro,1,4.2,2,boarding_links,14.323710931993034,1,999999,2.0,0,1.2,999999,0.15,4,0,"LINESTRING (139.683112 35.70716, 139.683012 35.70706)",w_metro_only;w_bus_metro;d_metro_only;d_bus_metro,東京都交通局,-1,4.2.432:1;2;3;4;5;6;7;8;9;10;11;12;13;14;15;16;17;18;19;20;21;22;23;24;25;26;27;28;29;30;31;32;33;34;35;36;37;38;39
1001441,1500416,1000099,metro,1,4.2,2,deboarding_links,14.323710931993034,1,999999,2.0,0,0.0,999999,0.15,4,0,"LINESTRING (139.683012 35.70706, 139.683112 35.70716)",w_metro_only;w_bus_metro;d_metro_only;d_bus_metro,東京都交通局,-1,4.2.432:1;2;3;4;5;6;7;8;9;10;11;12;13;14;15;16;17;18;19;20;21;22;23;24;25;26;27;28;29;30;31;32;33;34;35;36;37;38;39
1001442,1000100,1500417,metro,1,4.2,2,boarding_links,14.32322716731543,1,999999,2.0,0,3.3333333333333335,999999,0.15,4,0,"LINESTRING (139.686296 35.713935, 139.686196 35.713834999999996)",w_metro_only;w_bus_metro;d_metro_only;d_bus_metro,東京都交通局,-1,4.2.433:1;2;3;4;5;6;7;8;9;10;11;12;13;14;15;16;17;18;19;20;21;22;23;24;25
1001443,1500417,1000100,metro,1,4.2,2,deboarding_links,14.32322716731543,1,999999,2.0,0,0.0,999999,0.15,4,0,"LINESTRING (139.686196 35.713834999999996, 139.686296 35.713935)",w_metro_only;w_bus_metro;d_metro_only;d_bus_metro,東京都交通局,-1,4.2.433:1;2;3;4;5;6;7;8;9;10;11;12;13;14;15;16;17;18;19;20;21;22;23;24;25
1001444,1000100,1500418,metro,1,4.2,2,boarding_links,14.32322716731543,1,999999,2.0,0,1.2,999999,0.15,4,0,"LINESTRING (139.686296 35.713935, 139.686196 35.713834999999996)",w_metro_only;w_bus_metro;d_metro_only;d_bus_metro,東京都交通局,-1,4.2.433:1;2;3;4;5;6;7;8;9;10;11;12;13;14;15;16;17;18;19;20;21;22;23;24;25;26;27;28;29;30;31;32;33;34;35;36;37;38;39
1001445,1500418,1000100,metro,1,4.2,2,deboarding_links,14.32322716731543,1,999999,2.0,0,0.0,999999,0.15,4,0,"LINESTRING (139.686196 35.713834999999996, 139.686296 35.713935)",w_metro_only;w_bus_metro;d_metro_only;d_bus_metro,東京都交通局,-1,4.2.433:1;2;3;4;5;6;7;8;9;10;11;12;13;14;15;16;17;18;19;20;21;22;23;24;25;26;27;28;29;30;31;32;33;34;35;36;37;38;39
1001446,1000101,1500419,metro,1,4.2,2,boarding_links,14.322548733439177,1,999999,2.0,0,3.3333333333333335,999999,0.15,4,0,"LINESTRING (139.683389 35.723435, 139.683289 35.723335)",w_metro_only;w_bus_metro;d_metro_only;d_bus_metro,東京都交通局,-1,4.2.434:1;2;3;4;5;6;7;8;9;10;11;12;13;14;15;16;17;18;19;20;21;22;23;24;25
1001447,1500419,1000101,metro,1,4.2,2,deboarding_links,14.322548733439177,1,999999,2.0,0,0.0,999999,0.15,4,0,"LINESTRING (139.683289 35.723335, 139.683389 35.723435)",w_metro_only;w_bus_metro;d_metro_only;d_bus_metro,東京都交通局,-1,4.2.434:1;2;3;4;5;6;7;8;9;10;11;12;13;14;15;16;17;18;19;20;21;22;23;24;25
1001448,1000101,1500420,metro,1,4.2,2,boarding_links,14.322548733439177,1,999999,2.0,0,1.2,999999,0.15,4,0,"LINESTRING (139.683389 35.723435, 139.683289 35.723335)",w_metro_only;w_bus_metro;d_metro_only;d_bus_metro,東京都交通局,-1,4.2.434:1;2;3;4;5;6;7;8;9;10;11;12;13;14;15;16;17;18;19;20;21;22;23;24;25;26;27;28;29;30;31;32;33;34;35;36;37;38;39
1001449,1500420,1000101,metro,1,4.2,2,deboarding_links,14.322548733439177,1,999999,2.0,0,0.0,999999,0.15,4,0,"LINESTRING (139.683289 35.723335, 139.683389 35.723435)",w_metro_only;w_bus_metro;d_metro_only;d_bus_metro,東京都交通局,-1,4.2.434:1;2;3;4;5;6;7;8;9;10;11;12;13;14;15;16;17;18;19;20;21;22;23;24;25;26;27;28;29;30;31;32;33;34;35;36;37;38;39
1001450,1000102,1500421,metro,1,4.2,2,boarding_links,14.32189562129877,1,999999,2.0,0,3.3333333333333335,999999,0.15,4,0,"LINESTRING (139.670498 35.732579, 139.670398 35.732479)",w_metro_only;w_bus_metro;d_metro_only;d_bus_metro,東京都交通局,-1,4.2.435:1;2;3;4;5;6;7;8;9;10;11;12;13;14;15;16;17;18;19;20;21;22;23;24;25
1001451,1500421,1000102,metro,1,4.2,2,deboarding_links,14.32189562129877,1,999999,2.0,0,0.0,999999,0.15,4,0,"LINESTRING (139.670398 35.732479, 139.670498 35.732579)",w_metro_only;w_bus_metro;d_metro_only;d_bus_metro,東京都交通局,-1,4.2.435:1;2;3;4;5;6;7;8;9;10;11;12;13;14;15;16;17;18;19;20;21;22;23;24;25
1001452,1000102,1500422,metro,1,4.2,2,boarding_links,14.32189562129877,1,999999,2.0,0,1.2,999999,0.15,4,0,"LINESTRING (139.670498 35.732579, 139.670398 35.732479)",w_metro_only;w_bus_metro;d_metro_only;d_bus_metro,東京都交通局,-1,4.2.435:1;2;3;4;5;6;7;8;9;10;11;12;13;14;15;16;17;18;19;20;21;22;23;24;25;26;27;28;29;30;31;32;33;34;35;36;37;38;39
1001453,1500422,1000102,metro,1,4.2,2,deboarding_links,14.32189562129877,1,999999,2.0,0,0.0,999999,0.15,4,0,"LINESTRING (139.670398 35.732479, 139.670498 35.732579)",w_metro_only;w_bus_metro;d_metro_only;d_bus_metro,東京都交通局,-1,4.2.435:1;2;3;4;5;6;7;8;9;10;11;12;13;14;15;16;17;18;19;20;21;22;23;24;25;26;27;28;29;30;31;32;33;34;35;36;37;38;39
1001454,1000103,1500423,metro,1,4.2,2,boarding_links,14.321550454413082,1,999999,2.0,0,3.3333333333333335,999999,0.15,4,0,"LINESTRING (139.654762 35.737411, 139.654662 35.737311)",w_metro_only;w_bus_metro;d_metro_only;d_bus_metro,東京都交通局,-1,4.2.436:1;2;3;4;5;6;7;8;9;10;11;12;13;14;15;16;17;18;19;20;21;22;23;24;25
1001455,1500423,1000103,metro,1,4.2,2,deboarding_links,14.321550454413082,1,999999,2.0,0,0.0,999999,0.15,4,0,"LINESTRING (139.654662 35.737311, 139.654762 35.737411)",w_metro_only;w_bus_metro;d_metro_only;d_bus_metro,東京都交通局,-1,4.2.436:1;2;3;4;5;6;7;8;9;10;11;12;13;14;15;16;17;18;19;20;21;22;23;24;25
1001456,1000103,1500424,metro,1,4.2,2,boarding_links,14.321550454413082,1,999999,2.0,0,1.2,999999,0.15,4,0,"LINESTRING (139.654762 35.737411, 139.654662 35.737311)",w_metro_only;w_bus_metro;d_metro_only;d_bus_metro,東京都交通局,-1,4.2.436:1;2;3;4;5;6;7;8;9;10;11;12;13;14;15;16;17;18;19;20;21;22;23;24;25;26;27;28;29;30;31;32;33;34;35;36;37;38;39
1001457,1500424,1000103,metro,1,4.2,2,deboarding_links,14.321550454413082,1,999999,2.0,0,0.0,999999,0.15,4,0,"LINESTRING (139.654662 35.737311, 139.654762 35.737411)",w_metro_only;w_bus_metro;d_metro_only;d_bus_metro,東京都交通局,-1,4.2.436:1;2;3;4;5;6;7;8;9;10;11;12;13;14;15;16;17;18;19;20;21;22;23;24;25;26;27;28;29;30;31;32;33;34;35;36;37;38;39
1001458,1000104,1500425,metro,1,4.2,2,boarding_links,14.32124326677118,1,999999,2.0,0,3.3333333333333335,999999,0.15,4,0,"LINESTRING (139.649116 35.741711, 139.649016 35.741611)",w_metro_only;w_bus_metro;d_metro_only;d_bus_metro,東京都交通局,-1,4.2.437:1;2;3;4;5;6;7;8;9;10;11;12;13;14;15;16;17;18;19;20;21;22;23;24;25
1001459,1500425,1000104,metro,1,4.2,2,deboarding_links,14.32124326677118,1,999999,2.0,0,0.0,999999,0.15,4,0,"LINESTRING (139.649016 35.741611, 139.649116 35.741711)",w_metro_only;w_bus_metro;d_metro_only;d_bus_metro,東京都交通局,-1,4.2.437:1;2;3;4;5;6;7;8;9;10;11;12;13;14;15;16;17;18;19;20;21;22;23;24;25
1001460,1000104,1500426,metro,1,4.2,2,boarding_links,14.32124326677118,1,999999,2.0,0,1.2,999999,0.15,4,0,"LINESTRING (139.649116 35.741711, 139.649016 35.741611)",w_metro_only;w_bus_metro;d_metro_only;d_bus_metro,東京都交通局,-1,4.2.437:1;2;3;4;5;6;7;8;9;10;11;12;13;14;15;16;17;18;19;20;21;22;23;24;25;26;27;28;29;30;31;32;33;34;35;36;37;38;39
1001461,1500426,1000104,metro,1,4.2,2,deboarding_links,14.32124326677118,1,999999,2.0,0,0.0,999999,0.15,4,0,"LINESTRING (139.649016 35.741611, 139.649116 35.741711)",w_metro_only;w_bus_metro;d_metro_only;d_bus_metro,東京都交通局,-1,4.2.437:1;2;3;4;5;6;7;8;9;10;11;12;13;14;15;16;17;18;19;20;21;22;23;24;25;26;27;28;29;30;31;32;33;34;35;36;37;38;39
1001462,1000105,1500427,metro,1,4.2,2,boarding_links,14.320550299154121,1,999999,2.0,0,3.3333333333333335,999999,0.15,4,0,"LINESTRING (139.6403 35.75141, 139.6402 35.75131)",w_metro_only;w_bus_metro;d_metro_only;d_bus_metro,東京都交通局,-1,4.2.438:1;2;3;4;5;6;7;8;9;10;11;12;13;14;15;16;17;18;19;20;21;22;23;24;25
1001463,1500427,1000105,metro,1,4.2,2,deboarding_links,14.320550299154121,1,999999,2.0,0,0.0,999999,0.15,4,0,"LINESTRING (139.6402 35.75131, 139.6403 35.75141)",w_metro_only;w_bus_metro;d_metro_only;d_bus_metro,東京都交通局,-1,4.2.438:1;2;3;4;5;6;7;8;9;10;11;12;13;14;15;16;17;18;19;20;21;22;23;24;25
1001464,1000105,1500428,metro,1,4.2,2,boarding_links,14.320550299154121,1,999999,2.0,0,1.2,999999,0.15,4,0,"LINESTRING (139.6403 35.75141, 139.6402 35.75131)",w_metro_only;w_bus_metro;d_metro_only;d_bus_metro,東京都交通局,-1,4.2.438:1;2;3;4;5;6;7;8;9;10;11;12;13;14;15;16;17;18;19;20;21;22;23;24;25;26;27;28;29;30;31;32;33;34;35;36;37;38;39
1001465,1500428,1000105,metro,1,4.2,2,deboarding_links,14.320550299154121,1,999999,2.0,0,0.0,999999,0.15,4,0,"LINESTRING (139.6402 35.75131, 139.6403 35.75141)",w_metro_only;w_bus_metro;d_metro_only;d_bus_metro,東京都交通局,-1,4.2.438:1;2;3;4;5;6;7;8;9;10;11;12;13;14;15;16;17;18;19;20;21;22;23;24;25;26;27;28;29;30;31;32;33;34;35;36;37;38;39
1001466,1000106,1500429,metro,1,4.2,2,boarding_links,14.320041737264903,1,999999,2.0,0,3.3333333333333335,999999,0.15,4,0,"LINESTRING (139.628901 35.758527, 139.628801 35.758427)",w_metro_only;w_bus_metro;d_metro_only;d_bus_metro,東京都交通局,-1,4.2.439:1;2;3;4;5;6;7;8;9;10;11;12;13;14;15;16;17;18;19;20;21;22;23;24;25
1001467,1500429,1000106,metro,1,4.2,2,deboarding_links,14.320041737264903,1,999999,2.0,0,0.0,999999,0.15,4,0,"LINESTRING (139.628801 35.758427, 139.628901 35.758527)",w_metro_only;w_bus_metro;d_metro_only;d_bus_metro,東京都交通局,-1,4.2.439:1;2;3;4;5;6;7;8;9;10;11;12;13;14;15;16;17;18;19;20;21;22;23;24;25
1001468,1000106,1500430,metro,1,4.2,2,boarding_links,14.320041737264903,1,999999,2.0,0,1.2,999999,0.15,4,0,"LINESTRING (139.628901 35.758527, 139.628801 35.758427)",w_metro_only;w_bus_metro;d_metro_only;d_bus_metro,東京都交通局,-1,4.2.439:1;2;3;4;5;6;7;8;9;10;11;12;13;14;15;16;17;18;19;20;21;22;23;24;25;26;27;28;29;30;31;32;33;34;35;36;37;38;39
1001469,1500430,1000106,metro,1,4.2,2,deboarding_links,14.320041737264903,1,999999,2.0,0,0.0,999999,0.15,4,0,"LINESTRING (139.628801 35.758427, 139.628901 35.758527)",w_metro_only;w_bus_metro;d_metro_only;d_bus_metro,東京都交通局,-1,4.2.439:1;2;3;4;5;6;7;8;9;10;11;12;13;14;15;16;17;18;19;20;21;22;23;24;25;26;27;28;29;30;31;32;33;34;35;36;37;38;39
1001470,1000107,1500431,rail,1,5.1,2,boarding_links,14.322166049247658,1,999999,2.0,0,0.967741935483871,999999,0.15,4,0,"LINESTRING (139.771121 35.728793, 139.771021 35.728693)",w_rail_only;d_rail_only,東京都交通局,-1,5.1.501:1;2;3;4;5;6;7;8;9;10;11;12;13
1001471,1500431,1000107,rail,1,5.1,2,deboarding_links,14.322166049247658,1,999999,2.0,0,0.0,999999,0.15,4,0,"LINESTRING (139.771021 35.728693, 139.771121 35.728793)",w_rail_only;d_rail_only,東京都交通局,-1,5.1.501:1;2;3;4;5;6;7;8;9;10;11;12;13
1001472,1000108,1500432,rail,1,5.1,2,boarding_links,14.321812760926344,1,999999,2.0,0,0.967741935483871,999999,0.15,4,0,"LINESTRING (139.768169 35.733739, 139.768069 35.733639)",w_rail_only;d_rail_only,東京都交通局,-1,5.1.502:1;2;3;4;5;6;7;8;9;10;11;12;13
1001473,1500432,1000108,rail,1,5.1,2,deboarding_links,14.321812760926344,1,999999,2.0,0,0.0,999999,0.15,4,0,"LINESTRING (139.768069 35.733639, 139.768169 35.733739)",w_rail_only;d_rail_only,東京都交通局,-1,5.1.502:1;2;3;4;5;6;7;8;9;10;11;12;13
1001474,1000109,1500433,rail,1,5.1,2,boarding_links,14.32116060810185,1,999999,2.0,0,0.967741935483871,999999,0.15,4,0,"LINESTRING (139.769025 35.742868, 139.768925 35.742768)",w_rail_only;d_rail_only,東京都交通局,-1,5.1.503:1;2;3;4;5;6;7;8;9;10;11;12;13
1001475,1500433,1000109,rail,1,5.1,2,deboarding_links,14.32116060810185,1,999999,2.0,0,0.0,999999,0.15,4,0,"LINESTRING (139.768925 35.742768, 139.769025 35.742868)",w_rail_only;d_rail_only,東京都交通局,-1,5.1.503:1;2;3;4;5;6;7;8;9;10;11;12;13
1001476,1000110,1500434,rail,1,5.1,2,boarding_links,14.320757293794928,1,999999,2.0,0,0.967741935483871,999999,0.15,4,0,"LINESTRING (139.769828 35.748513, 139.769728 35.748413)",w_rail_only;d_rail_only,東京都交通局,-1,5.1.504:1;2;3;4;5;6;7;8;9;10;11;12;13
1001477,1500434,1000110,rail,1,5.1,2,deboarding_links,14.320757293794928,1,999999,2.0,0,0.0,999999,0.15,4,0,"LINESTRING (139.769728 35.748413, 139.769828 35.748513)",w_rail_only;d_rail_only,東京都交通局,-1,5.1.504:1;2;3;4;5;6;7;8;9;10;11;12;13
1001478,1000111,1500435,rail,1,5.1,2,boarding_links,14.320318427565919,1,999999,2.0,0,0.967741935483871,999999,0.15,4,0,"LINESTRING (139.770376 35.754655, 139.770276 35.754554999999996)",w_rail_only;d_rail_only,東京都交通局,-1,5.1.505:1;2;3;4;5;6;7;8;9;10;11;12;13
1001479,1500435,1000111,rail,1,5.1,2,deboarding_links,14.320318427565919,1,999999,2.0,0,0.0,999999,0.15,4,0,"LINESTRING (139.770276 35.754554999999996, 139.770376 35.754655)",w_rail_only;d_rail_only,東京都交通局,-1,5.1.505:1;2;3;4;5;6;7;8;9;10;11;12;13
1001480,1000112,1500436,rail,1,5.1,2,boarding_links,14.319657328223183,1,999999,2.0,0,0.967741935483871,999999,0.15,4,0,"LINESTRING (139.770798 35.763906, 139.770698 35.763805999999995)",w_rail_only;d_rail_only,東京都交通局,-1,5.1.506:1;2;3;4;5;6;7;8;9;10;11;12;13
1001481,1500436,1000112,rail,1,5.1,2,deboarding_links,14.319657328223183,1,999999,2.0,0,0.0,999999,0.15,4,0,"LINESTRING (139.770698 35.763805999999995, 139.770798 35.763906)",w_rail_only;d_rail_only,東京都交通局,-1,5.1.506:1;2;3;4;5;6;7;8;9;10;11;12;13
1001482,1000113,1500437,rail,1,5.1,2,boarding_links,14.319339641300125,1,999999,2.0,0,0.967741935483871,999999,0.15,4,0,"LINESTRING (139.770692 35.768351, 139.770592 35.768251)",w_rail_only;d_rail_only,東京都交通局,-1,5.1.507:1;2;3;4;5;6;7;8;9;10;11;12;13
1001483,1500437,1000113,rail,1,5.1,2,deboarding_links,14.319339641300125,1,999999,2.0,0,0.0,999999,0.15,4,0,"LINESTRING (139.770592 35.768251, 139.770692 35.768351)",w_rail_only;d_rail_only,東京都交通局,-1,5.1.507:1;2;3;4;5;6;7;8;9;10;11;12;13
1001484,1000114,1500438,rail,1,5.1,2,boarding_links,14.318939157904381,1,999999,2.0,0,0.967741935483871,999999,0.15,4,0,"LINESTRING (139.77029 35.773954, 139.77018999999999 35.773854)",w_rail_only;d_rail_only,東京都交通局,-1,5.1.508:1;2;3;4;5;6;7;8;9;10;11;12;13
1001485,1500438,1000114,rail,1,5.1,2,deboarding_links,14.318939157904381,1,999999,2.0,0,0.0,999999,0.15,4,0,"LINESTRING (139.77018999999999 35.773854, 139.77029 35.773954)",w_rail_only;d_rail_only,東京都交通局,-1,5.1.508:1;2;3;4;5;6;7;8;9;10;11;12;13
1001486,1000115,1500439,rail,1,5.1,2,boarding_links,14.318399021579935,1,999999,2.0,0,0.967741935483871,999999,0.15,4,0,"LINESTRING (139.770077 35.78151, 139.76997699999998 35.781409999999994)",w_rail_only;d_rail_only,東京都交通局,-1,5.1.509:1;2;3;4;5;6;7;8;9;10;11;12;13
1001487,1500439,1000115,rail,1,5.1,2,deboarding_links,14.318399021579935,1,999999,2.0,0,0.0,999999,0.15,4,0,"LINESTRING (139.76997699999998 35.781409999999994, 139.770077 35.78151)",w_rail_only;d_rail_only,東京都交通局,-1,5.1.509:1;2;3;4;5;6;7;8;9;10;11;12;13
1001488,1000116,1500440,rail,1,5.1,2,boarding_links,14.317878765248276,1,999999,2.0,0,0.967741935483871,999999,0.15,4,0,"LINESTRING (139.770036 35.788787, 139.769936 35.788686999999996)",w_rail_only;d_rail_only,東京都交通局,-1,5.1.510:1;2;3;4;5;6;7;8;9;10;11;12;13
1001489,1500440,1000116,rail,1,5.1,2,deboarding_links,14.317878765248276,1,999999,2.0,0,0.0,999999,0.15,4,0,"LINESTRING (139.769936 35.788686999999996, 139.770036 35.788787)",w_rail_only;d_rail_only,東京都交通局,-1,5.1.510:1;2;3;4;5;6;7;8;9;10;11;12;13
1001490,1000117,1500441,rail,1,5.1,2,boarding_links,14.317335563939274,1,999999,2.0,0,0.967741935483871,999999,0.15,4,0,"LINESTRING (139.770159 35.796384, 139.770059 35.796284)",w_rail_only;d_rail_only,東京都交通局,-1,5.1.511:1;2;3;4;5;6;7;8;9;10;11;12;13
1001491,1500441,1000117,rail,1,5.1,2,deboarding_links,14.317335563939274,1,999999,2.0,0,0.0,999999,0.15,4,0,"LINESTRING (139.770059 35.796284, 139.770159 35.796384)",w_rail_only;d_rail_only,東京都交通局,-1,5.1.511:1;2;3;4;5;6;7;8;9;10;11;12;13
1001492,1000118,1500442,rail,1,5.1,2,boarding_links,14.316670072155917,1,999999,2.0,0,0.967741935483871,999999,0.15,4,0,"LINESTRING (139.770069 35.80569, 139.769969 35.805589999999995)",w_rail_only;d_rail_only,東京都交通局,-1,5.1.512:1;2;3;4;5;6;7;8;9;10;11;12;13
1001493,1500442,1000118,rail,1,5.1,2,deboarding_links,14.316670072155917,1,999999,2.0,0,0.0,999999,0.15,4,0,"LINESTRING (139.769969 35.805589999999995, 139.770069 35.80569)",w_rail_only;d_rail_only,東京都交通局,-1,5.1.512:1;2;3;4;5;6;7;8;9;10;11;12;13
1001494,1000119,1500443,rail,1,5.1,2,boarding_links,14.316037022992568,1,999999,2.0,0,0.967741935483871,999999,0.15,4,0,"LINESTRING (139.770707 35.814541, 139.77060699999998 35.814440999999995)",w_rail_only;d_rail_only,東京都交通局,-1,5.1.513:1;2;3;4;5;6;7;8;9;10;11;12;13
1001495,1500443,1000119,rail,1,5.1,2,deboarding_links,14.316037022992568,1,999999,2.0,0,0.0,999999,0.15,4,0,"LINESTRING (139.77060699999998 35.814440999999995, 139.770707 35.814541)",w_rail_only;d_rail_only,東京都交通局,-1,5.1.513:1;2;3;4;5;6;7;8;9;10;11;12;13
1001496,1000107,1500444,rail,1,5.2,2,boarding_links,14.322166049247658,1,999999,2.0,0,0.967741935483871,999999,0.15,4,0,"LINESTRING (139.771121 35.728793, 139.771021 35.728693)",w_rail_only;d_rail_only,東京都交通局,-1,5.2.501:1;2;3;4;5;6;7;8;9;10;11;12;13
1001497,1500444,1000107,rail,1,5.2,2,deboarding_links,14.322166049247658,1,999999,2.0,0,0.0,999999,0.15,4,0,"LINESTRING (139.771021 35.728693, 139.771121 35.728793)",w_rail_only;d_rail_only,東京都交通局,-1,5.2.501:1;2;3;4;5;6;7;8;9;10;11;12;13
1001498,1000108,1500445,rail,1,5.2,2,boarding_links,14.321812760926344,1,999999,2.0,0,0.967741935483871,999999,0.15,4,0,"LINESTRING (139.768169 35.733739, 139.768069 35.733639)",w_rail_only;d_rail_only,東京都交通局,-1,5.2.502:1;2;3;4;5;6;7;8;9;10;11;12;13
1001499,1500445,1000108,rail,1,5.2,2,deboarding_links,14.321812760926344,1,999999,2.0,0,0.0,999999,0.15,4,0,"LINESTRING (139.768069 35.733639, 139.768169 35.733739)",w_rail_only;d_rail_only,東京都交通局,-1,5.2.502:1;2;3;4;5;6;7;8;9;10;11;12;13
1001500,1000109,1500446,rail,1,5.2,2,boarding_links,14.32116060810185,1,999999,2.0,0,0.967741935483871,999999,0.15,4,0,"LINESTRING (139.769025 35.742868, 139.768925 35.742768)",w_rail_only;d_rail_only,東京都交通局,-1,5.2.503:1;2;3;4;5;6;7;8;9;10;11;12;13
1001501,1500446,1000109,rail,1,5.2,2,deboarding_links,14.32116060810185,1,999999,2.0,0,0.0,999999,0.15,4,0,"LINESTRING (139.768925 35.742768, 139.769025 35.742868)",w_rail_only;d_rail_only,東京都交通局,-1,5.2.503:1;2;3;4;5;6;7;8;9;10;11;12;13
1001502,1000110,1500447,rail,1,5.2,2,boarding_links,14.320757293794928,1,999999,2.0,0,0.967741935483871,999999,0.15,4,0,"LINESTRING (139.769828 35.748513, 139.769728 35.748413)",w_rail_only;d_rail_only,東京都交通局,-1,5.2.504:1;2;3;4;5;6;7;8;9;10;11;12;13
1001503,1500447,1000110,rail,1,5.2,2,deboarding_links,14.320757293794928,1,999999,2.0,0,0.0,999999,0.15,4,0,"LINESTRING (139.769728 35.748413, 139.769828 35.748513)",w_rail_only;d_rail_only,東京都交通局,-1,5.2.504:1;2;3;4;5;6;7;8;9;10;11;12;13
1001504,1000111,1500448,rail,1,5.2,2,boarding_links,14.320318427565919,1,999999,2.0,0,0.967741935483871,999999,0.15,4,0,"LINESTRING (139.770376 35.754655, 139.770276 35.754554999999996)",w_rail_only;d_rail_only,東京都交通局,-1,5.2.505:1;2;3;4;5;6;7;8;9;10;11;12;13
1001505,1500448,1000111,rail,1,5.2,2,deboarding_links,14.320318427565919,1,999999,2.0,0,0.0,999999,0.15,4,0,"LINESTRING (139.770276 35.754554999999996, 139.770376 35.754655)",w_rail_only;d_rail_only,東京都交通局,-1,5.2.505:1;2;3;4;5;6;7;8;9;10;11;12;13
1001506,1000112,1500449,rail,1,5.2,2,boarding_links,14.319657328223183,1,999999,2.0,0,0.967741935483871,999999,0.15,4,0,"LINESTRING (139.770798 35.763906, 139.770698 35.763805999999995)",w_rail_only;d_rail_only,東京都交通局,-1,5.2.506:1;2;3;4;5;6;7;8;9;10;11;12;13
1001507,1500449,1000112,rail,1,5.2,2,deboarding_links,14.319657328223183,1,999999,2.0,0,0.0,999999,0.15,4,0,"LINESTRING (139.770698 35.763805999999995, 139.770798 35.763906)",w_rail_only;d_rail_only,東京都交通局,-1,5.2.506:1;2;3;4;5;6;7;8;9;10;11;12;13
1001508,1000113,1500450,rail,1,5.2,2,boarding_links,14.319339641300125,1,999999,2.0,0,0.967741935483871,999999,0.15,4,0,"LINESTRING (139.770692 35.768351, 139.770592 35.768251)",w_rail_only;d_rail_only,東京都交通局,-1,5.2.507:1;2;3;4;5;6;7;8;9;10;11;12;13
1001509,1500450,1000113,rail,1,5.2,2,deboarding_links,14.319339641300125,1,999999,2.0,0,0.0,999999,0.15,4,0,"LINESTRING (139.770592 35.768251, 139.770692 35.768351)",w_rail_only;d_rail_only,東京都交通局,-1,5.2.507:1;2;3;4;5;6;7;8;9;10;11;12;13
1001510,1000114,1500451,rail,1,5.2,2,boarding_links,14.318939157904381,1,999999,2.0,0,0.967741935483871,999999,0.15,4,0,"LINESTRING (139.77029 35.773954, 139.77018999999999 35.773854)",w_rail_only;d_rail_only,東京都交通局,-1,5.2.508:1;2;3;4;5;6;7;8;9;10;11;12;13
1001511,1500451,1000114,rail,1,5.2,2,deboarding_links,14.318939157904381,1,999999,2.0,0,0.0,999999,0.15,4,0,"LINESTRING (139.77018999999999 35.773854, 139.77029 35.773954)",w_rail_only;d_rail_only,東京都交通局,-1,5.2.508:1;2;3;4;5;6;7;8;9;10;11;12;13
1001512,1000115,1500452,rail,1,5.2,2,boarding_links,14.318399021579935,1,999999,2.0,0,0.967741935483871,999999,0.15,4,0,"LINESTRING (139.770077 35.78151, 139.76997699999998 35.781409999999994)",w_rail_only;d_rail_only,東京都交通局,-1,5.2.509:1;2;3;4;5;6;7;8;9;10;11;12;13
1001513,1500452,1000115,rail,1,5.2,2,deboarding_links,14.318399021579935,1,999999,2.0,0,0.0,999999,0.15,4,0,"LINESTRING (139.76997699999998 35.781409999999994, 139.770077 35.78151)",w_rail_only;d_rail_only,東京都交通局,-1,5.2.509:1;2;3;4;5;6;7;8;9;10;11;12;13
1001514,1000116,1500453,rail,1,5.2,2,boarding_links,14.317878765248276,1,999999,2.0,0,0.967741935483871,999999,0.15,4,0,"LINESTRING (139.770036 35.788787, 139.769936 35.788686999999996)",w_rail_only;d_rail_only,東京都交通局,-1,5.2.510:1;2;3;4;5;6;7;8;9;10;11;12;13
1001515,1500453,1000116,rail,1,5.2,2,deboarding_links,14.317878765248276,1,999999,2.0,0,0.0,999999,0.15,4,0,"LINESTRING (139.769936 35.788686999999996, 139.770036 35.788787)",w_rail_only;d_rail_only,東京都交通局,-1,5.2.510:1;2;3;4;5;6;7;8;9;10;11;12;13
1001516,1000117,1500454,rail,1,5.2,2,boarding_links,14.317335563939274,1,999999,2.0,0,0.967741935483871,999999,0.15,4,0,"LINESTRING (139.770159 35.796384, 139.770059 35.796284)",w_rail_only;d_rail_only,東京都交通局,-1,5.2.511:1;2;3;4;5;6;7;8;9;10;11;12;13
1001517,1500454,1000117,rail,1,5.2,2,deboarding_links,14.317335563939274,1,999999,2.0,0,0.0,999999,0.15,4,0,"LINESTRING (139.770059 35.796284, 139.770159 35.796384)",w_rail_only;d_rail_only,東京都交通局,-1,5.2.511:1;2;3;4;5;6;7;8;9;10;11;12;13
1001518,1000118,1500455,rail,1,5.2,2,boarding_links,14.316670072155917,1,999999,2.0,0,0.967741935483871,999999,0.15,4,0,"LINESTRING (139.770069 35.80569, 139.769969 35.805589999999995)",w_rail_only;d_rail_only,東京都交通局,-1,5.2.512:1;2;3;4;5;6;7;8;9;10;11;12;13
1001519,1500455,1000118,rail,1,5.2,2,deboarding_links,14.316670072155917,1,999999,2.0,0,0.0,999999,0.15,4,0,"LINESTRING (139.769969 35.805589999999995, 139.770069 35.80569)",w_rail_only;d_rail_only,東京都交通局,-1,5.2.512:1;2;3;4;5;6;7;8;9;10;11;12;13
1001520,1000119,1500456,rail,1,5.2,2,boarding_links,14.316037022992568,1,999999,2.0,0,0.967741935483871,999999,0.15,4,0,"LINESTRING (139.770707 35.814541, 139.77060699999998 35.814440999999995)",w_rail_only;d_rail_only,東京都交通局,-1,5.2.513:1;2;3;4;5;6;7;8;9;10;11;12;13
1001521,1500456,1000119,rail,1,5.2,2,deboarding_links,14.316037022992568,1,999999,2.0,0,0.0,999999,0.15,4,0,"LINESTRING (139.77060699999998 35.814440999999995, 139.770707 35.814541)",w_rail_only;d_rail_only,東京都交通局,-1,5.2.513:1;2;3;4;5;6;7;8;9;10;11;12;13
1001522,1000120,1500457,tram,1,6.1,2,boarding_links,14.321922193423305,1,999999,2.0,0,10.0,999999,0.15,4,0,"LINESTRING (139.791509 35.732207, 139.791409 35.732107)",w_bus_only;w_bus_metro;d_bus_only;d_bus_metro,東京都交通局,-1,6.1.601:1;2;3;4;5;6;7;8;9;10;11;12;13
1001523,1500457,1000120,tram,1,6.1,2,deboarding_links,14.321922193423305,1,999999,2.0,0,0.0,999999,0.15,4,0,"LINESTRING (139.791409 35.732107, 139.791509 35.732207)",w_bus_only;w_bus_metro;d_bus_only;d_bus_metro,東京都交通局,-1,6.1.601:1;2;3;4;5;6;7;8;9;10;11;12;13
1001524,1000120,1500458,tram,1,6.1,2,boarding_links,14.321922193423305,1,999999,2.0,0,4.285714285714286,999999,0.15,4,0,"LINESTRING (139.791509 35.732207, 139.791409 35.732107)",w_bus_only;w_bus_metro;d_bus_only;d_bus_metro,東京都交通局,-1,6.1.601:1;2;3;4;5;6;7;8;9;10;11;12;13;14;15;16
1001525,1500458,1000120,tram,1,6.1,2,deboarding_links,14.321922193423305,1,999999,2.0,0,0.0,999999,0.15,4,0,"LINESTRING (139.791409 35.732107, 139.791509 35.732207)",w_bus_only;w_bus_metro;d_bus_only;d_bus_metro,東京都交通局,-1,6.1.601:1;2;3;4;5;6;7;8;9;10;11;12;13;14;15;16
1001526,1000120,1500459,tram,1,6.1,2,boarding_links,14.321922193423305,1,999999,2.0,0,1.1538461538461537,999999,0.15,4,0,"LINESTRING (139.791509 35.732207, 139.791409 35.732107)",w_bus_only;w_bus_metro;d_bus_only;d_bus_metro,東京都交通局,-1,6.1.601:1;2;3;4;5;6;7;8;9;10;11;12;13;14;15;16;17;18;19;20;21;22;23;24;25;26;27;28;29;30
1001527,1500459,1000120,tram,1,6.1,2,deboarding_links,14.321922193423305,1,999999,2.0,0,0.0,999999,0.15,4,0,"LINESTRING (139.791409 35.732107, 139.791509 35.732207)",w_bus_only;w_bus_metro;d_bus_only;d_bus_metro,東京都交通局,-1,6.1.601:1;2;3;4;5;6;7;8;9;10;11;12;13;14;15;16;17;18;19;20;21;22;23;24;25;26;27;28;29;30
1001528,1000121,1500460,tram,1,6.1,2,boarding_links,14.321810689396484,1,999999,2.0,0,10.0,999999,0.15,4,0,"LINESTRING (139.788841 35.733768, 139.788741 35.733667999999994)",w_bus_only;w_bus_metro;d_bus_only;d_bus_metro,東京都交通局,-1,6.1.602:1;2;3;4;5;6;7;8;9;10;11;12;13
1001529,1500460,1000121,tram,1,6.1,2,deboarding_links,14.321810689396484,1,999999,2.0,0,0.0,999999,0.15,4,0,"LINESTRING (139.788741 35.733667999999994, 139.788841 35.733768)",w_bus_only;w_bus_metro;d_bus_only;d_bus_metro,東京都交通局,-1,6.1.602:1;2;3;4;5;6;7;8;9;10;11;12;13
1001530,1000121,1500461,tram,1,6.1,2,boarding_links,14.321810689396484,1,999999,2.0,0,4.285714285714286,999999,0.15,4,0,"LINESTRING (139.788841 35.733768, 139.788741 35.733667999999994)",w_bus_only;w_bus_metro;d_bus_only;d_bus_metro,東京都交通局,-1,6.1.602:1;2;3;4;5;6;7;8;9;10;11;12;13;14;15;16
1001531,1500461,1000121,tram,1,6.1,2,deboarding_links,14.321810689396484,1,999999,2.0,0,0.0,999999,0.15,4,0,"LINESTRING (139.788741 35.733667999999994, 139.788841 35.733768)",w_bus_only;w_bus_metro;d_bus_only;d_bus_metro,東京都交通局,-1,6.1.602:1;2;3;4;5;6;7;8;9;10;11;12;13;14;15;16
1001532,1000121,1500462,tram,1,6.1,2,boarding_links,14.321810689396484,1,999999,2.0,0,1.1538461538461537,999999,0.15,4,0,"LINESTRING (139.788841 35.733768, 139.788741 35.733667999999994)",w_bus_only;w_bus_metro;d_bus_only;d_bus_metro,東京都交通局,-1,6.1.602:1;2;3;4;5;6;7;8;9;10;11;12;13;14;15;16;17;18;19;20;21;22;23;24;25;26;27;28;29;30
1001533,1500462,1000121,tram,1,6.1,2,deboarding_links,14.321810689396484,1,999999,2.0,0,0.0,999999,0.15,4,0,"LINESTRING (139.788741 35.733667999999994, 139.788841 35.733768)",w_bus_only;w_bus_metro;d_bus_only;d_bus_metro,東京都交通局,-1,6.1.602:1;2;3;4;5;6;7;8;9;10;11;12;13;14;15;16;17;18;19;20;21;22;23;24;25;26;27;28;29;30
1001534,1000122,1500463,tram,1,6.1,2,boarding_links,14.321728898881625,1,999999,2.0,0,10.0,999999,0.15,4,0,"LINESTRING (139.786416 35.734913, 139.786316 35.734812999999995)",w_bus_only;w_bus_metro;d_bus_only;d_bus_metro,東京都交通局,-1,6.1.603:1;2;3;4;5;6;7;8;9;10;11;12;13
1001535,1500463,1000122,tram,1,6.1,2,deboarding_links,14.321728898881625,1,999999,2.0,0,0.0,999999,0.15,4,0,"LINESTRING (139.786316 35.734812999999995, 139.786416 35.734913)",w_bus_only;w_bus_metro;d_bus_only;d_bus_metro,東京都交通局,-1,6.1.603:1;2;3;4;5;6;7;8;9;10;11;12;13
1001536,1000122,1500464,tram,1,6.1,2,boarding_links,14.321728898881625,1,999999,2.0,0,4.285714285714286,999999,0.15,4,0,"LINESTRING (139.786416 35.734913, 139.786316 35.734812999999995)",w_bus_only;w_bus_metro;d_bus_only;d_bus_metro,東京都交通局,-1,6.1.603:1;2;3;4;5;6;7;8;9;10;11;12;13;14;15;16
1001537,1500464,1000122,tram,1,6.1,2,deboarding_links,14.321728898881625,1,999999,2.0,0,0.0,999999,0.15,4,0,"LINESTRING (139.786316 35.734812999999995, 139.786416 35.734913)",w_bus_only;w_bus_metro;d_bus_only;d_bus_metro,東京都交通局,-1,6.1.603:1;2;3;4;5;6;7;8;9;10;11;12;13;14;15;16
1001538,1000122,1500465,tram,1,6.1,2,boarding_links,14.321728898881625,1,999999,2.0,0,1.1538461538461537,999999,0.15,4,0,"LINESTRING (139.786416 35.734913, 139.786316 35.734812999999995)",w_bus_only;w_bus_metro;d_bus_only;d_bus_metro,東京都交通局,-1,6.1.603:1;2;3;4;5;6;7;8;9;10;11;12;13;14;15;16;17;18;19;20;21;22;23;24;25;26;27;28;29;30
1001539,1500465,1000122,tram,1,6.1,2,deboarding_links,14.321728898881625,1,999999,2.0,0,0.0,999999,0.15,4,0,"LINESTRING (139.786316 35.734812999999995, 139.786416 35.734913)",w_bus_only;w_bus_metro;d_bus_only;d_bus_metro,東京都交通局,-1,6.1.603:1;2;3;4;5;6;7;8;9;10;11;12;13;14;15;16;17;18;19;20;21;22;23;24;25;26;27;28;29;30
1001540,1000123,1500466,tram,1,6.1,2,boarding_links,14.321467444483595,1,999999,2.0,0,10.0,999999,0.15,4,0,"LINESTRING (139.784704 35.738573, 139.784604 35.738473)",w_bus_only;w_bus_metro;d_bus_only;d_bus_metro,東京都交通局,-1,6.1.604:1;2;3;4;5;6;7;8;9;10;11;12;13
1001541,1500466,1000123,tram,1,6.1,2,deboarding_links,14.321467444483595,1,999999,2.0,0,0.0,999999,0.15,4,0,"LINESTRING (139.784604 35.738473, 139.784704 35.738573)",w_bus_only;w_bus_metro;d_bus_only;d_bus_metro,東京都交通局,-1,6.1.604:1;2;3;4;5;6;7;8;9;10;11;12;13
1001542,1000123,1500467,tram,1,6.1,2,boarding_links,14.321467444483595,1,999999,2.0,0,4.285714285714286,999999,0.15,4,0,"LINESTRING (139.784704 35.738573, 139.784604 35.738473)",w_bus_only;w_bus_metro;d_bus_only;d_bus_metro,東京都交通局,-1,6.1.604:1;2;3;4;5;6;7;8;9;10;11;12;13;14;15;16
1001543,1500467,1000123,tram,1,6.1,2,deboarding_links,14.321467444483595,1,999999,2.0,0,0.0,999999,0.15,4,0,"LINESTRING (139.784604 35.738473, 139.784704 35.738573)",w_bus_only;w_bus_metro;d_bus_only;d_bus_metro,東京都交通局,-1,6.1.604:1;2;3;4;5;6;7;8;9;10;11;12;13;14;15;16
1001544,1000123,1500468,tram,1,6.1,2,boarding_links,14.321467444483595,1,999999,2.0,0,1.1538461538461537,999999,0.15,4,0,"LINESTRING (139.784704 35.738573, 139.784604 35.738473)",w_bus_only;w_bus_metro;d_bus_only;d_bus_metro,東京都交通局,-1,6.1.604:1;2;3;4;5;6;7;8;9;10;11;12;13;14;15;16;17;18;19;20;21;22;23;24;25;26;27;28;29;30
1001545,1500468,1000123,tram,1,6.1,2,deboarding_links,14.321467444483595,1,999999,2.0,0,0.0,999999,0.15,4,0,"LINESTRING (139.784604 35.738473, 139.784704 35.738573)",w_bus_only;w_bus_metro;d_bus_only;d_bus_metro,東京都交通局,-1,6.1.604:1;2;3;4;5;6;7;8;9;10;11;12;13;14;15;16;17;18;19;20;21;22;23;24;25;26;27;28;29;30
1001546,1000124,1500469,tram,1,6.1,2,boarding_links,14.321228121136091,1,999999,2.0,0,10.0,999999,0.15,4,0,"LINESTRING (139.78421 35.741923, 139.78411 35.741823)",w_bus_only;w_bus_metro;d_bus_only;d_bus_metro,東京都交通局,-1,6.1.605:1;2;3;4;5;6;7;8;9;10;11;12;13
1001547,1500469,1000124,tram,1,6.1,2,deboarding_links,14.321228121136091,1,999999,2.0,0,0.0,999999,0.15,4,0,"LINESTRING (139.78411 35.741823, 139.78421 35.741923)",w_bus_only;w_bus_metro;d_bus_only;d_bus_metro,東京都交通局,-1,6.1.605:1;2;3;4;5;6;7;8;9;10;11;12;13
1001548,1000124,1500470,tram,1,6.1,2,boarding_links,14.321228121136091,1,999999,2.0,0,4.285714285714286,999999,0.15,4,0,"LINESTRING (139.78421 35.741923, 139.78411 35.741823)",w_bus_only;w_bus_metro;d_bus_only;d_bus_metro,東京都交通局,-1,6.1.605:1;2;3;4;5;6;7;8;9;10;11;12;13;14;15;16
1001549,1500470,1000124,tram,1,6.1,2,deboarding_links,14.321228121136091,1,999999,2.0,0,0.0,999999,0.15,4,0,"LINESTRING (139.78411 35.741823, 139.78421 35.741923)",w_bus_only;w_bus_metro;d_bus_only;d_bus_metro,東京都交通局,-1,6.1.605:1;2;3;4;5;6;7;8;9;10;11;12;13;14;15;16
1001550,1000124,1500471,tram,1,6.1,2,boarding_links,14.321228121136091,1,999999,2.0,0,1.1538461538461537,999999,0.15,4,0,"LINESTRING (139.78421 35.741923, 139.78411 35.741823)",w_bus_only;w_bus_metro;d_bus_only;d_bus_metro,東京都交通局,-1,6.1.605:1;2;3;4;5;6;7;8;9;10;11;12;13;14;15;16;17;18;19;20;21;22;23;24;25;26;27;28;29;30
1001551,1500471,1000124,tram,1,6.1,2,deboarding_links,14.321228121136091,1,999999,2.0,0,0.0,999999,0.15,4,0,"LINESTRING (139.78411 35.741823, 139.78421 35.741923)",w_bus_only;w_bus_metro;d_bus_only;d_bus_metro,東京都交通局,-1,6.1.605:1;2;3;4;5;6;7;8;9;10;11;12;13;14;15;16;17;18;19;20;21;22;23;24;25;26;27;28;29;30
1001552,1000125,1500472,tram,1,6.1,2,boarding_links,14.321166680746368,1,999999,2.0,0,10.0,999999,0.15,4,0,"LINESTRING (139.780891 35.742783, 139.780791 35.742683)",w_bus_only;w_bus_metro;d_bus_only;d_bus_metro,東京都交通局,-1,6.1.606:1;2;3;4;5;6;7;8
1001553,1500472,1000125,tram,1,6.1,2,deboarding_links,14.321166680746368,1,999999,2.0,0,0.0,999999,0.15,4,0,"LINESTRING (139.780791 35.742683, 139.780891 35.742783)",w_bus_only;w_bus_metro;d_bus_only;d_bus_metro,東京都交通局,-1,6.1.606:1;2;3;4;5;6;7;8
1001554,1000125,1500473,tram,1,6.1,2,boarding_links,14.321166680746368,1,999999,2.0,0,10.0,999999,0.15,4,0,"LINESTRING (139.780891 35.742783, 139.780791 35.742683)",w_bus_only;w_bus_metro;d_bus_only;d_bus_metro,東京都交通局,-1,6.1.606:1;2;3;4;5;6;7;8;9;10;11;12;13
1001555,1500473,1000125,tram,1,6.1,2,deboarding_links,14.321166680746368,1,999999,2.0,0,0.0,999999,0.15,4,0,"LINESTRING (139.780791 35.742683, 139.780891 35.742783)",w_bus_only;w_bus_metro;d_bus_only;d_bus_metro,東京都交通局,-1,6.1.606:1;2;3;4;5;6;7;8;9;10;11;12;13
1001556,1000125,1500474,tram,1,6.1,2,boarding_links,14.321166680746368,1,999999,2.0,0,4.285714285714286,999999,0.15,4,0,"LINESTRING (139.780891 35.742783, 139.780791 35.742683)",w_bus_only;w_bus_metro;d_bus_only;d_bus_metro,東京都交通局,-1,6.1.606:1;2;3;4;5;6;7;8;9;10;11;12;13;14;15;16
1001557,1500474,1000125,tram,1,6.1,2,deboarding_links,14.321166680746368,1,999999,2.0,0,0.0,999999,0.15,4,0,"LINESTRING (139.780791 35.742683, 139.780891 35.742783)",w_bus_only;w_bus_metro;d_bus_only;d_bus_metro,東京都交通局,-1,6.1.606:1;2;3;4;5;6;7;8;9;10;11;12;13;14;15;16
1001558,1000125,1500475,tram,1,6.1,2,boarding_links,14.321166680746368,1,999999,2.0,0,1.1538461538461537,999999,0.15,4,0,"LINESTRING (139.780891 35.742783, 139.780791 35.742683)",w_bus_only;w_bus_metro;d_bus_only;d_bus_metro,東京都交通局,-1,6.1.606:1;2;3;4;5;6;7;8;9;10;11;12;13;14;15;16;17;18;19;20;21;22;23;24;25;26;27;28;29;30
1001559,1500475,1000125,tram,1,6.1,2,deboarding_links,14.321166680746368,1,999999,2.0,0,0.0,999999,0.15,4,0,"LINESTRING (139.780791 35.742683, 139.780891 35.742783)",w_bus_only;w_bus_metro;d_bus_only;d_bus_metro,東京都交通局,-1,6.1.606:1;2;3;4;5;6;7;8;9;10;11;12;13;14;15;16;17;18;19;20;21;22;23;24;25;26;27;28;29;30
1001560,1000126,1500476,tram,1,6.1,2,boarding_links,14.321085520927218,1,999999,2.0,0,10.0,999999,0.15,4,0,"LINESTRING (139.776416 35.743919, 139.776316 35.743818999999995)",w_bus_only;w_bus_metro;d_bus_only;d_bus_metro,東京都交通局,-1,6.1.607:1;2;3;4;5;6;7;8
1001561,1500476,1000126,tram,1,6.1,2,deboarding_links,14.321085520927218,1,999999,2.0,0,0.0,999999,0.15,4,0,"LINESTRING (139.776316 35.743818999999995, 139.776416 35.743919)",w_bus_only;w_bus_metro;d_bus_only;d_bus_metro,東京都交通局,-1,6.1.607:1;2;3;4;5;6;7;8
1001562,1000126,1500477,tram,1,6.1,2,boarding_links,14.321085520927218,1,999999,2.0,0,10.0,999999,0.15,4,0,"LINESTRING (139.776416 35.743919, 139.776316 35.743818999999995)",w_bus_only;w_bus_metro;d_bus_only;d_bus_metro,東京都交通局,-1,6.1.607:1;2;3;4;5;6;7;8;9;10;11;12;13
1001563,1500477,1000126,tram,1,6.1,2,deboarding_links,14.321085520927218,1,999999,2.0,0,0.0,999999,0.15,4,0,"LINESTRING (139.776316 35.743818999999995, 139.776416 35.743919)",w_bus_only;w_bus_metro;d_bus_only;d_bus_metro,東京都交通局,-1,6.1.607:1;2;3;4;5;6;7;8;9;10;11;12;13
1001564,1000126,1500478,tram,1,6.1,2,boarding_links,14.321085520927218,1,999999,2.0,0,4.285714285714286,999999,0.15,4,0,"LINESTRING (139.776416 35.743919, 139.776316 35.743818999999995)",w_bus_only;w_bus_metro;d_bus_only;d_bus_metro,東京都交通局,-1,6.1.607:1;2;3;4;5;6;7;8;9;10;11;12;13;14;15;16
1001565,1500478,1000126,tram,1,6.1,2,deboarding_links,14.321085520927218,1,999999,2.0,0,0.0,999999,0.15,4,0,"LINESTRING (139.776316 35.743818999999995, 139.776416 35.743919)",w_bus_only;w_bus_metro;d_bus_only;d_bus_metro,東京都交通局,-1,6.1.607:1;2;3;4;5;6;7;8;9;10;11;12;13;14;15;16
1001566,1000126,1500479,tram,1,6.1,2,boarding_links,14.321085520927218,1,999999,2.0,0,1.1538461538461537,999999,0.15,4,0,"LINESTRING (139.776416 35.743919, 139.776316 35.743818999999995)",w_bus_only;w_bus_metro;d_bus_only;d_bus_metro,東京都交通局,-1,6.1.607:1;2;3;4;5;6;7;8;9;10;11;12;13;14;15;16;17;18;19;20;21;22;23;24;25;26;27;28;29;30
1001567,1500479,1000126,tram,1,6.1,2,deboarding_links,14.321085520927218,1,999999,2.0,0,0.0,999999,0.15,4,0,"LINESTRING (139.776316 35.743818999999995, 139.776416 35.743919)",w_bus_only;w_bus_metro;d_bus_only;d_bus_metro,東京都交通局,-1,6.1.607:1;2;3;4;5;6;7;8;9;10;11;12;13;14;15;16;17;18;19;20;21;22;23;24;25;26;27;28;29;30
1001568,1000127,1500480,tram,1,6.1,2,boarding_links,14.320963563976973,1,999999,2.0,0,10.0,999999,0.15,4,0,"LINESTRING (139.773867 35.745626, 139.773767 35.745526)",w_bus_only;w_bus_metro;d_bus_only;d_bus_metro,東京都交通局,-1,6.1.608:1;2;3;4;5;6;7;8
1001569,1500480,1000127,tram,1,6.1,2,deboarding_links,14.320963563976973,1,999999,2.0,0,0.0,999999,0.15,4,0,"LINESTRING (139.773767 35.745526, 139.773867 35.745626)",w_bus_only;w_bus_metro;d_bus_only;d_bus_metro,東京都交通局,-1,6.1.608:1;2;3;4;5;6;7;8
1001570,1000127,1500481,tram,1,6.1,2,boarding_links,14.320963563976973,1,999999,2.0,0,10.0,999999,0.15,4,0,"LINESTRING (139.773867 35.745626, 139.773767 35.745526)",w_bus_only;w_bus_metro;d_bus_only;d_bus_metro,東京都交通局,-1,6.1.608:1;2;3;4;5;6;7;8;9;10;11;12;13
1001571,1500481,1000127,tram,1,6.1,2,deboarding_links,14.320963563976973,1,999999,2.0,0,0.0,999999,0.15,4,0,"LINESTRING (139.773767 35.745526, 139.773867 35.745626)",w_bus_only;w_bus_metro;d_bus_only;d_bus_metro,東京都交通局,-1,6.1.608:1;2;3;4;5;6;7;8;9;10;11;12;13
1001572,1000127,1500482,tram,1,6.1,2,boarding_links,14.320963563976973,1,999999,2.0,0,4.285714285714286,999999,0.15,4,0,"LINESTRING (139.773867 35.745626, 139.773767 35.745526)",w_bus_only;w_bus_metro;d_bus_only;d_bus_metro,東京都交通局,-1,6.1.608:1;2;3;4;5;6;7;8;9;10;11;12;13;14;15;16
1001573,1500482,1000127,tram,1,6.1,2,deboarding_links,14.320963563976973,1,999999,2.0,0,0.0,999999,0.15,4,0,"LINESTRING (139.773767 35.745526, 139.773867 35.745626)",w_bus_only;w_bus_metro;d_bus_only;d_bus_metro,東京都交通局,-1,6.1.608:1;2;3;4;5;6;7;8;9;10;11;12;13;14;15;16
1001574,1000127,1500483,tram,1,6.1,2,boarding_links,14.320963563976973,1,999999,2.0,0,1.1538461538461537,999999,0.15,4,0,"LINESTRING (139.773867 35.745626, 139.773767 35.745526)",w_bus_only;w_bus_metro;d_bus_only;d_bus_metro,東京都交通局,-1,6.1.608:1;2;3;4;5;6;7;8;9;10;11;12;13;14;15;16;17;18;19;20;21;22;23;24;25;26;27;28;29;30
1001575,1500483,1000127,tram,1,6.1,2,deboarding_links,14.320963563976973,1,999999,2.0,0,0.0,999999,0.15,4,0,"LINESTRING (139.773767 35.745526, 139.773867 35.745626)",w_bus_only;w_bus_metro;d_bus_only;d_bus_metro,東京都交通局,-1,6.1.608:1;2;3;4;5;6;7;8;9;10;11;12;13;14;15;16;17;18;19;20;21;22;23;24;25;26;27;28;29;30
1001576,1000128,1500484,tram,1,6.1,2,boarding_links,14.320759151485484,1,999999,2.0,0,10.0,999999,0.15,4,0,"LINESTRING (139.769859 35.748487, 139.769759 35.748386999999994)",w_bus_only;w_bus_metro;d_bus_only;d_bus_metro,東京都交通局,-1,6.1.609:1;2;3;4;5;6;7;8
1001577,1500484,1000128,tram,1,6.1,2,deboarding_links,14.320759151485484,1,999999,2.0,0,0.0,999999,0.15,4,0,"LINESTRING (139.769759 35.748386999999994, 139.769859 35.748487)",w_bus_only;w_bus_metro;d_bus_only;d_bus_metro,東京都交通局,-1,6.1.609:1;2;3;4;5;6;7;8
1001578,1000128,1500485,tram,1,6.1,2,boarding_links,14.320759151485484,1,999999,2.0,0,10.0,999999,0.15,4,0,"LINESTRING (139.769859 35.748487, 139.769759 35.748386999999994)",w_bus_only;w_bus_metro;d_bus_only;d_bus_metro,東京都交通局,-1,6.1.609:1;2;3;4;5;6;7;8;9;10;11;12;13
1001579,1500485,1000128,tram,1,6.1,2,deboarding_links,14.320759151485484,1,999999,2.0,0,0.0,999999,0.15,4,0,"LINESTRING (139.769759 35.748386999999994, 139.769859 35.748487)",w_bus_only;w_bus_metro;d_bus_only;d_bus_metro,東京都交通局,-1,6.1.609:1;2;3;4;5;6;7;8;9;10;11;12;13
1001580,1000128,1500486,tram,1,6.1,2,boarding_links,14.320759151485484,1,999999,2.0,0,4.285714285714286,999999,0.15,4,0,"LINESTRING (139.769859 35.748487, 139.769759 35.748386999999994)",w_bus_only;w_bus_metro;d_bus_only;d_bus_metro,東京都交通局,-1,6.1.609:1;2;3;4;5;6;7;8;9;10;11;12;13;14;15;16
1001581,1500486,1000128,tram,1,6.1,2,deboarding_links,14.320759151485484,1,999999,2.0,0,0.0,999999,0.15,4,0,"LINESTRING (139.769759 35.748386999999994, 139.769859 35.748487)",w_bus_only;w_bus_metro;d_bus_only;d_bus_metro,東京都交通局,-1,6.1.609:1;2;3;4;5;6;7;8;9;10;11;12;13;14;15;16
1001582,1000128,1500487,tram,1,6.1,2,boarding_links,14.320759151485484,1,999999,2.0,0,1.1538461538461537,999999,0.15,4,0,"LINESTRING (139.769859 35.748487, 139.769759 35.748386999999994)",w_bus_only;w_bus_metro;d_bus_only;d_bus_metro,東京都交通局,-1,6.1.609:1;2;3;4;5;6;7;8;9;10;11;12;13;14;15;16;17;18;19;20;21;22;23;24;25;26;27;28;29;30
1001583,1500487,1000128,tram,1,6.1,2,deboarding_links,14.320759151485484,1,999999,2.0,0,0.0,999999,0.15,4,0,"LINESTRING (139.769759 35.748386999999994, 139.769859 35.748487)",w_bus_only;w_bus_metro;d_bus_only;d_bus_metro,東京都交通局,-1,6.1.609:1;2;3;4;5;6;7;8;9;10;11;12;13;14;15;16;17;18;19;20;21;22;23;24;25;26;27;28;29;30
1001584,1000129,1500488,tram,1,6.1,2,boarding_links,14.320664551142844,1,999999,2.0,0,10.0,999999,0.15,4,0,"LINESTRING (139.76619 35.749811, 139.76609 35.749711)",w_bus_only;w_bus_metro;d_bus_only;d_bus_metro,東京都交通局,-1,6.1.610:1;2;3;4;5;6;7;8
1001585,1500488,1000129,tram,1,6.1,2,deboarding_links,14.320664551142844,1,999999,2.0,0,0.0,999999,0.15,4,0,"LINESTRING (139.76609 35.749711, 139.76619 35.749811)",w_bus_only;w_bus_metro;d_bus_only;d_bus_metro,東京都交通局,-1,6.1.610:1;2;3;4;5;6;7;8
1001586,1000129,1500489,tram,1,6.1,2,boarding_links,14.320664551142844,1,999999,2.0,0,10.0,999999,0.15,4,0,"LINESTRING (139.76619 35.749811, 139.76609 35.749711)",w_bus_only;w_bus_metro;d_bus_only;d_bus_metro,東京都交通局,-1,6.1.610:1;2;3;4;5;6;7;8;9;10;11;12;13
1001587,1500489,1000129,tram,1,6.1,2,deboarding_links,14.320664551142844,1,999999,2.0,0,0.0,999999,0.15,4,0,"LINESTRING (139.76609 35.749711, 139.76619 35.749811)",w_bus_only;w_bus_metro;d_bus_only;d_bus_metro,東京都交通局,-1,6.1.610:1;2;3;4;5;6;7;8;9;10;11;12;13
1001588,1000129,1500490,tram,1,6.1,2,boarding_links,14.320664551142844,1,999999,2.0,0,4.285714285714286,999999,0.15,4,0,"LINESTRING (139.76619 35.749811, 139.76609 35.749711)",w_bus_only;w_bus_metro;d_bus_only;d_bus_metro,東京都交通局,-1,6.1.610:1;2;3;4;5;6;7;8;9;10;11;12;13;14;15;16
1001589,1500490,1000129,tram,1,6.1,2,deboarding_links,14.320664551142844,1,999999,2.0,0,0.0,999999,0.15,4,0,"LINESTRING (139.76609 35.749711, 139.76619 35.749811)",w_bus_only;w_bus_metro;d_bus_only;d_bus_metro,東京都交通局,-1,6.1.610:1;2;3;4;5;6;7;8;9;10;11;12;13;14;15;16
1001590,1000129,1500491,tram,1,6.1,2,boarding_links,14.320664551142844,1,999999,2.0,0,1.1538461538461537,999999,0.15,4,0,"LINESTRING (139.76619 35.749811, 139.76609 35.749711)",w_bus_only;w_bus_metro;d_bus_only;d_bus_metro,東京都交通局,-1,6.1.610:1;2;3;4;5;6;7;8;9;10;11;12;13;14;15;16;17;18;19;20;21;22;23;24;25;26;27;28;29;30
1001591,1500491,1000129,tram,1,6.1,2,deboarding_links,14.320664551142844,1,999999,2.0,0,0.0,999999,0.15,4,0,"LINESTRING (139.76609 35.749711, 139.76619 35.749811)",w_bus_only;w_bus_metro;d_bus_only;d_bus_metro,東京都交通局,-1,6.1.610:1;2;3;4;5;6;7;8;9;10;11;12;13;14;15;16;17;18;19;20;21;22;23;24;25;26;27;28;29;30
1001592,1000130,1500492,tram,1,6.1,2,boarding_links,14.320616964380607,1,999999,2.0,0,10.0,999999,0.15,4,0,"LINESTRING (139.761739 35.750477, 139.761639 35.75037699999999)",w_bus_only;w_bus_metro;d_bus_only;d_bus_metro,東京都交通局,-1,6.1.611:1;2;3;4;5;6;7;8
1001593,1500492,1000130,tram,1,6.1,2,deboarding_links,14.320616964380607,1,999999,2.0,0,0.0,999999,0.15,4,0,"LINESTRING (139.761639 35.75037699999999, 139.761739 35.750477)",w_bus_only;w_bus_metro;d_bus_only;d_bus_metro,東京都交通局,-1,6.1.611:1;2;3;4;5;6;7;8
1001594,1000130,1500493,tram,1,6.1,2,boarding_links,14.320616964380607,1,999999,2.0,0,10.0,999999,0.15,4,0,"LINESTRING (139.761739 35.750477, 139.761639 35.75037699999999)",w_bus_only;w_bus_metro;d_bus_only;d_bus_metro,東京都交通局,-1,6.1.611:1;2;3;4;5;6;7;8;9;10;11;12;13
1001595,1500493,1000130,tram,1,6.1,2,deboarding_links,14.320616964380607,1,999999,2.0,0,0.0,999999,0.15,4,0,"LINESTRING (139.761639 35.75037699999999, 139.761739 35.750477)",w_bus_only;w_bus_metro;d_bus_only;d_bus_metro,東京都交通局,-1,6.1.611:1;2;3;4;5;6;7;8;9;10;11;12;13
1001596,1000130,1500494,tram,1,6.1,2,boarding_links,14.320616964380607,1,999999,2.0,0,4.285714285714286,999999,0.15,4,0,"LINESTRING (139.761739 35.750477, 139.761639 35.75037699999999)",w_bus_only;w_bus_metro;d_bus_only;d_bus_metro,東京都交通局,-1,6.1.611:1;2;3;4;5;6;7;8;9;10;11;12;13;14;15;16
1001597,1500494,1000130,tram,1,6.1,2,deboarding_links,14.320616964380607,1,999999,2.0,0,0.0,999999,0.15,4,0,"LINESTRING (139.761639 35.75037699999999, 139.761739 35.750477)",w_bus_only;w_bus_metro;d_bus_only;d_bus_metro,東京都交通局,-1,6.1.611:1;2;3;4;5;6;7;8;9;10;11;12;13;14;15;16
1001598,1000130,1500495,tram,1,6.1,2,boarding_links,14.320616964380607,1,999999,2.0,0,1.1538461538461537,999999,0.15,4,0,"LINESTRING (139.761739 35.750477, 139.761639 35.75037699999999)",w_bus_only;w_bus_metro;d_bus_only;d_bus_metro,東京都交通局,-1,6.1.611:1;2;3;4;5;6;7;8;9;10;11;12;13;14;15;16;17;18;19;20;21;22;23;24;25;26;27;28;29;30
1001599,1500495,1000130,tram,1,6.1,2,deboarding_links,14.320616964380607,1,999999,2.0,0,0.0,999999,0.15,4,0,"LINESTRING (139.761639 35.75037699999999, 139.761739 35.750477)",w_bus_only;w_bus_metro;d_bus_only;d_bus_metro,東京都交通局,-1,6.1.611:1;2;3;4;5;6;7;8;9;10;11;12;13;14;15;16;17;18;19;20;21;22;23;24;25;26;27;28;29;30
1001600,1000131,1500496,tram,1,6.1,2,boarding_links,14.320604888977025,1,999999,2.0,0,10.0,999999,0.15,4,0,"LINESTRING (139.757517 35.750646, 139.757417 35.750546)",w_bus_only;w_bus_metro;d_bus_only;d_bus_metro,東京都交通局,-1,6.1.612:1;2;3;4;5;6;7;8
1001601,1500496,1000131,tram,1,6.1,2,deboarding_links,14.320604888977025,1,999999,2.0,0,0.0,999999,0.15,4,0,"LINESTRING (139.757417 35.750546, 139.757517 35.750646)",w_bus_only;w_bus_metro;d_bus_only;d_bus_metro,東京都交通局,-1,6.1.612:1;2;3;4;5;6;7;8
1001602,1000131,1500497,tram,1,6.1,2,boarding_links,14.320604888977025,1,999999,2.0,0,10.0,999999,0.15,4,0,"LINESTRING (139.757517 35.750646, 139.757417 35.750546)",w_bus_only;w_bus_metro;d_bus_only;d_bus_metro,東京都交通局,-1,6.1.612:1;2;3;4;5;6;7;8;9;10;11;12;13
1001603,1500497,1000131,tram,1,6.1,2,deboarding_links,14.320604888977025,1,999999,2.0,0,0.0,999999,0.15,4,0,"LINESTRING (139.757417 35.750546, 139.757517 35.750646)",w_bus_only;w_bus_metro;d_bus_only;d_bus_metro,東京都交通局,-1,6.1.612:1;2;3;4;5;6;7;8;9;10;11;12;13
1001604,1000131,1500498,tram,1,6.1,2,boarding_links,14.320604888977025,1,999999,2.0,0,4.285714285714286,999999,0.15,4,0,"LINESTRING (139.757517 35.750646, 139.757417 35.750546)",w_bus_only;w_bus_metro;d_bus_only;d_bus_metro,東京都交通局,-1,6.1.612:1;2;3;4;5;6;7;8;9;10;11;12;13;14;15;16
1001605,1500498,1000131,tram,1,6.1,2,deboarding_links,14.320604888977025,1,999999,2.0,0,0.0,999999,0.15,4,0,"LINESTRING (139.757417 35.750546, 139.757517 35.750646)",w_bus_only;w_bus_metro;d_bus_only;d_bus_metro,東京都交通局,-1,6.1.612:1;2;3;4;5;6;7;8;9;10;11;12;13;14;15;16
1001606,1000131,1500499,tram,1,6.1,2,boarding_links,14.320604888977025,1,999999,2.0,0,1.1538461538461537,999999,0.15,4,0,"LINESTRING (139.757517 35.750646, 139.757417 35.750546)",w_bus_only;w_bus_metro;d_bus_only;d_bus_metro,東京都交通局,-1,6.1.612:1;2;3;4;5;6;7;8;9;10;11;12;13;14;15;16;17;18;19;20;21;22;23;24;25;26;27;28;29;30
1001607,1500499,1000131,tram,1,6.1,2,deboarding_links,14.320604888977025,1,999999,2.0,0,0.0,999999,0.15,4,0,"LINESTRING (139.757417 35.750546, 139.757517 35.750646)",w_bus_only;w_bus_metro;d_bus_only;d_bus_metro,東京都交通局,-1,6.1.612:1;2;3;4;5;6;7;8;9;10;11;12;13;14;15;16;17;18;19;20;21;22;23;24;25;26;27;28;29;30
1001608,1000132,1500500,tram,1,6.1,2,boarding_links,14.320589240918233,1,999999,2.0,0,10.0,999999,0.15,4,0,"LINESTRING (139.752461 35.750865, 139.752361 35.750764999999994)",w_bus_only;w_bus_metro;d_bus_only;d_bus_metro,東京都交通局,-1,6.1.613:1;2;3;4;5;6;7;8
1001609,1500500,1000132,tram,1,6.1,2,deboarding_links,14.320589240918233,1,999999,2.0,0,0.0,999999,0.15,4,0,"LINESTRING (139.752361 35.750764999999994, 139.752461 35.750865)",w_bus_only;w_bus_metro;d_bus_only;d_bus_metro,東京都交通局,-1,6.1.613:1;2;3;4;5;6;7;8
1001610,1000132,1500501,tram,1,6.1,2,boarding_links,14.320589240918233,1,999999,2.0,0,10.0,999999,0.15,4,0,"LINESTRING (139.752461 35.750865, 139.752361 35.750764999999994)",w_bus_only;w_bus_metro;d_bus_only;d_bus_metro,東京都交通局,-1,6.1.613:1;2;3;4;5;6;7;8;9;10;11
1001611,1500501,1000132,tram,1,6.1,2,deboarding_links,14.320589240918233,1,999999,2.0,0,0.0,999999,0.15,4,0,"LINESTRING (139.752361 35.750764999999994, 139.752461 35.750865)",w_bus_only;w_bus_metro;d_bus_only;d_bus_metro,東京都交通局,-1,6.1.613:1;2;3;4;5;6;7;8;9;10;11
1001612,1000132,1500502,tram,1,6.1,2,boarding_links,14.320589240918233,1,999999,2.0,0,10.0,999999,0.15,4,0,"LINESTRING (139.752461 35.750865, 139.752361 35.750764999999994)",w_bus_only;w_bus_metro;d_bus_only;d_bus_metro,東京都交通局,-1,6.1.613:1;2;3;4;5;6;7;8;9;10;11;12;13
1001613,1500502,1000132,tram,1,6.1,2,deboarding_links,14.320589240918233,1,999999,2.0,0,0.0,999999,0.15,4,0,"LINESTRING (139.752361 35.750764999999994, 139.752461 35.750865)",w_bus_only;w_bus_metro;d_bus_only;d_bus_metro,東京都交通局,-1,6.1.613:1;2;3;4;5;6;7;8;9;10;11;12;13
1001614,1000132,1500503,tram,1,6.1,2,boarding_links,14.320589240918233,1,999999,2.0,0,4.285714285714286,999999,0.15,4,0,"LINESTRING (139.752461 35.750865, 139.752361 35.750764999999994)",w_bus_only;w_bus_metro;d_bus_only;d_bus_metro,東京都交通局,-1,6.1.613:1;2;3;4;5;6;7;8;9;10;11;12;13;14;15;16
1001615,1500503,1000132,tram,1,6.1,2,deboarding_links,14.320589240918233,1,999999,2.0,0,0.0,999999,0.15,4,0,"LINESTRING (139.752361 35.750764999999994, 139.752461 35.750865)",w_bus_only;w_bus_metro;d_bus_only;d_bus_metro,東京都交通局,-1,6.1.613:1;2;3;4;5;6;7;8;9;10;11;12;13;14;15;16
1001616,1000132,1500504,tram,1,6.1,2,boarding_links,14.320589240918233,1,999999,2.0,0,1.1538461538461537,999999,0.15,4,0,"LINESTRING (139.752461 35.750865, 139.752361 35.750764999999994)",w_bus_only;w_bus_metro;d_bus_only;d_bus_metro,東京都交通局,-1,6.1.613:1;2;3;4;5;6;7;8;9;10;11;12;13;14;15;16;17;18;19;20;21;22;23;24;25;26;27;28;29;30
1001617,1500504,1000132,tram,1,6.1,2,deboarding_links,14.320589240918233,1,999999,2.0,0,0.0,999999,0.15,4,0,"LINESTRING (139.752361 35.750764999999994, 139.752461 35.750865)",w_bus_only;w_bus_metro;d_bus_only;d_bus_metro,東京都交通局,-1,6.1.613:1;2;3;4;5;6;7;8;9;10;11;12;13;14;15;16;17;18;19;20;21;22;23;24;25;26;27;28;29;30
1001618,1000133,1500505,tram,1,6.1,2,boarding_links,14.320574593140211,1,999999,2.0,0,10.0,999999,0.15,4,0,"LINESTRING (139.747268 35.75107, 139.747168 35.750969999999995)",w_bus_only;w_bus_metro;d_bus_only;d_bus_metro,東京都交通局,-1,6.1.614:1;2;3;4;5;6;7;8;9;10;11
1001619,1500505,1000133,tram,1,6.1,2,deboarding_links,14.320574593140211,1,999999,2.0,0,0.0,999999,0.15,4,0,"LINESTRING (139.747168 35.750969999999995, 139.747268 35.75107)",w_bus_only;w_bus_metro;d_bus_only;d_bus_metro,東京都交通局,-1,6.1.614:1;2;3;4;5;6;7;8;9;10;11
1001620,1000133,1500506,tram,1,6.1,2,boarding_links,14.320574593140211,1,999999,2.0,0,4.285714285714286,999999,0.15,4,0,"LINESTRING (139.747268 35.75107, 139.747168 35.750969999999995)",w_bus_only;w_bus_metro;d_bus_only;d_bus_metro,東京都交通局,-1,6.1.614:1;2;3;4;5;6;7;8;9;10;11;12;13;14;15;16
1001621,1500506,1000133,tram,1,6.1,2,deboarding_links,14.320574593140211,1,999999,2.0,0,0.0,999999,0.15,4,0,"LINESTRING (139.747168 35.750969999999995, 139.747268 35.75107)",w_bus_only;w_bus_metro;d_bus_only;d_bus_metro,東京都交通局,-1,6.1.614:1;2;3;4;5;6;7;8;9;10;11;12;13;14;15;16
1001622,1000133,1500507,tram,1,6.1,2,boarding_links,14.320574593140211,1,999999,2.0,0,1.1538461538461537,999999,0.15,4,0,"LINESTRING (139.747268 35.75107, 139.747168 35.750969999999995)",w_bus_only;w_bus_metro;d_bus_only;d_bus_metro,東京都交通局,-1,6.1.614:1;2;3;4;5;6;7;8;9;10;11;12;13;14;15;16;17;18;19;20;21;22;23;24;25;26;27;28;29;30
1001623,1500507,1000133,tram,1,6.1,2,deboarding_links,14.320574593140211,1,999999,2.0,0,0.0,999999,0.15,4,0,"LINESTRING (139.747168 35.750969999999995, 139.747268 35.75107)",w_bus_only;w_bus_metro;d_bus_only;d_bus_metro,東京都交通局,-1,6.1.614:1;2;3;4;5;6;7;8;9;10;11;12;13;14;15;16;17;18;19;20;21;22;23;24;25;26;27;28;29;30
1001624,1000134,1500508,tram,1,6.1,2,boarding_links,14.320589240918233,1,999999,2.0,0,10.0,999999,0.15,4,0,"LINESTRING (139.742186 35.750865, 139.742086 35.750764999999994)",w_bus_only;w_bus_metro;d_bus_only;d_bus_metro,東京都交通局,-1,6.1.615:1;2;3;4;5;6;7;8;9;10;11
1001625,1500508,1000134,tram,1,6.1,2,deboarding_links,14.320589240918233,1,999999,2.0,0,0.0,999999,0.15,4,0,"LINESTRING (139.742086 35.750764999999994, 139.742186 35.750865)",w_bus_only;w_bus_metro;d_bus_only;d_bus_metro,東京都交通局,-1,6.1.615:1;2;3;4;5;6;7;8;9;10;11
1001626,1000134,1500509,tram,1,6.1,2,boarding_links,14.320589240918233,1,999999,2.0,0,4.285714285714286,999999,0.15,4,0,"LINESTRING (139.742186 35.750865, 139.742086 35.750764999999994)",w_bus_only;w_bus_metro;d_bus_only;d_bus_metro,東京都交通局,-1,6.1.615:1;2;3;4;5;6;7;8;9;10;11;12;13;14;15;16
1001627,1500509,1000134,tram,1,6.1,2,deboarding_links,14.320589240918233,1,999999,2.0,0,0.0,999999,0.15,4,0,"LINESTRING (139.742086 35.750764999999994, 139.742186 35.750865)",w_bus_only;w_bus_metro;d_bus_only;d_bus_metro,東京都交通局,-1,6.1.615:1;2;3;4;5;6;7;8;9;10;11;12;13;14;15;16
1001628,1000134,1500510,tram,1,6.1,2,boarding_links,14.320589240918233,1,999999,2.0,0,1.1538461538461537,999999,0.15,4,0,"LINESTRING (139.742186 35.750865, 139.742086 35.750764999999994)",w_bus_only;w_bus_metro;d_bus_only;d_bus_metro,東京都交通局,-1,6.1.615:1;2;3;4;5;6;7;8;9;10;11;12;13;14;15;16;17;18;19;20;21;22;23;24;25;26;27;28;29;30
1001629,1500510,1000134,tram,1,6.1,2,deboarding_links,14.320589240918233,1,999999,2.0,0,0.0,999999,0.15,4,0,"LINESTRING (139.742086 35.750764999999994, 139.742186 35.750865)",w_bus_only;w_bus_metro;d_bus_only;d_bus_metro,東京都交通局,-1,6.1.615:1;2;3;4;5;6;7;8;9;10;11;12;13;14;15;16;17;18;19;20;21;22;23;24;25;26;27;28;29;30
1001630,1000135,1500511,tram,1,6.1,2,boarding_links,14.32043797340518,1,999999,2.0,0,10.0,999999,0.15,4,0,"LINESTRING (139.738045 35.752982, 139.737945 35.752882)",w_bus_only;w_bus_metro;d_bus_only;d_bus_metro,東京都交通局,-1,6.1.616:1;2;3;4;5;6;7;8;9;10;11
1001631,1500511,1000135,tram,1,6.1,2,deboarding_links,14.32043797340518,1,999999,2.0,0,0.0,999999,0.15,4,0,"LINESTRING (139.737945 35.752882, 139.738045 35.752982)",w_bus_only;w_bus_metro;d_bus_only;d_bus_metro,東京都交通局,-1,6.1.616:1;2;3;4;5;6;7;8;9;10;11
1001632,1000135,1500512,tram,1,6.1,2,boarding_links,14.32043797340518,1,999999,2.0,0,4.285714285714286,999999,0.15,4,0,"LINESTRING (139.738045 35.752982, 139.737945 35.752882)",w_bus_only;w_bus_metro;d_bus_only;d_bus_metro,東京都交通局,-1,6.1.616:1;2;3;4;5;6;7;8;9;10;11;12;13;14;15;16
1001633,1500512,1000135,tram,1,6.1,2,deboarding_links,14.32043797340518,1,999999,2.0,0,0.0,999999,0.15,4,0,"LINESTRING (139.737945 35.752882, 139.738045 35.752982)",w_bus_only;w_bus_metro;d_bus_only;d_bus_metro,東京都交通局,-1,6.1.616:1;2;3;4;5;6;7;8;9;10;11;12;13;14;15;16
1001634,1000135,1500513,tram,1,6.1,2,boarding_links,14.32043797340518,1,999999,2.0,0,1.1538461538461537,999999,0.15,4,0,"LINESTRING (139.738045 35.752982, 139.737945 35.752882)",w_bus_only;w_bus_metro;d_bus_only;d_bus_metro,東京都交通局,-1,6.1.616:1;2;3;4;5;6;7;8;9;10;11;12;13;14;15;16;17;18;19;20;21;22;23;24;25;26;27;28;29;30
1001635,1500513,1000135,tram,1,6.1,2,deboarding_links,14.32043797340518,1,999999,2.0,0,0.0,999999,0.15,4,0,"LINESTRING (139.737945 35.752882, 139.738045 35.752982)",w_bus_only;w_bus_metro;d_bus_only;d_bus_metro,東京都交通局,-1,6.1.616:1;2;3;4;5;6;7;8;9;10;11;12;13;14;15;16;17;18;19;20;21;22;23;24;25;26;27;28;29;30
1001636,1000136,1500514,tram,1,6.1,2,boarding_links,14.320643258632852,1,999999,2.0,0,10.0,999999,0.15,4,0,"LINESTRING (139.737333 35.750109, 139.737233 35.750009)",w_bus_only;w_bus_metro;d_bus_only;d_bus_metro,東京都交通局,-1,6.1.617:1;2;3;4;5;6;7;8;9;10;11
1001637,1500514,1000136,tram,1,6.1,2,deboarding_links,14.320643258632852,1,999999,2.0,0,0.0,999999,0.15,4,0,"LINESTRING (139.737233 35.750009, 139.737333 35.750109)",w_bus_only;w_bus_metro;d_bus_only;d_bus_metro,東京都交通局,-1,6.1.617:1;2;3;4;5;6;7;8;9;10;11
1001638,1000136,1500515,tram,1,6.1,2,boarding_links,14.320643258632852,1,999999,2.0,0,1.1538461538461537,999999,0.15,4,0,"LINESTRING (139.737333 35.750109, 139.737233 35.750009)",w_bus_only;w_bus_metro;d_bus_only;d_bus_metro,東京都交通局,-1,6.1.617:1;2;3;4;5;6;7;8;9;10;11;12;13;14;15;16;17;18;19;20;21;22;23;24;25;26;27;28;29;30
1001639,1500515,1000136,tram,1,6.1,2,deboarding_links,14.320643258632852,1,999999,2.0,0,0.0,999999,0.15,4,0,"LINESTRING (139.737233 35.750009, 139.737333 35.750109)",w_bus_only;w_bus_metro;d_bus_only;d_bus_metro,東京都交通局,-1,6.1.617:1;2;3;4;5;6;7;8;9;10;11;12;13;14;15;16;17;18;19;20;21;22;23;24;25;26;27;28;29;30
1001640,1000137,1500516,tram,1,6.1,2,boarding_links,14.320845175966216,1,999999,2.0,0,10.0,999999,0.15,4,0,"LINESTRING (139.73542 35.747283, 139.73532 35.747183)",w_bus_only;w_bus_metro;d_bus_only;d_bus_metro,東京都交通局,-1,6.1.618:1;2;3;4;5;6;7;8;9;10;11
1001641,1500516,1000137,tram,1,6.1,2,deboarding_links,14.320845175966216,1,999999,2.0,0,0.0,999999,0.15,4,0,"LINESTRING (139.73532 35.747183, 139.73542 35.747283)",w_bus_only;w_bus_metro;d_bus_only;d_bus_metro,東京都交通局,-1,6.1.618:1;2;3;4;5;6;7;8;9;10;11
1001642,1000137,1500517,tram,1,6.1,2,boarding_links,14.320845175966216,1,999999,2.0,0,1.1538461538461537,999999,0.15,4,0,"LINESTRING (139.73542 35.747283, 139.73532 35.747183)",w_bus_only;w_bus_metro;d_bus_only;d_bus_metro,東京都交通局,-1,6.1.618:1;2;3;4;5;6;7;8;9;10;11;12;13;14;15;16;17;18;19;20;21;22;23;24;25;26;27;28;29;30
1001643,1500517,1000137,tram,1,6.1,2,deboarding_links,14.320845175966216,1,999999,2.0,0,0.0,999999,0.15,4,0,"LINESTRING (139.73532 35.747183, 139.73542 35.747283)",w_bus_only;w_bus_metro;d_bus_only;d_bus_metro,東京都交通局,-1,6.1.618:1;2;3;4;5;6;7;8;9;10;11;12;13;14;15;16;17;18;19;20;21;22;23;24;25;26;27;28;29;30
1001644,1000138,1500518,tram,1,6.1,2,boarding_links,14.321063873286128,1,999999,2.0,0,10.0,999999,0.15,4,0,"LINESTRING (139.732665 35.744222, 139.732565 35.744122)",w_bus_only;w_bus_metro;d_bus_only;d_bus_metro,東京都交通局,-1,6.1.619:1;2;3;4;5;6;7;8;9;10;11
1001645,1500518,1000138,tram,1,6.1,2,deboarding_links,14.321063873286128,1,999999,2.0,0,0.0,999999,0.15,4,0,"LINESTRING (139.732565 35.744122, 139.732665 35.744222)",w_bus_only;w_bus_metro;d_bus_only;d_bus_metro,東京都交通局,-1,6.1.619:1;2;3;4;5;6;7;8;9;10;11
1001646,1000138,1500519,tram,1,6.1,2,boarding_links,14.321063873286128,1,999999,2.0,0,1.1538461538461537,999999,0.15,4,0,"LINESTRING (139.732665 35.744222, 139.732565 35.744122)",w_bus_only;w_bus_metro;d_bus_only;d_bus_metro,東京都交通局,-1,6.1.619:1;2;3;4;5;6;7;8;9;10;11;12;13;14;15;16;17;18;19;20;21;22;23;24;25;26;27;28;29;30
1001647,1500519,1000138,tram,1,6.1,2,deboarding_links,14.321063873286128,1,999999,2.0,0,0.0,999999,0.15,4,0,"LINESTRING (139.732565 35.744122, 139.732665 35.744222)",w_bus_only;w_bus_metro;d_bus_only;d_bus_metro,東京都交通局,-1,6.1.619:1;2;3;4;5;6;7;8;9;10;11;12;13;14;15;16;17;18;19;20;21;22;23;24;25;26;27;28;29;30
1001648,1000139,1500520,tram,1,6.1,2,boarding_links,14.321289060559055,1,999999,2.0,0,10.0,999999,0.15,4,0,"LINESTRING (139.730344 35.74107, 139.730244 35.74097)",w_bus_only;w_bus_metro;d_bus_only;d_bus_metro,東京都交通局,-1,6.1.620:1;2;3;4;5;6;7;8;9;10;11
1001649,1500520,1000139,tram,1,6.1,2,deboarding_links,14.321289060559055,1,999999,2.0,0,0.0,999999,0.15,4,0,"LINESTRING (139.730244 35.74097, 139.730344 35.74107)",w_bus_only;w_bus_metro;d_bus_only;d_bus_metro,東京都交通局,-1,6.1.620:1;2;3;4;5;6;7;8;9;10;11
1001650,1000139,1500521,tram,1,6.1,2,boarding_links,14.321289060559055,1,999999,2.0,0,1.1538461538461537,999999,0.15,4,0,"LINESTRING (139.730344 35.74107, 139.730244 35.74097)",w_bus_only;w_bus_metro;d_bus_only;d_bus_metro,東京都交通局,-1,6.1.620:1;2;3;4;5;6;7;8;9;10;11;12;13;14;15;16;17;18;19;20;21;22;23;24;25;26;27;28;29;30
1001651,1500521,1000139,tram,1,6.1,2,deboarding_links,14.321289060559055,1,999999,2.0,0,0.0,999999,0.15,4,0,"LINESTRING (139.730244 35.74097, 139.730344 35.74107)",w_bus_only;w_bus_metro;d_bus_only;d_bus_metro,東京都交通局,-1,6.1.620:1;2;3;4;5;6;7;8;9;10;11;12;13;14;15;16;17;18;19;20;21;22;23;24;25;26;27;28;29;30
1001652,1000140,1500522,tram,1,6.1,2,boarding_links,14.32140093536686,1,999999,2.0,0,10.0,999999,0.15,4,0,"LINESTRING (139.729625 35.739504, 139.729525 35.73940399999999)",w_bus_only;w_bus_metro;d_bus_only;d_bus_metro,東京都交通局,-1,6.1.621:1;2;3;4;5;6;7;8;9;10;11
1001653,1500522,1000140,tram,1,6.1,2,deboarding_links,14.32140093536686,1,999999,2.0,0,0.0,999999,0.15,4,0,"LINESTRING (139.729525 35.73940399999999, 139.729625 35.739504)",w_bus_only;w_bus_metro;d_bus_only;d_bus_metro,東京都交通局,-1,6.1.621:1;2;3;4;5;6;7;8;9;10;11
1001654,1000140,1500523,tram,1,6.1,2,boarding_links,14.32140093536686,1,999999,2.0,0,1.1538461538461537,999999,0.15,4,0,"LINESTRING (139.729625 35.739504, 139.729525 35.73940399999999)",w_bus_only;w_bus_metro;d_bus_only;d_bus_metro,東京都交通局,-1,6.1.621:1;2;3;4;5;6;7;8;9;10;11;12;13;14;15;16;17;18;19;20;21;22;23;24;25;26;27;28;29;30
1001655,1500523,1000140,tram,1,6.1,2,deboarding_links,14.32140093536686,1,999999,2.0,0,0.0,999999,0.15,4,0,"LINESTRING (139.729525 35.73940399999999, 139.729625 35.739504)",w_bus_only;w_bus_metro;d_bus_only;d_bus_metro,東京都交通局,-1,6.1.621:1;2;3;4;5;6;7;8;9;10;11;12;13;14;15;16;17;18;19;20;21;22;23;24;25;26;27;28;29;30
1001656,1000141,1500524,tram,1,6.1,2,boarding_links,14.32167396620877,1,999999,2.0,0,10.0,999999,0.15,4,0,"LINESTRING (139.727684 35.735682, 139.727584 35.735581999999994)",w_bus_only;w_bus_metro;d_bus_only;d_bus_metro,東京都交通局,-1,6.1.622:1;2;3;4;5;6;7;8;9;10;11
1001657,1500524,1000141,tram,1,6.1,2,deboarding_links,14.32167396620877,1,999999,2.0,0,0.0,999999,0.15,4,0,"LINESTRING (139.727584 35.735581999999994, 139.727684 35.735682)",w_bus_only;w_bus_metro;d_bus_only;d_bus_metro,東京都交通局,-1,6.1.622:1;2;3;4;5;6;7;8;9;10;11
1001658,1000141,1500525,tram,1,6.1,2,boarding_links,14.32167396620877,1,999999,2.0,0,1.1538461538461537,999999,0.15,4,0,"LINESTRING (139.727684 35.735682, 139.727584 35.735581999999994)",w_bus_only;w_bus_metro;d_bus_only;d_bus_metro,東京都交通局,-1,6.1.622:1;2;3;4;5;6;7;8;9;10;11;12;13;14;15;16;17;18;19;20;21;22;23;24;25;26;27;28;29;30
1001659,1500525,1000141,tram,1,6.1,2,deboarding_links,14.32167396620877,1,999999,2.0,0,0.0,999999,0.15,4,0,"LINESTRING (139.727584 35.735581999999994, 139.727684 35.735682)",w_bus_only;w_bus_metro;d_bus_only;d_bus_metro,東京都交通局,-1,6.1.622:1;2;3;4;5;6;7;8;9;10;11;12;13;14;15;16;17;18;19;20;21;22;23;24;25;26;27;28;29;30
1001660,1000142,1500526,tram,1,6.1,2,boarding_links,14.32199498019903,1,999999,2.0,0,10.0,999999,0.15,4,0,"LINESTRING (139.729098 35.731188, 139.728998 35.731088)",w_bus_only;w_bus_metro;d_bus_only;d_bus_metro,東京都交通局,-1,6.1.623:1;2;3;4;5;6;7;8;9;10;11
1001661,1500526,1000142,tram,1,6.1,2,deboarding_links,14.32199498019903,1,999999,2.0,0,0.0,999999,0.15,4,0,"LINESTRING (139.728998 35.731088, 139.729098 35.731188)",w_bus_only;w_bus_metro;d_bus_only;d_bus_metro,東京都交通局,-1,6.1.623:1;2;3;4;5;6;7;8;9;10;11
1001662,1000142,1500527,tram,1,6.1,2,boarding_links,14.32199498019903,1,999999,2.0,0,1.1538461538461537,999999,0.15,4,0,"LINESTRING (139.729098 35.731188, 139.728998 35.731088)",w_bus_only;w_bus_metro;d_bus_only;d_bus_metro,東京都交通局,-1,6.1.623:1;2;3;4;5;6;7;8;9;10;11;12;13;14;15;16;17;18;19;20;21;22;23;24;25;26;27;28;29;30
1001663,1500527,1000142,tram,1,6.1,2,deboarding_links,14.32199498019903,1,999999,2.0,0,0.0,999999,0.15,4,0,"LINESTRING (139.728998 35.731088, 139.729098 35.731188)",w_bus_only;w_bus_metro;d_bus_only;d_bus_metro,東京都交通局,-1,6.1.623:1;2;3;4;5;6;7;8;9;10;11;12;13;14;15;16;17;18;19;20;21;22;23;24;25;26;27;28;29;30
1001664,1000143,1500528,tram,1,6.1,2,boarding_links,14.322167334918158,1,999999,2.0,0,1.1538461538461537,999999,0.15,4,0,"LINESTRING (139.724759 35.728775, 139.724659 35.728674999999996)",w_bus_only;w_bus_metro;d_bus_only;d_bus_metro,東京都交通局,-1,6.1.624:1;2;3;4;5;6;7;8;9;10;11;12;13;14;15;16;17;18;19;20;21;22;23;24;25;26;27;28;29;30
1001665,1500528,1000143,tram,1,6.1,2,deboarding_links,14.322167334918158,1,999999,2.0,0,0.0,999999,0.15,4,0,"LINESTRING (139.724659 35.728674999999996, 139.724759 35.728775)",w_bus_only;w_bus_metro;d_bus_only;d_bus_metro,東京都交通局,-1,6.1.624:1;2;3;4;5;6;7;8;9;10;11;12;13;14;15;16;17;18;19;20;21;22;23;24;25;26;27;28;29;30
1001666,1000144,1500529,tram,1,6.1,2,boarding_links,14.32240853415331,1,999999,2.0,0,1.1538461538461537,999999,0.15,4,0,"LINESTRING (139.720404 35.725398, 139.720304 35.725297999999995)",w_bus_only;w_bus_metro;d_bus_only;d_bus_metro,東京都交通局,-1,6.1.625:1;2;3;4;5;6;7;8;9;10;11;12;13;14;15;16;17;18;19;20;21;22;23;24;25;26;27;28;29;30
1001667,1500529,1000144,tram,1,6.1,2,deboarding_links,14.32240853415331,1,999999,2.0,0,0.0,999999,0.15,4,0,"LINESTRING (139.720304 35.725297999999995, 139.720404 35.725398)",w_bus_only;w_bus_metro;d_bus_only;d_bus_metro,東京都交通局,-1,6.1.625:1;2;3;4;5;6;7;8;9;10;11;12;13;14;15;16;17;18;19;20;21;22;23;24;25;26;27;28;29;30
1001668,1000145,1500530,tram,1,6.1,2,boarding_links,14.322502596025714,1,999999,2.0,0,1.1538461538461537,999999,0.15,4,0,"LINESTRING (139.717835 35.724081, 139.717735 35.723980999999995)",w_bus_only;w_bus_metro;d_bus_only;d_bus_metro,東京都交通局,-1,6.1.626:1;2;3;4;5;6;7;8;9;10;11;12;13;14;15;16;17;18;19;20;21;22;23;24;25;26;27;28;29;30
1001669,1500530,1000145,tram,1,6.1,2,deboarding_links,14.322502596025714,1,999999,2.0,0,0.0,999999,0.15,4,0,"LINESTRING (139.717735 35.723980999999995, 139.717835 35.724081)",w_bus_only;w_bus_metro;d_bus_only;d_bus_metro,東京都交通局,-1,6.1.626:1;2;3;4;5;6;7;8;9;10;11;12;13;14;15;16;17;18;19;20;21;22;23;24;25;26;27;28;29;30
1001670,1000146,1500531,tram,1,6.1,2,boarding_links,14.32275341757024,1,999999,2.0,0,1.1538461538461537,999999,0.15,4,0,"LINESTRING (139.71516 35.720569, 139.71506 35.720468999999994)",w_bus_only;w_bus_metro;d_bus_only;d_bus_metro,東京都交通局,-1,6.1.627:1;2;3;4;5;6;7;8;9;10;11;12;13;14;15;16;17;18;19;20;21;22;23;24;25;26;27;28;29;30
1001671,1500531,1000146,tram,1,6.1,2,deboarding_links,14.32275341757024,1,999999,2.0,0,0.0,999999,0.15,4,0,"LINESTRING (139.71506 35.720468999999994, 139.71516 35.720569)",w_bus_only;w_bus_metro;d_bus_only;d_bus_metro,東京都交通局,-1,6.1.627:1;2;3;4;5;6;7;8;9;10;11;12;13;14;15;16;17;18;19;20;21;22;23;24;25;26;27;28;29;30
1001672,1000147,1500532,tram,1,6.1,2,boarding_links,14.323054926724991,1,999999,2.0,0,1.1538461538461537,999999,0.15,4,0,"LINESTRING (139.712529 35.716347, 139.712429 35.716246999999996)",w_bus_only;w_bus_metro;d_bus_only;d_bus_metro,東京都交通局,-1,6.1.628:1;2;3;4;5;6;7;8;9;10;11;12;13;14;15;16;17;18;19;20;21;22;23;24;25;26;27;28;29;30
1001673,1500532,1000147,tram,1,6.1,2,deboarding_links,14.323054926724991,1,999999,2.0,0,0.0,999999,0.15,4,0,"LINESTRING (139.712429 35.716246999999996, 139.712529 35.716347)",w_bus_only;w_bus_metro;d_bus_only;d_bus_metro,東京都交通局,-1,6.1.628:1;2;3;4;5;6;7;8;9;10;11;12;13;14;15;16;17;18;19;20;21;22;23;24;25;26;27;28;29;30
1001674,1000148,1500533,tram,1,6.1,2,boarding_links,14.323293076782415,1,999999,2.0,0,1.1538461538461537,999999,0.15,4,0,"LINESTRING (139.714199 35.713012, 139.714099 35.712911999999996)",w_bus_only;w_bus_metro;d_bus_only;d_bus_metro,東京都交通局,-1,6.1.629:1;2;3;4;5;6;7;8;9;10;11;12;13;14;15;16;17;18;19;20;21;22;23;24;25;26;27;28;29;30
1001675,1500533,1000148,tram,1,6.1,2,deboarding_links,14.323293076782415,1,999999,2.0,0,0.0,999999,0.15,4,0,"LINESTRING (139.714099 35.712911999999996, 139.714199 35.713012)",w_bus_only;w_bus_metro;d_bus_only;d_bus_metro,東京都交通局,-1,6.1.629:1;2;3;4;5;6;7;8;9;10;11;12;13;14;15;16;17;18;19;20;21;22;23;24;25;26;27;28;29;30
1001676,1000149,1500534,tram,1,6.1,2,boarding_links,14.323382477814556,1,999999,2.0,0,1.1538461538461537,999999,0.15,4,0,"LINESTRING (139.719003 35.71176, 139.71890299999998 35.711659999999995)",w_bus_only;w_bus_metro;d_bus_only;d_bus_metro,東京都交通局,-1,6.1.630:1;2;3;4;5;6;7;8;9;10;11;12;13;14;15;16;17;18;19;20;21;22;23;24;25;26;27;28;29;30
1001677,1500534,1000149,tram,1,6.1,2,deboarding_links,14.323382477814556,1,999999,2.0,0,0.0,999999,0.15,4,0,"LINESTRING (139.71890299999998 35.711659999999995, 139.719003 35.71176)",w_bus_only;w_bus_metro;d_bus_only;d_bus_metro,東京都交通局,-1,6.1.630:1;2;3;4;5;6;7;8;9;10;11;12;13;14;15;16;17;18;19;20;21;22;23;24;25;26;27;28;29;30
1001678,1000120,1500535,tram,1,6.2,2,boarding_links,14.321922193423305,1,999999,2.0,0,10.0,999999,0.15,4,0,"LINESTRING (139.791509 35.732207, 139.791409 35.732107)",w_bus_only;w_bus_metro;d_bus_only;d_bus_metro,東京都交通局,-1,6.2.601:1;2;3;4;5;6;7;8;9;10;11;12;13;14;15;16;17;18;19;20;21;22;23
1001679,1500535,1000120,tram,1,6.2,2,deboarding_links,14.321922193423305,1,999999,2.0,0,0.0,999999,0.15,4,0,"LINESTRING (139.791409 35.732107, 139.791509 35.732207)",w_bus_only;w_bus_metro;d_bus_only;d_bus_metro,東京都交通局,-1,6.2.601:1;2;3;4;5;6;7;8;9;10;11;12;13;14;15;16;17;18;19;20;21;22;23
1001680,1000120,1500536,tram,1,6.2,2,boarding_links,14.321922193423305,1,999999,2.0,0,1.0714285714285714,999999,0.15,4,0,"LINESTRING (139.791509 35.732207, 139.791409 35.732107)",w_bus_only;w_bus_metro;d_bus_only;d_bus_metro,東京都交通局,-1,6.2.601:1;2;3;4;5;6;7;8;9;10;11;12;13;14;15;16;17;18;19;20;21;22;23;24;25;26;27;28;29;30
1001681,1500536,1000120,tram,1,6.2,2,deboarding_links,14.321922193423305,1,999999,2.0,0,0.0,999999,0.15,4,0,"LINESTRING (139.791409 35.732107, 139.791509 35.732207)",w_bus_only;w_bus_metro;d_bus_only;d_bus_metro,東京都交通局,-1,6.2.601:1;2;3;4;5;6;7;8;9;10;11;12;13;14;15;16;17;18;19;20;21;22;23;24;25;26;27;28;29;30
1001682,1000121,1500537,tram,1,6.2,2,boarding_links,14.321810689396484,1,999999,2.0,0,10.0,999999,0.15,4,0,"LINESTRING (139.788841 35.733768, 139.788741 35.733667999999994)",w_bus_only;w_bus_metro;d_bus_only;d_bus_metro,東京都交通局,-1,6.2.602:1;2;3;4;5;6;7;8;9;10;11;12;13;14;15;16;17;18;19;20;21;22;23
1001683,1500537,1000121,tram,1,6.2,2,deboarding_links,14.321810689396484,1,999999,2.0,0,0.0,999999,0.15,4,0,"LINESTRING (139.788741 35.733667999999994, 139.788841 35.733768)",w_bus_only;w_bus_metro;d_bus_only;d_bus_metro,東京都交通局,-1,6.2.602:1;2;3;4;5;6;7;8;9;10;11;12;13;14;15;16;17;18;19;20;21;22;23
1001684,1000121,1500538,tram,1,6.2,2,boarding_links,14.321810689396484,1,999999,2.0,0,1.0714285714285714,999999,0.15,4,0,"LINESTRING (139.788841 35.733768, 139.788741 35.733667999999994)",w_bus_only;w_bus_metro;d_bus_only;d_bus_metro,東京都交通局,-1,6.2.602:1;2;3;4;5;6;7;8;9;10;11;12;13;14;15;16;17;18;19;20;21;22;23;24;25;26;27;28;29;30
1001685,1500538,1000121,tram,1,6.2,2,deboarding_links,14.321810689396484,1,999999,2.0,0,0.0,999999,0.15,4,0,"LINESTRING (139.788741 35.733667999999994, 139.788841 35.733768)",w_bus_only;w_bus_metro;d_bus_only;d_bus_metro,東京都交通局,-1,6.2.602:1;2;3;4;5;6;7;8;9;10;11;12;13;14;15;16;17;18;19;20;21;22;23;24;25;26;27;28;29;30
1001686,1000122,1500539,tram,1,6.2,2,boarding_links,14.321728898881625,1,999999,2.0,0,10.0,999999,0.15,4,0,"LINESTRING (139.786416 35.734913, 139.786316 35.734812999999995)",w_bus_only;w_bus_metro;d_bus_only;d_bus_metro,東京都交通局,-1,6.2.603:1;2;3;4;5;6;7;8;9;10;11;12;13;14;15;16;17;18;19;20;21;22;23
1001687,1500539,1000122,tram,1,6.2,2,deboarding_links,14.321728898881625,1,999999,2.0,0,0.0,999999,0.15,4,0,"LINESTRING (139.786316 35.734812999999995, 139.786416 35.734913)",w_bus_only;w_bus_metro;d_bus_only;d_bus_metro,東京都交通局,-1,6.2.603:1;2;3;4;5;6;7;8;9;10;11;12;13;14;15;16;17;18;19;20;21;22;23
1001688,1000122,1500540,tram,1,6.2,2,boarding_links,14.321728898881625,1,999999,2.0,0,1.0714285714285714,999999,0.15,4,0,"LINESTRING (139.786416 35.734913, 139.786316 35.734812999999995)",w_bus_only;w_bus_metro;d_bus_only;d_bus_metro,東京都交通局,-1,6.2.603:1;2;3;4;5;6;7;8;9;10;11;12;13;14;15;16;17;18;19;20;21;22;23;24;25;26;27;28;29;30
1001689,1500540,1000122,tram,1,6.2,2,deboarding_links,14.321728898881625,1,999999,2.0,0,0.0,999999,0.15,4,0,"LINESTRING (139.786316 35.734812999999995, 139.786416 35.734913)",w_bus_only;w_bus_metro;d_bus_only;d_bus_metro,東京都交通局,-1,6.2.603:1;2;3;4;5;6;7;8;9;10;11;12;13;14;15;16;17;18;19;20;21;22;23;24;25;26;27;28;29;30
1001690,1000123,1500541,tram,1,6.2,2,boarding_links,14.321467444483595,1,999999,2.0,0,10.0,999999,0.15,4,0,"LINESTRING (139.784704 35.738573, 139.784604 35.738473)",w_bus_only;w_bus_metro;d_bus_only;d_bus_metro,東京都交通局,-1,6.2.604:1;2;3;4;5;6;7;8;9;10;11;12;13;14;15;16;17;18;19;20;21;22;23
1001691,1500541,1000123,tram,1,6.2,2,deboarding_links,14.321467444483595,1,999999,2.0,0,0.0,999999,0.15,4,0,"LINESTRING (139.784604 35.738473, 139.784704 35.738573)",w_bus_only;w_bus_metro;d_bus_only;d_bus_metro,東京都交通局,-1,6.2.604:1;2;3;4;5;6;7;8;9;10;11;12;13;14;15;16;17;18;19;20;21;22;23
1001692,1000123,1500542,tram,1,6.2,2,boarding_links,14.321467444483595,1,999999,2.0,0,1.0714285714285714,999999,0.15,4,0,"LINESTRING (139.784704 35.738573, 139.784604 35.738473)",w_bus_only;w_bus_metro;d_bus_only;d_bus_metro,東京都交通局,-1,6.2.604:1;2;3;4;5;6;7;8;9;10;11;12;13;14;15;16;17;18;19;20;21;22;23;24;25;26;27;28;29;30
1001693,1500542,1000123,tram,1,6.2,2,deboarding_links,14.321467444483595,1,999999,2.0,0,0.0,999999,0.15,4,0,"LINESTRING (139.784604 35.738473, 139.784704 35.738573)",w_bus_only;w_bus_metro;d_bus_only;d_bus_metro,東京都交通局,-1,6.2.604:1;2;3;4;5;6;7;8;9;10;11;12;13;14;15;16;17;18;19;20;21;22;23;24;25;26;27;28;29;30
1001694,1000124,1500543,tram,1,6.2,2,boarding_links,14.321228121136091,1,999999,2.0,0,10.0,999999,0.15,4,0,"LINESTRING (139.78421 35.741923, 139.78411 35.741823)",w_bus_only;w_bus_metro;d_bus_only;d_bus_metro,東京都交通局,-1,6.2.605:1;2;3;4;5;6;7;8;9;10;11;12;13;14;15;16;17;18;19;20;21;22;23
1001695,1500543,1000124,tram,1,6.2,2,deboarding_links,14.321228121136091,1,999999,2.0,0,0.0,999999,0.15,4,0,"LINESTRING (139.78411 35.741823, 139.78421 35.741923)",w_bus_only;w_bus_metro;d_bus_only;d_bus_metro,東京都交通局,-1,6.2.605:1;2;3;4;5;6;7;8;9;10;11;12;13;14;15;16;17;18;19;20;21;22;23
1001696,1000124,1500544,tram,1,6.2,2,boarding_links,14.321228121136091,1,999999,2.0,0,1.0714285714285714,999999,0.15,4,0,"LINESTRING (139.78421 35.741923, 139.78411 35.741823)",w_bus_only;w_bus_metro;d_bus_only;d_bus_metro,東京都交通局,-1,6.2.605:1;2;3;4;5;6;7;8;9;10;11;12;13;14;15;16;17;18;19;20;21;22;23;24;25;26;27;28;29;30
1001697,1500544,1000124,tram,1,6.2,2,deboarding_links,14.321228121136091,1,999999,2.0,0,0.0,999999,0.15,4,0,"LINESTRING (139.78411 35.741823, 139.78421 35.741923)",w_bus_only;w_bus_metro;d_bus_only;d_bus_metro,東京都交通局,-1,6.2.605:1;2;3;4;5;6;7;8;9;10;11;12;13;14;15;16;17;18;19;20;21;22;23;24;25;26;27;28;29;30
1001698,1000125,1500545,tram,1,6.2,2,boarding_links,14.321166680746368,1,999999,2.0,0,10.0,999999,0.15,4,0,"LINESTRING (139.780891 35.742783, 139.780791 35.742683)",w_bus_only;w_bus_metro;d_bus_only;d_bus_metro,東京都交通局,-1,6.2.606:1;2;3;4;5;6;7;8;9;10;11;12;13;14;15;16;17;18;19;20;21;22;23
1001699,1500545,1000125,tram,1,6.2,2,deboarding_links,14.321166680746368,1,999999,2.0,0,0.0,999999,0.15,4,0,"LINESTRING (139.780791 35.742683, 139.780891 35.742783)",w_bus_only;w_bus_metro;d_bus_only;d_bus_metro,東京都交通局,-1,6.2.606:1;2;3;4;5;6;7;8;9;10;11;12;13;14;15;16;17;18;19;20;21;22;23
1001700,1000125,1500546,tram,1,6.2,2,boarding_links,14.321166680746368,1,999999,2.0,0,10.0,999999,0.15,4,0,"LINESTRING (139.780891 35.742783, 139.780791 35.742683)",w_bus_only;w_bus_metro;d_bus_only;d_bus_metro,東京都交通局,-1,6.2.606:1;2;3;4;5;6;7;8;9;10;11;12;13;14;15;16;17;18;19;20;21;22;23;24;25
1001701,1500546,1000125,tram,1,6.2,2,deboarding_links,14.321166680746368,1,999999,2.0,0,0.0,999999,0.15,4,0,"LINESTRING (139.780791 35.742683, 139.780891 35.742783)",w_bus_only;w_bus_metro;d_bus_only;d_bus_metro,東京都交通局,-1,6.2.606:1;2;3;4;5;6;7;8;9;10;11;12;13;14;15;16;17;18;19;20;21;22;23;24;25
1001702,1000125,1500547,tram,1,6.2,2,boarding_links,14.321166680746368,1,999999,2.0,0,1.0714285714285714,999999,0.15,4,0,"LINESTRING (139.780891 35.742783, 139.780791 35.742683)",w_bus_only;w_bus_metro;d_bus_only;d_bus_metro,東京都交通局,-1,6.2.606:1;2;3;4;5;6;7;8;9;10;11;12;13;14;15;16;17;18;19;20;21;22;23;24;25;26;27;28;29;30
1001703,1500547,1000125,tram,1,6.2,2,deboarding_links,14.321166680746368,1,999999,2.0,0,0.0,999999,0.15,4,0,"LINESTRING (139.780791 35.742683, 139.780891 35.742783)",w_bus_only;w_bus_metro;d_bus_only;d_bus_metro,東京都交通局,-1,6.2.606:1;2;3;4;5;6;7;8;9;10;11;12;13;14;15;16;17;18;19;20;21;22;23;24;25;26;27;28;29;30
1001704,1000126,1500548,tram,1,6.2,2,boarding_links,14.321085520927218,1,999999,2.0,0,10.0,999999,0.15,4,0,"LINESTRING (139.776416 35.743919, 139.776316 35.743818999999995)",w_bus_only;w_bus_metro;d_bus_only;d_bus_metro,東京都交通局,-1,6.2.607:1;2;3;4;5;6;7;8;9;10;11;12;13;14;15;16;17;18;19;20;21;22;23
1001705,1500548,1000126,tram,1,6.2,2,deboarding_links,14.321085520927218,1,999999,2.0,0,0.0,999999,0.15,4,0,"LINESTRING (139.776316 35.743818999999995, 139.776416 35.743919)",w_bus_only;w_bus_metro;d_bus_only;d_bus_metro,東京都交通局,-1,6.2.607:1;2;3;4;5;6;7;8;9;10;11;12;13;14;15;16;17;18;19;20;21;22;23
1001706,1000126,1500549,tram,1,6.2,2,boarding_links,14.321085520927218,1,999999,2.0,0,10.0,999999,0.15,4,0,"LINESTRING (139.776416 35.743919, 139.776316 35.743818999999995)",w_bus_only;w_bus_metro;d_bus_only;d_bus_metro,東京都交通局,-1,6.2.607:1;2;3;4;5;6;7;8;9;10;11;12;13;14;15;16;17;18;19;20;21;22;23;24;25
1001707,1500549,1000126,tram,1,6.2,2,deboarding_links,14.321085520927218,1,999999,2.0,0,0.0,999999,0.15,4,0,"LINESTRING (139.776316 35.743818999999995, 139.776416 35.743919)",w_bus_only;w_bus_metro;d_bus_only;d_bus_metro,東京都交通局,-1,6.2.607:1;2;3;4;5;6;7;8;9;10;11;12;13;14;15;16;17;18;19;20;21;22;23;24;25
1001708,1000126,1500550,tram,1,6.2,2,boarding_links,14.321085520927218,1,999999,2.0,0,1.0714285714285714,999999,0.15,4,0,"LINESTRING (139.776416 35.743919, 139.776316 35.743818999999995)",w_bus_only;w_bus_metro;d_bus_only;d_bus_metro,東京都交通局,-1,6.2.607:1;2;3;4;5;6;7;8;9;10;11;12;13;14;15;16;17;18;19;20;21;22;23;24;25;26;27;28;29;30
1001709,1500550,1000126,tram,1,6.2,2,deboarding_links,14.321085520927218,1,999999,2.0,0,0.0,999999,0.15,4,0,"LINESTRING (139.776316 35.743818999999995, 139.776416 35.743919)",w_bus_only;w_bus_metro;d_bus_only;d_bus_metro,東京都交通局,-1,6.2.607:1;2;3;4;5;6;7;8;9;10;11;12;13;14;15;16;17;18;19;20;21;22;23;24;25;26;27;28;29;30
1001710,1000127,1500551,tram,1,6.2,2,boarding_links,14.320963563976973,1,999999,2.0,0,10.0,999999,0.15,4,0,"LINESTRING (139.773867 35.745626, 139.773767 35.745526)",w_bus_only;w_bus_metro;d_bus_only;d_bus_metro,東京都交通局,-1,6.2.608:1;2;3;4;5;6;7;8;9;10;11;12;13;14;15;16;17;18;19;20;21;22;23
1001711,1500551,1000127,tram,1,6.2,2,deboarding_links,14.320963563976973,1,999999,2.0,0,0.0,999999,0.15,4,0,"LINESTRING (139.773767 35.745526, 139.773867 35.745626)",w_bus_only;w_bus_metro;d_bus_only;d_bus_metro,東京都交通局,-1,6.2.608:1;2;3;4;5;6;7;8;9;10;11;12;13;14;15;16;17;18;19;20;21;22;23
1001712,1000127,1500552,tram,1,6.2,2,boarding_links,14.320963563976973,1,999999,2.0,0,10.0,999999,0.15,4,0,"LINESTRING (139.773867 35.745626, 139.773767 35.745526)",w_bus_only;w_bus_metro;d_bus_only;d_bus_metro,東京都交通局,-1,6.2.608:1;2;3;4;5;6;7;8;9;10;11;12;13;14;15;16;17;18;19;20;21;22;23;24;25
1001713,1500552,1000127,tram,1,6.2,2,deboarding_links,14.320963563976973,1,999999,2.0,0,0.0,999999,0.15,4,0,"LINESTRING (139.773767 35.745526, 139.773867 35.745626)",w_bus_only;w_bus_metro;d_bus_only;d_bus_metro,東京都交通局,-1,6.2.608:1;2;3;4;5;6;7;8;9;10;11;12;13;14;15;16;17;18;19;20;21;22;23;24;25
1001714,1000127,1500553,tram,1,6.2,2,boarding_links,14.320963563976973,1,999999,2.0,0,1.0714285714285714,999999,0.15,4,0,"LINESTRING (139.773867 35.745626, 139.773767 35.745526)",w_bus_only;w_bus_metro;d_bus_only;d_bus_metro,東京都交通局,-1,6.2.608:1;2;3;4;5;6;7;8;9;10;11;12;13;14;15;16;17;18;19;20;21;22;23;24;25;26;27;28;29;30
1001715,1500553,1000127,tram,1,6.2,2,deboarding_links,14.320963563976973,1,999999,2.0,0,0.0,999999,0.15,4,0,"LINESTRING (139.773767 35.745526, 139.773867 35.745626)",w_bus_only;w_bus_metro;d_bus_only;d_bus_metro,東京都交通局,-1,6.2.608:1;2;3;4;5;6;7;8;9;10;11;12;13;14;15;16;17;18;19;20;21;22;23;24;25;26;27;28;29;30
1001716,1000128,1500554,tram,1,6.2,2,boarding_links,14.320759151485484,1,999999,2.0,0,10.0,999999,0.15,4,0,"LINESTRING (139.769859 35.748487, 139.769759 35.748386999999994)",w_bus_only;w_bus_metro;d_bus_only;d_bus_metro,東京都交通局,-1,6.2.609:1;2;3;4;5;6;7;8;9;10;11;12;13;14;15;16;17;18;19;20;21;22;23
1001717,1500554,1000128,tram,1,6.2,2,deboarding_links,14.320759151485484,1,999999,2.0,0,0.0,999999,0.15,4,0,"LINESTRING (139.769759 35.748386999999994, 139.769859 35.748487)",w_bus_only;w_bus_metro;d_bus_only;d_bus_metro,東京都交通局,-1,6.2.609:1;2;3;4;5;6;7;8;9;10;11;12;13;14;15;16;17;18;19;20;21;22;23
1001718,1000128,1500555,tram,1,6.2,2,boarding_links,14.320759151485484,1,999999,2.0,0,10.0,999999,0.15,4,0,"LINESTRING (139.769859 35.748487, 139.769759 35.748386999999994)",w_bus_only;w_bus_metro;d_bus_only;d_bus_metro,東京都交通局,-1,6.2.609:1;2;3;4;5;6;7;8;9;10;11;12;13;14;15;16;17;18;19;20;21;22;23;24;25
1001719,1500555,1000128,tram,1,6.2,2,deboarding_links,14.320759151485484,1,999999,2.0,0,0.0,999999,0.15,4,0,"LINESTRING (139.769759 35.748386999999994, 139.769859 35.748487)",w_bus_only;w_bus_metro;d_bus_only;d_bus_metro,東京都交通局,-1,6.2.609:1;2;3;4;5;6;7;8;9;10;11;12;13;14;15;16;17;18;19;20;21;22;23;24;25
1001720,1000128,1500556,tram,1,6.2,2,boarding_links,14.320759151485484,1,999999,2.0,0,1.0714285714285714,999999,0.15,4,0,"LINESTRING (139.769859 35.748487, 139.769759 35.748386999999994)",w_bus_only;w_bus_metro;d_bus_only;d_bus_metro,東京都交通局,-1,6.2.609:1;2;3;4;5;6;7;8;9;10;11;12;13;14;15;16;17;18;19;20;21;22;23;24;25;26;27;28;29;30
1001721,1500556,1000128,tram,1,6.2,2,deboarding_links,14.320759151485484,1,999999,2.0,0,0.0,999999,0.15,4,0,"LINESTRING (139.769759 35.748386999999994, 139.769859 35.748487)",w_bus_only;w_bus_metro;d_bus_only;d_bus_metro,東京都交通局,-1,6.2.609:1;2;3;4;5;6;7;8;9;10;11;12;13;14;15;16;17;18;19;20;21;22;23;24;25;26;27;28;29;30
1001722,1000129,1500557,tram,1,6.2,2,boarding_links,14.320664551142844,1,999999,2.0,0,10.0,999999,0.15,4,0,"LINESTRING (139.76619 35.749811, 139.76609 35.749711)",w_bus_only;w_bus_metro;d_bus_only;d_bus_metro,東京都交通局,-1,6.2.610:1;2;3;4;5;6;7;8;9;10;11;12;13;14;15;16;17;18;19;20;21;22;23
1001723,1500557,1000129,tram,1,6.2,2,deboarding_links,14.320664551142844,1,999999,2.0,0,0.0,999999,0.15,4,0,"LINESTRING (139.76609 35.749711, 139.76619 35.749811)",w_bus_only;w_bus_metro;d_bus_only;d_bus_metro,東京都交通局,-1,6.2.610:1;2;3;4;5;6;7;8;9;10;11;12;13;14;15;16;17;18;19;20;21;22;23
1001724,1000129,1500558,tram,1,6.2,2,boarding_links,14.320664551142844,1,999999,2.0,0,10.0,999999,0.15,4,0,"LINESTRING (139.76619 35.749811, 139.76609 35.749711)",w_bus_only;w_bus_metro;d_bus_only;d_bus_metro,東京都交通局,-1,6.2.610:1;2;3;4;5;6;7;8;9;10;11;12;13;14;15;16;17;18;19;20;21;22;23;24;25
1001725,1500558,1000129,tram,1,6.2,2,deboarding_links,14.320664551142844,1,999999,2.0,0,0.0,999999,0.15,4,0,"LINESTRING (139.76609 35.749711, 139.76619 35.749811)",w_bus_only;w_bus_metro;d_bus_only;d_bus_metro,東京都交通局,-1,6.2.610:1;2;3;4;5;6;7;8;9;10;11;12;13;14;15;16;17;18;19;20;21;22;23;24;25
1001726,1000129,1500559,tram,1,6.2,2,boarding_links,14.320664551142844,1,999999,2.0,0,1.0714285714285714,999999,0.15,4,0,"LINESTRING (139.76619 35.749811, 139.76609 35.749711)",w_bus_only;w_bus_metro;d_bus_only;d_bus_metro,東京都交通局,-1,6.2.610:1;2;3;4;5;6;7;8;9;10;11;12;13;14;15;16;17;18;19;20;21;22;23;24;25;26;27;28;29;30
1001727,1500559,1000129,tram,1,6.2,2,deboarding_links,14.320664551142844,1,999999,2.0,0,0.0,999999,0.15,4,0,"LINESTRING (139.76609 35.749711, 139.76619 35.749811)",w_bus_only;w_bus_metro;d_bus_only;d_bus_metro,東京都交通局,-1,6.2.610:1;2;3;4;5;6;7;8;9;10;11;12;13;14;15;16;17;18;19;20;21;22;23;24;25;26;27;28;29;30
1001728,1000130,1500560,tram,1,6.2,2,boarding_links,14.320616964380607,1,999999,2.0,0,10.0,999999,0.15,4,0,"LINESTRING (139.761739 35.750477, 139.761639 35.75037699999999)",w_bus_only;w_bus_metro;d_bus_only;d_bus_metro,東京都交通局,-1,6.2.611:1;2;3;4;5;6;7;8;9;10;11;12;13;14;15;16;17;18;19;20;21;22;23
1001729,1500560,1000130,tram,1,6.2,2,deboarding_links,14.320616964380607,1,999999,2.0,0,0.0,999999,0.15,4,0,"LINESTRING (139.761639 35.75037699999999, 139.761739 35.750477)",w_bus_only;w_bus_metro;d_bus_only;d_bus_metro,東京都交通局,-1,6.2.611:1;2;3;4;5;6;7;8;9;10;11;12;13;14;15;16;17;18;19;20;21;22;23
1001730,1000130,1500561,tram,1,6.2,2,boarding_links,14.320616964380607,1,999999,2.0,0,10.0,999999,0.15,4,0,"LINESTRING (139.761739 35.750477, 139.761639 35.75037699999999)",w_bus_only;w_bus_metro;d_bus_only;d_bus_metro,東京都交通局,-1,6.2.611:1;2;3;4;5;6;7;8;9;10;11;12;13;14;15;16;17;18;19;20;21;22;23;24;25
1001731,1500561,1000130,tram,1,6.2,2,deboarding_links,14.320616964380607,1,999999,2.0,0,0.0,999999,0.15,4,0,"LINESTRING (139.761639 35.75037699999999, 139.761739 35.750477)",w_bus_only;w_bus_metro;d_bus_only;d_bus_metro,東京都交通局,-1,6.2.611:1;2;3;4;5;6;7;8;9;10;11;12;13;14;15;16;17;18;19;20;21;22;23;24;25
1001732,1000130,1500562,tram,1,6.2,2,boarding_links,14.320616964380607,1,999999,2.0,0,1.0714285714285714,999999,0.15,4,0,"LINESTRING (139.761739 35.750477, 139.761639 35.75037699999999)",w_bus_only;w_bus_metro;d_bus_only;d_bus_metro,東京都交通局,-1,6.2.611:1;2;3;4;5;6;7;8;9;10;11;12;13;14;15;16;17;18;19;20;21;22;23;24;25;26;27;28;29;30
1001733,1500562,1000130,tram,1,6.2,2,deboarding_links,14.320616964380607,1,999999,2.0,0,0.0,999999,0.15,4,0,"LINESTRING (139.761639 35.75037699999999, 139.761739 35.750477)",w_bus_only;w_bus_metro;d_bus_only;d_bus_metro,東京都交通局,-1,6.2.611:1;2;3;4;5;6;7;8;9;10;11;12;13;14;15;16;17;18;19;20;21;22;23;24;25;26;27;28;29;30
1001734,1000131,1500563,tram,1,6.2,2,boarding_links,14.320604888977025,1,999999,2.0,0,10.0,999999,0.15,4,0,"LINESTRING (139.757517 35.750646, 139.757417 35.750546)",w_bus_only;w_bus_metro;d_bus_only;d_bus_metro,東京都交通局,-1,6.2.612:1;2;3;4;5;6;7;8;9;10;11;12;13;14;15;16;17;18;19;20;21;22;23
1001735,1500563,1000131,tram,1,6.2,2,deboarding_links,14.320604888977025,1,999999,2.0,0,0.0,999999,0.15,4,0,"LINESTRING (139.757417 35.750546, 139.757517 35.750646)",w_bus_only;w_bus_metro;d_bus_only;d_bus_metro,東京都交通局,-1,6.2.612:1;2;3;4;5;6;7;8;9;10;11;12;13;14;15;16;17;18;19;20;21;22;23
1001736,1000131,1500564,tram,1,6.2,2,boarding_links,14.320604888977025,1,999999,2.0,0,10.0,999999,0.15,4,0,"LINESTRING (139.757517 35.750646, 139.757417 35.750546)",w_bus_only;w_bus_metro;d_bus_only;d_bus_metro,東京都交通局,-1,6.2.612:1;2;3;4;5;6;7;8;9;10;11;12;13;14;15;16;17;18;19;20;21;22;23;24;25
1001737,1500564,1000131,tram,1,6.2,2,deboarding_links,14.320604888977025,1,999999,2.0,0,0.0,999999,0.15,4,0,"LINESTRING (139.757417 35.750546, 139.757517 35.750646)",w_bus_only;w_bus_metro;d_bus_only;d_bus_metro,東京都交通局,-1,6.2.612:1;2;3;4;5;6;7;8;9;10;11;12;13;14;15;16;17;18;19;20;21;22;23;24;25
1001738,1000131,1500565,tram,1,6.2,2,boarding_links,14.320604888977025,1,999999,2.0,0,1.0714285714285714,999999,0.15,4,0,"LINESTRING (139.757517 35.750646, 139.757417 35.750546)",w_bus_only;w_bus_metro;d_bus_only;d_bus_metro,東京都交通局,-1,6.2.612:1;2;3;4;5;6;7;8;9;10;11;12;13;14;15;16;17;18;19;20;21;22;23;24;25;26;27;28;29;30
1001739,1500565,1000131,tram,1,6.2,2,deboarding_links,14.320604888977025,1,999999,2.0,0,0.0,999999,0.15,4,0,"LINESTRING (139.757417 35.750546, 139.757517 35.750646)",w_bus_only;w_bus_metro;d_bus_only;d_bus_metro,東京都交通局,-1,6.2.612:1;2;3;4;5;6;7;8;9;10;11;12;13;14;15;16;17;18;19;20;21;22;23;24;25;26;27;28;29;30
1001740,1000132,1500566,tram,1,6.2,2,boarding_links,14.320589240918233,1,999999,2.0,0,5.0,999999,0.15,4,0,"LINESTRING (139.752461 35.750865, 139.752361 35.750764999999994)",w_bus_only;w_bus_metro;d_bus_only;d_bus_metro,東京都交通局,-1,6.2.613:1;2;3;4
1001741,1500566,1000132,tram,1,6.2,2,deboarding_links,14.320589240918233,1,999999,2.0,0,0.0,999999,0.15,4,0,"LINESTRING (139.752361 35.750764999999994, 139.752461 35.750865)",w_bus_only;w_bus_metro;d_bus_only;d_bus_metro,東京都交通局,-1,6.2.613:1;2;3;4
1001742,1000132,1500567,tram,1,6.2,2,boarding_links,14.320589240918233,1,999999,2.0,0,10.0,999999,0.15,4,0,"LINESTRING (139.752461 35.750865, 139.752361 35.750764999999994)",w_bus_only;w_bus_metro;d_bus_only;d_bus_metro,東京都交通局,-1,6.2.613:1;2;3;4;5;6;7;8;9;10;11
1001743,1500567,1000132,tram,1,6.2,2,deboarding_links,14.320589240918233,1,999999,2.0,0,0.0,999999,0.15,4,0,"LINESTRING (139.752361 35.750764999999994, 139.752461 35.750865)",w_bus_only;w_bus_metro;d_bus_only;d_bus_metro,東京都交通局,-1,6.2.613:1;2;3;4;5;6;7;8;9;10;11
1001744,1000132,1500568,tram,1,6.2,2,boarding_links,14.320589240918233,1,999999,2.0,0,10.0,999999,0.15,4,0,"LINESTRING (139.752461 35.750865, 139.752361 35.750764999999994)",w_bus_only;w_bus_metro;d_bus_only;d_bus_metro,東京都交通局,-1,6.2.613:1;2;3;4;5;6;7;8;9;10;11;12;13;14;15;16;17;18
1001745,1500568,1000132,tram,1,6.2,2,deboarding_links,14.320589240918233,1,999999,2.0,0,0.0,999999,0.15,4,0,"LINESTRING (139.752361 35.750764999999994, 139.752461 35.750865)",w_bus_only;w_bus_metro;d_bus_only;d_bus_metro,東京都交通局,-1,6.2.613:1;2;3;4;5;6;7;8;9;10;11;12;13;14;15;16;17;18
1001746,1000132,1500569,tram,1,6.2,2,boarding_links,14.320589240918233,1,999999,2.0,0,10.0,999999,0.15,4,0,"LINESTRING (139.752461 35.750865, 139.752361 35.750764999999994)",w_bus_only;w_bus_metro;d_bus_only;d_bus_metro,東京都交通局,-1,6.2.613:1;2;3;4;5;6;7;8;9;10;11;12;13;14;15;16;17;18;19;20;21;22;23
1001747,1500569,1000132,tram,1,6.2,2,deboarding_links,14.320589240918233,1,999999,2.0,0,0.0,999999,0.15,4,0,"LINESTRING (139.752361 35.750764999999994, 139.752461 35.750865)",w_bus_only;w_bus_metro;d_bus_only;d_bus_metro,東京都交通局,-1,6.2.613:1;2;3;4;5;6;7;8;9;10;11;12;13;14;15;16;17;18;19;20;21;22;23
1001748,1000132,1500570,tram,1,6.2,2,boarding_links,14.320589240918233,1,999999,2.0,0,10.0,999999,0.15,4,0,"LINESTRING (139.752461 35.750865, 139.752361 35.750764999999994)",w_bus_only;w_bus_metro;d_bus_only;d_bus_metro,東京都交通局,-1,6.2.613:1;2;3;4;5;6;7;8;9;10;11;12;13;14;15;16;17;18;19;20;21;22;23;24;25
1001749,1500570,1000132,tram,1,6.2,2,deboarding_links,14.320589240918233,1,999999,2.0,0,0.0,999999,0.15,4,0,"LINESTRING (139.752361 35.750764999999994, 139.752461 35.750865)",w_bus_only;w_bus_metro;d_bus_only;d_bus_metro,東京都交通局,-1,6.2.613:1;2;3;4;5;6;7;8;9;10;11;12;13;14;15;16;17;18;19;20;21;22;23;24;25
1001750,1000132,1500571,tram,1,6.2,2,boarding_links,14.320589240918233,1,999999,2.0,0,1.0714285714285714,999999,0.15,4,0,"LINESTRING (139.752461 35.750865, 139.752361 35.750764999999994)",w_bus_only;w_bus_metro;d_bus_only;d_bus_metro,東京都交通局,-1,6.2.613:1;2;3;4;5;6;7;8;9;10;11;12;13;14;15;16;17;18;19;20;21;22;23;24;25;26;27;28;29;30
1001751,1500571,1000132,tram,1,6.2,2,deboarding_links,14.320589240918233,1,999999,2.0,0,0.0,999999,0.15,4,0,"LINESTRING (139.752361 35.750764999999994, 139.752461 35.750865)",w_bus_only;w_bus_metro;d_bus_only;d_bus_metro,東京都交通局,-1,6.2.613:1;2;3;4;5;6;7;8;9;10;11;12;13;14;15;16;17;18;19;20;21;22;23;24;25;26;27;28;29;30
1001752,1000133,1500572,tram,1,6.2,2,boarding_links,14.320574593140211,1,999999,2.0,0,5.0,999999,0.15,4,0,"LINESTRING (139.747268 35.75107, 139.747168 35.750969999999995)",w_bus_only;w_bus_metro;d_bus_only;d_bus_metro,東京都交通局,-1,6.2.614:1;2;3;4
1001753,1500572,1000133,tram,1,6.2,2,deboarding_links,14.320574593140211,1,999999,2.0,0,0.0,999999,0.15,4,0,"LINESTRING (139.747168 35.750969999999995, 139.747268 35.75107)",w_bus_only;w_bus_metro;d_bus_only;d_bus_metro,東京都交通局,-1,6.2.614:1;2;3;4
1001754,1000133,1500573,tram,1,6.2,2,boarding_links,14.320574593140211,1,999999,2.0,0,10.0,999999,0.15,4,0,"LINESTRING (139.747268 35.75107, 139.747168 35.750969999999995)",w_bus_only;w_bus_metro;d_bus_only;d_bus_metro,東京都交通局,-1,6.2.614:1;2;3;4;5;6;7;8;9;10;11
1001755,1500573,1000133,tram,1,6.2,2,deboarding_links,14.320574593140211,1,999999,2.0,0,0.0,999999,0.15,4,0,"LINESTRING (139.747168 35.750969999999995, 139.747268 35.75107)",w_bus_only;w_bus_metro;d_bus_only;d_bus_metro,東京都交通局,-1,6.2.614:1;2;3;4;5;6;7;8;9;10;11
1001756,1000133,1500574,tram,1,6.2,2,boarding_links,14.320574593140211,1,999999,2.0,0,10.0,999999,0.15,4,0,"LINESTRING (139.747268 35.75107, 139.747168 35.750969999999995)",w_bus_only;w_bus_metro;d_bus_only;d_bus_metro,東京都交通局,-1,6.2.614:1;2;3;4;5;6;7;8;9;10;11;12;13;14;15;16;17;18
1001757,1500574,1000133,tram,1,6.2,2,deboarding_links,14.320574593140211,1,999999,2.0,0,0.0,999999,0.15,4,0,"LINESTRING (139.747168 35.750969999999995, 139.747268 35.75107)",w_bus_only;w_bus_metro;d_bus_only;d_bus_metro,東京都交通局,-1,6.2.614:1;2;3;4;5;6;7;8;9;10;11;12;13;14;15;16;17;18
1001758,1000133,1500575,tram,1,6.2,2,boarding_links,14.320574593140211,1,999999,2.0,0,10.0,999999,0.15,4,0,"LINESTRING (139.747268 35.75107, 139.747168 35.750969999999995)",w_bus_only;w_bus_metro;d_bus_only;d_bus_metro,東京都交通局,-1,6.2.614:1;2;3;4;5;6;7;8;9;10;11;12;13;14;15;16;17;18;19;20;21;22;23
1001759,1500575,1000133,tram,1,6.2,2,deboarding_links,14.320574593140211,1,999999,2.0,0,0.0,999999,0.15,4,0,"LINESTRING (139.747168 35.750969999999995, 139.747268 35.75107)",w_bus_only;w_bus_metro;d_bus_only;d_bus_metro,東京都交通局,-1,6.2.614:1;2;3;4;5;6;7;8;9;10;11;12;13;14;15;16;17;18;19;20;21;22;23
1001760,1000133,1500576,tram,1,6.2,2,boarding_links,14.320574593140211,1,999999,2.0,0,10.0,999999,0.15,4,0,"LINESTRING (139.747268 35.75107, 139.747168 35.750969999999995)",w_bus_only;w_bus_metro;d_bus_only;d_bus_metro,東京都交通局,-1,6.2.614:1;2;3;4;5;6;7;8;9;10;11;12;13;14;15;16;17;18;19;20;21;22;23;24;25
1001761,1500576,1000133,tram,1,6.2,2,deboarding_links,14.320574593140211,1,999999,2.0,0,0.0,999999,0.15,4,0,"LINESTRING (139.747168 35.750969999999995, 139.747268 35.75107)",w_bus_only;w_bus_metro;d_bus_only;d_bus_metro,東京都交通局,-1,6.2.614:1;2;3;4;5;6;7;8;9;10;11;12;13;14;15;16;17;18;19;20;21;22;23;24;25
1001762,1000133,1500577,tram,1,6.2,2,boarding_links,14.320574593140211,1,999999,2.0,0,1.0714285714285714,999999,0.15,4,0,"LINESTRING (139.747268 35.75107, 139.747168 35.750969999999995)",w_bus_only;w_bus_metro;d_bus_only;d_bus_metro,東京都交通局,-1,6.2.614:1;2;3;4;5;6;7;8;9;10;11;12;13;14;15;16;17;18;19;20;21;22;23;24;25;26;27;28;29;30
1001763,1500577,1000133,tram,1,6.2,2,deboarding_links,14.320574593140211,1,999999,2.0,0,0.0,999999,0.15,4,0,"LINESTRING (139.747168 35.750969999999995, 139.747268 35.75107)",w_bus_only;w_bus_metro;d_bus_only;d_bus_metro,東京都交通局,-1,6.2.614:1;2;3;4;5;6;7;8;9;10;11;12;13;14;15;16;17;18;19;20;21;22;23;24;25;26;27;28;29;30
1001764,1000134,1500578,tram,1,6.2,2,boarding_links,14.320589240918233,1,999999,2.0,0,5.0,999999,0.15,4,0,"LINESTRING (139.742186 35.750865, 139.742086 35.750764999999994)",w_bus_only;w_bus_metro;d_bus_only;d_bus_metro,東京都交通局,-1,6.2.615:1;2;3;4
1001765,1500578,1000134,tram,1,6.2,2,deboarding_links,14.320589240918233,1,999999,2.0,0,0.0,999999,0.15,4,0,"LINESTRING (139.742086 35.750764999999994, 139.742186 35.750865)",w_bus_only;w_bus_metro;d_bus_only;d_bus_metro,東京都交通局,-1,6.2.615:1;2;3;4
1001766,1000134,1500579,tram,1,6.2,2,boarding_links,14.320589240918233,1,999999,2.0,0,10.0,999999,0.15,4,0,"LINESTRING (139.742186 35.750865, 139.742086 35.750764999999994)",w_bus_only;w_bus_metro;d_bus_only;d_bus_metro,東京都交通局,-1,6.2.615:1;2;3;4;5;6;7;8;9;10;11
1001767,1500579,1000134,tram,1,6.2,2,deboarding_links,14.320589240918233,1,999999,2.0,0,0.0,999999,0.15,4,0,"LINESTRING (139.742086 35.750764999999994, 139.742186 35.750865)",w_bus_only;w_bus_metro;d_bus_only;d_bus_metro,東京都交通局,-1,6.2.615:1;2;3;4;5;6;7;8;9;10;11
1001768,1000134,1500580,tram,1,6.2,2,boarding_links,14.320589240918233,1,999999,2.0,0,10.0,999999,0.15,4,0,"LINESTRING (139.742186 35.750865, 139.742086 35.750764999999994)",w_bus_only;w_bus_metro;d_bus_only;d_bus_metro,東京都交通局,-1,6.2.615:1;2;3;4;5;6;7;8;9;10;11;12;13;14;15;16;17;18
1001769,1500580,1000134,tram,1,6.2,2,deboarding_links,14.320589240918233,1,999999,2.0,0,0.0,999999,0.15,4,0,"LINESTRING (139.742086 35.750764999999994, 139.742186 35.750865)",w_bus_only;w_bus_metro;d_bus_only;d_bus_metro,東京都交通局,-1,6.2.615:1;2;3;4;5;6;7;8;9;10;11;12;13;14;15;16;17;18
1001770,1000134,1500581,tram,1,6.2,2,boarding_links,14.320589240918233,1,999999,2.0,0,10.0,999999,0.15,4,0,"LINESTRING (139.742186 35.750865, 139.742086 35.750764999999994)",w_bus_only;w_bus_metro;d_bus_only;d_bus_metro,東京都交通局,-1,6.2.615:1;2;3;4;5;6;7;8;9;10;11;12;13;14;15;16;17;18;19;20;21;22;23
1001771,1500581,1000134,tram,1,6.2,2,deboarding_links,14.320589240918233,1,999999,2.0,0,0.0,999999,0.15,4,0,"LINESTRING (139.742086 35.750764999999994, 139.742186 35.750865)",w_bus_only;w_bus_metro;d_bus_only;d_bus_metro,東京都交通局,-1,6.2.615:1;2;3;4;5;6;7;8;9;10;11;12;13;14;15;16;17;18;19;20;21;22;23
1001772,1000134,1500582,tram,1,6.2,2,boarding_links,14.320589240918233,1,999999,2.0,0,10.0,999999,0.15,4,0,"LINESTRING (139.742186 35.750865, 139.742086 35.750764999999994)",w_bus_only;w_bus_metro;d_bus_only;d_bus_metro,東京都交通局,-1,6.2.615:1;2;3;4;5;6;7;8;9;10;11;12;13;14;15;16;17;18;19;20;21;22;23;24;25
1001773,1500582,1000134,tram,1,6.2,2,deboarding_links,14.320589240918233,1,999999,2.0,0,0.0,999999,0.15,4,0,"LINESTRING (139.742086 35.750764999999994, 139.742186 35.750865)",w_bus_only;w_bus_metro;d_bus_only;d_bus_metro,東京都交通局,-1,6.2.615:1;2;3;4;5;6;7;8;9;10;11;12;13;14;15;16;17;18;19;20;21;22;23;24;25
1001774,1000134,1500583,tram,1,6.2,2,boarding_links,14.320589240918233,1,999999,2.0,0,1.0714285714285714,999999,0.15,4,0,"LINESTRING (139.742186 35.750865, 139.742086 35.750764999999994)",w_bus_only;w_bus_metro;d_bus_only;d_bus_metro,東京都交通局,-1,6.2.615:1;2;3;4;5;6;7;8;9;10;11;12;13;14;15;16;17;18;19;20;21;22;23;24;25;26;27;28;29;30
1001775,1500583,1000134,tram,1,6.2,2,deboarding_links,14.320589240918233,1,999999,2.0,0,0.0,999999,0.15,4,0,"LINESTRING (139.742086 35.750764999999994, 139.742186 35.750865)",w_bus_only;w_bus_metro;d_bus_only;d_bus_metro,東京都交通局,-1,6.2.615:1;2;3;4;5;6;7;8;9;10;11;12;13;14;15;16;17;18;19;20;21;22;23;24;25;26;27;28;29;30
1001776,1000135,1500584,tram,1,6.2,2,boarding_links,14.32043797340518,1,999999,2.0,0,5.0,999999,0.15,4,0,"LINESTRING (139.738045 35.752982, 139.737945 35.752882)",w_bus_only;w_bus_metro;d_bus_only;d_bus_metro,東京都交通局,-1,6.2.616:1;2;3;4
1001777,1500584,1000135,tram,1,6.2,2,deboarding_links,14.32043797340518,1,999999,2.0,0,0.0,999999,0.15,4,0,"LINESTRING (139.737945 35.752882, 139.738045 35.752982)",w_bus_only;w_bus_metro;d_bus_only;d_bus_metro,東京都交通局,-1,6.2.616:1;2;3;4
1001778,1000135,1500585,tram,1,6.2,2,boarding_links,14.32043797340518,1,999999,2.0,0,10.0,999999,0.15,4,0,"LINESTRING (139.738045 35.752982, 139.737945 35.752882)",w_bus_only;w_bus_metro;d_bus_only;d_bus_metro,東京都交通局,-1,6.2.616:1;2;3;4;5;6;7;8;9;10;11
1001779,1500585,1000135,tram,1,6.2,2,deboarding_links,14.32043797340518,1,999999,2.0,0,0.0,999999,0.15,4,0,"LINESTRING (139.737945 35.752882, 139.738045 35.752982)",w_bus_only;w_bus_metro;d_bus_only;d_bus_metro,東京都交通局,-1,6.2.616:1;2;3;4;5;6;7;8;9;10;11
1001780,1000135,1500586,tram,1,6.2,2,boarding_links,14.32043797340518,1,999999,2.0,0,10.0,999999,0.15,4,0,"LINESTRING (139.738045 35.752982, 139.737945 35.752882)",w_bus_only;w_bus_metro;d_bus_only;d_bus_metro,東京都交通局,-1,6.2.616:1;2;3;4;5;6;7;8;9;10;11;12;13;14;15;16;17;18
1001781,1500586,1000135,tram,1,6.2,2,deboarding_links,14.32043797340518,1,999999,2.0,0,0.0,999999,0.15,4,0,"LINESTRING (139.737945 35.752882, 139.738045 35.752982)",w_bus_only;w_bus_metro;d_bus_only;d_bus_metro,東京都交通局,-1,6.2.616:1;2;3;4;5;6;7;8;9;10;11;12;13;14;15;16;17;18
1001782,1000135,1500587,tram,1,6.2,2,boarding_links,14.32043797340518,1,999999,2.0,0,10.0,999999,0.15,4,0,"LINESTRING (139.738045 35.752982, 139.737945 35.752882)",w_bus_only;w_bus_metro;d_bus_only;d_bus_metro,東京都交通局,-1,6.2.616:1;2;3;4;5;6;7;8;9;10;11;12;13;14;15;16;17;18;19;20;21;22;23
1001783,1500587,1000135,tram,1,6.2,2,deboarding_links,14.32043797340518,1,999999,2.0,0,0.0,999999,0.15,4,0,"LINESTRING (139.737945 35.752882, 139.738045 35.752982)",w_bus_only;w_bus_metro;d_bus_only;d_bus_metro,東京都交通局,-1,6.2.616:1;2;3;4;5;6;7;8;9;10;11;12;13;14;15;16;17;18;19;20;21;22;23
1001784,1000135,1500588,tram,1,6.2,2,boarding_links,14.32043797340518,1,999999,2.0,0,10.0,999999,0.15,4,0,"LINESTRING (139.738045 35.752982, 139.737945 35.752882)",w_bus_only;w_bus_metro;d_bus_only;d_bus_metro,東京都交通局,-1,6.2.616:1;2;3;4;5;6;7;8;9;10;11;12;13;14;15;16;17;18;19;20;21;22;23;24;25
1001785,1500588,1000135,tram,1,6.2,2,deboarding_links,14.32043797340518,1,999999,2.0,0,0.0,999999,0.15,4,0,"LINESTRING (139.737945 35.752882, 139.738045 35.752982)",w_bus_only;w_bus_metro;d_bus_only;d_bus_metro,東京都交通局,-1,6.2.616:1;2;3;4;5;6;7;8;9;10;11;12;13;14;15;16;17;18;19;20;21;22;23;24;25
1001786,1000135,1500589,tram,1,6.2,2,boarding_links,14.32043797340518,1,999999,2.0,0,1.0714285714285714,999999,0.15,4,0,"LINESTRING (139.738045 35.752982, 139.737945 35.752882)",w_bus_only;w_bus_metro;d_bus_only;d_bus_metro,東京都交通局,-1,6.2.616:1;2;3;4;5;6;7;8;9;10;11;12;13;14;15;16;17;18;19;20;21;22;23;24;25;26;27;28;29;30
1001787,1500589,1000135,tram,1,6.2,2,deboarding_links,14.32043797340518,1,999999,2.0,0,0.0,999999,0.15,4,0,"LINESTRING (139.737945 35.752882, 139.738045 35.752982)",w_bus_only;w_bus_metro;d_bus_only;d_bus_metro,東京都交通局,-1,6.2.616:1;2;3;4;5;6;7;8;9;10;11;12;13;14;15;16;17;18;19;20;21;22;23;24;25;26;27;28;29;30
1001788,1000136,1500590,tram,1,6.2,2,boarding_links,14.320643258632852,1,999999,2.0,0,10.0,999999,0.15,4,0,"LINESTRING (139.737333 35.750109, 139.737233 35.750009)",w_bus_only;w_bus_metro;d_bus_only;d_bus_metro,東京都交通局,-1,6.2.617:1;2;3;4;5;6;7;8;9;10;11
1001789,1500590,1000136,tram,1,6.2,2,deboarding_links,14.320643258632852,1,999999,2.0,0,0.0,999999,0.15,4,0,"LINESTRING (139.737233 35.750009, 139.737333 35.750109)",w_bus_only;w_bus_metro;d_bus_only;d_bus_metro,東京都交通局,-1,6.2.617:1;2;3;4;5;6;7;8;9;10;11
1001790,1000136,1500591,tram,1,6.2,2,boarding_links,14.320643258632852,1,999999,2.0,0,10.0,999999,0.15,4,0,"LINESTRING (139.737333 35.750109, 139.737233 35.750009)",w_bus_only;w_bus_metro;d_bus_only;d_bus_metro,東京都交通局,-1,6.2.617:1;2;3;4;5;6;7;8;9;10;11;12;13;14;15;16;17;18
1001791,1500591,1000136,tram,1,6.2,2,deboarding_links,14.320643258632852,1,999999,2.0,0,0.0,999999,0.15,4,0,"LINESTRING (139.737233 35.750009, 139.737333 35.750109)",w_bus_only;w_bus_metro;d_bus_only;d_bus_metro,東京都交通局,-1,6.2.617:1;2;3;4;5;6;7;8;9;10;11;12;13;14;15;16;17;18
1001792,1000136,1500592,tram,1,6.2,2,boarding_links,14.320643258632852,1,999999,2.0,0,10.0,999999,0.15,4,0,"LINESTRING (139.737333 35.750109, 139.737233 35.750009)",w_bus_only;w_bus_metro;d_bus_only;d_bus_metro,東京都交通局,-1,6.2.617:1;2;3;4;5;6;7;8;9;10;11;12;13;14;15;16;17;18;19;20;21;22;23
1001793,1500592,1000136,tram,1,6.2,2,deboarding_links,14.320643258632852,1,999999,2.0,0,0.0,999999,0.15,4,0,"LINESTRING (139.737233 35.750009, 139.737333 35.750109)",w_bus_only;w_bus_metro;d_bus_only;d_bus_metro,東京都交通局,-1,6.2.617:1;2;3;4;5;6;7;8;9;10;11;12;13;14;15;16;17;18;19;20;21;22;23
1001794,1000136,1500593,tram,1,6.2,2,boarding_links,14.320643258632852,1,999999,2.0,0,10.0,999999,0.15,4,0,"LINESTRING (139.737333 35.750109, 139.737233 35.750009)",w_bus_only;w_bus_metro;d_bus_only;d_bus_metro,東京都交通局,-1,6.2.617:1;2;3;4;5;6;7;8;9;10;11;12;13;14;15;16;17;18;19;20;21;22;23;24;25
1001795,1500593,1000136,tram,1,6.2,2,deboarding_links,14.320643258632852,1,999999,2.0,0,0.0,999999,0.15,4,0,"LINESTRING (139.737233 35.750009, 139.737333 35.750109)",w_bus_only;w_bus_metro;d_bus_only;d_bus_metro,東京都交通局,-1,6.2.617:1;2;3;4;5;6;7;8;9;10;11;12;13;14;15;16;17;18;19;20;21;22;23;24;25
1001796,1000136,1500594,tram,1,6.2,2,boarding_links,14.320643258632852,1,999999,2.0,0,1.0714285714285714,999999,0.15,4,0,"LINESTRING (139.737333 35.750109, 139.737233 35.750009)",w_bus_only;w_bus_metro;d_bus_only;d_bus_metro,東京都交通局,-1,6.2.617:1;2;3;4;5;6;7;8;9;10;11;12;13;14;15;16;17;18;19;20;21;22;23;24;25;26;27;28;29;30
1001797,1500594,1000136,tram,1,6.2,2,deboarding_links,14.320643258632852,1,999999,2.0,0,0.0,999999,0.15,4,0,"LINESTRING (139.737233 35.750009, 139.737333 35.750109)",w_bus_only;w_bus_metro;d_bus_only;d_bus_metro,東京都交通局,-1,6.2.617:1;2;3;4;5;6;7;8;9;10;11;12;13;14;15;16;17;18;19;20;21;22;23;24;25;26;27;28;29;30
1001798,1000137,1500595,tram,1,6.2,2,boarding_links,14.320845175966216,1,999999,2.0,0,10.0,999999,0.15,4,0,"LINESTRING (139.73542 35.747283, 139.73532 35.747183)",w_bus_only;w_bus_metro;d_bus_only;d_bus_metro,東京都交通局,-1,6.2.618:1;2;3;4;5;6;7;8;9;10;11
1001799,1500595,1000137,tram,1,6.2,2,deboarding_links,14.320845175966216,1,999999,2.0,0,0.0,999999,0.15,4,0,"LINESTRING (139.73532 35.747183, 139.73542 35.747283)",w_bus_only;w_bus_metro;d_bus_only;d_bus_metro,東京都交通局,-1,6.2.618:1;2;3;4;5;6;7;8;9;10;11
1001800,1000137,1500596,tram,1,6.2,2,boarding_links,14.320845175966216,1,999999,2.0,0,10.0,999999,0.15,4,0,"LINESTRING (139.73542 35.747283, 139.73532 35.747183)",w_bus_only;w_bus_metro;d_bus_only;d_bus_metro,東京都交通局,-1,6.2.618:1;2;3;4;5;6;7;8;9;10;11;12;13;14;15;16;17;18
1001801,1500596,1000137,tram,1,6.2,2,deboarding_links,14.320845175966216,1,999999,2.0,0,0.0,999999,0.15,4,0,"LINESTRING (139.73532 35.747183, 139.73542 35.747283)",w_bus_only;w_bus_metro;d_bus_only;d_bus_metro,東京都交通局,-1,6.2.618:1;2;3;4;5;6;7;8;9;10;11;12;13;14;15;16;17;18
1001802,1000137,1500597,tram,1,6.2,2,boarding_links,14.320845175966216,1,999999,2.0,0,10.0,999999,0.15,4,0,"LINESTRING (139.73542 35.747283, 139.73532 35.747183)",w_bus_only;w_bus_metro;d_bus_only;d_bus_metro,東京都交通局,-1,6.2.618:1;2;3;4;5;6;7;8;9;10;11;12;13;14;15;16;17;18;19;20;21;22;23
1001803,1500597,1000137,tram,1,6.2,2,deboarding_links,14.320845175966216,1,999999,2.0,0,0.0,999999,0.15,4,0,"LINESTRING (139.73532 35.747183, 139.73542 35.747283)",w_bus_only;w_bus_metro;d_bus_only;d_bus_metro,東京都交通局,-1,6.2.618:1;2;3;4;5;6;7;8;9;10;11;12;13;14;15;16;17;18;19;20;21;22;23
1001804,1000137,1500598,tram,1,6.2,2,boarding_links,14.320845175966216,1,999999,2.0,0,10.0,999999,0.15,4,0,"LINESTRING (139.73542 35.747283, 139.73532 35.747183)",w_bus_only;w_bus_metro;d_bus_only;d_bus_metro,東京都交通局,-1,6.2.618:1;2;3;4;5;6;7;8;9;10;11;12;13;14;15;16;17;18;19;20;21;22;23;24;25
1001805,1500598,1000137,tram,1,6.2,2,deboarding_links,14.320845175966216,1,999999,2.0,0,0.0,999999,0.15,4,0,"LINESTRING (139.73532 35.747183, 139.73542 35.747283)",w_bus_only;w_bus_metro;d_bus_only;d_bus_metro,東京都交通局,-1,6.2.618:1;2;3;4;5;6;7;8;9;10;11;12;13;14;15;16;17;18;19;20;21;22;23;24;25
1001806,1000137,1500599,tram,1,6.2,2,boarding_links,14.320845175966216,1,999999,2.0,0,1.0714285714285714,999999,0.15,4,0,"LINESTRING (139.73542 35.747283, 139.73532 35.747183)",w_bus_only;w_bus_metro;d_bus_only;d_bus_metro,東京都交通局,-1,6.2.618:1;2;3;4;5;6;7;8;9;10;11;12;13;14;15;16;17;18;19;20;21;22;23;24;25;26;27;28;29;30
1001807,1500599,1000137,tram,1,6.2,2,deboarding_links,14.320845175966216,1,999999,2.0,0,0.0,999999,0.15,4,0,"LINESTRING (139.73532 35.747183, 139.73542 35.747283)",w_bus_only;w_bus_metro;d_bus_only;d_bus_metro,東京都交通局,-1,6.2.618:1;2;3;4;5;6;7;8;9;10;11;12;13;14;15;16;17;18;19;20;21;22;23;24;25;26;27;28;29;30
1001808,1000138,1500600,tram,1,6.2,2,boarding_links,14.321063873286128,1,999999,2.0,0,10.0,999999,0.15,4,0,"LINESTRING (139.732665 35.744222, 139.732565 35.744122)",w_bus_only;w_bus_metro;d_bus_only;d_bus_metro,東京都交通局,-1,6.2.619:1;2;3;4;5;6;7;8;9;10;11
1001809,1500600,1000138,tram,1,6.2,2,deboarding_links,14.321063873286128,1,999999,2.0,0,0.0,999999,0.15,4,0,"LINESTRING (139.732565 35.744122, 139.732665 35.744222)",w_bus_only;w_bus_metro;d_bus_only;d_bus_metro,東京都交通局,-1,6.2.619:1;2;3;4;5;6;7;8;9;10;11
1001810,1000138,1500601,tram,1,6.2,2,boarding_links,14.321063873286128,1,999999,2.0,0,10.0,999999,0.15,4,0,"LINESTRING (139.732665 35.744222, 139.732565 35.744122)",w_bus_only;w_bus_metro;d_bus_only;d_bus_metro,東京都交通局,-1,6.2.619:1;2;3;4;5;6;7;8;9;10;11;12;13;14;15;16;17;18
1001811,1500601,1000138,tram,1,6.2,2,deboarding_links,14.321063873286128,1,999999,2.0,0,0.0,999999,0.15,4,0,"LINESTRING (139.732565 35.744122, 139.732665 35.744222)",w_bus_only;w_bus_metro;d_bus_only;d_bus_metro,東京都交通局,-1,6.2.619:1;2;3;4;5;6;7;8;9;10;11;12;13;14;15;16;17;18
1001812,1000138,1500602,tram,1,6.2,2,boarding_links,14.321063873286128,1,999999,2.0,0,10.0,999999,0.15,4,0,"LINESTRING (139.732665 35.744222, 139.732565 35.744122)",w_bus_only;w_bus_metro;d_bus_only;d_bus_metro,東京都交通局,-1,6.2.619:1;2;3;4;5;6;7;8;9;10;11;12;13;14;15;16;17;18;19;20;21;22;23
1001813,1500602,1000138,tram,1,6.2,2,deboarding_links,14.321063873286128,1,999999,2.0,0,0.0,999999,0.15,4,0,"LINESTRING (139.732565 35.744122, 139.732665 35.744222)",w_bus_only;w_bus_metro;d_bus_only;d_bus_metro,東京都交通局,-1,6.2.619:1;2;3;4;5;6;7;8;9;10;11;12;13;14;15;16;17;18;19;20;21;22;23
1001814,1000138,1500603,tram,1,6.2,2,boarding_links,14.321063873286128,1,999999,2.0,0,10.0,999999,0.15,4,0,"LINESTRING (139.732665 35.744222, 139.732565 35.744122)",w_bus_only;w_bus_metro;d_bus_only;d_bus_metro,東京都交通局,-1,6.2.619:1;2;3;4;5;6;7;8;9;10;11;12;13;14;15;16;17;18;19;20;21;22;23;24;25
1001815,1500603,1000138,tram,1,6.2,2,deboarding_links,14.321063873286128,1,999999,2.0,0,0.0,999999,0.15,4,0,"LINESTRING (139.732565 35.744122, 139.732665 35.744222)",w_bus_only;w_bus_metro;d_bus_only;d_bus_metro,東京都交通局,-1,6.2.619:1;2;3;4;5;6;7;8;9;10;11;12;13;14;15;16;17;18;19;20;21;22;23;24;25
1001816,1000138,1500604,tram,1,6.2,2,boarding_links,14.321063873286128,1,999999,2.0,0,1.0714285714285714,999999,0.15,4,0,"LINESTRING (139.732665 35.744222, 139.732565 35.744122)",w_bus_only;w_bus_metro;d_bus_only;d_bus_metro,東京都交通局,-1,6.2.619:1;2;3;4;5;6;7;8;9;10;11;12;13;14;15;16;17;18;19;20;21;22;23;24;25;26;27;28;29;30
1001817,1500604,1000138,tram,1,6.2,2,deboarding_links,14.321063873286128,1,999999,2.0,0,0.0,999999,0.15,4,0,"LINESTRING (139.732565 35.744122, 139.732665 35.744222)",w_bus_only;w_bus_metro;d_bus_only;d_bus_metro,東京都交通局,-1,6.2.619:1;2;3;4;5;6;7;8;9;10;11;12;13;14;15;16;17;18;19;20;21;22;23;24;25;26;27;28;29;30
1001818,1000139,1500605,tram,1,6.2,2,boarding_links,14.321289060559055,1,999999,2.0,0,10.0,999999,0.15,4,0,"LINESTRING (139.730344 35.74107, 139.730244 35.74097)",w_bus_only;w_bus_metro;d_bus_only;d_bus_metro,東京都交通局,-1,6.2.620:1;2;3;4;5;6;7;8;9;10;11
1001819,1500605,1000139,tram,1,6.2,2,deboarding_links,14.321289060559055,1,999999,2.0,0,0.0,999999,0.15,4,0,"LINESTRING (139.730244 35.74097, 139.730344 35.74107)",w_bus_only;w_bus_metro;d_bus_only;d_bus_metro,東京都交通局,-1,6.2.620:1;2;3;4;5;6;7;8;9;10;11
1001820,1000139,1500606,tram,1,6.2,2,boarding_links,14.321289060559055,1,999999,2.0,0,10.0,999999,0.15,4,0,"LINESTRING (139.730344 35.74107, 139.730244 35.74097)",w_bus_only;w_bus_metro;d_bus_only;d_bus_metro,東京都交通局,-1,6.2.620:1;2;3;4;5;6;7;8;9;10;11;12;13;14;15;16;17;18
1001821,1500606,1000139,tram,1,6.2,2,deboarding_links,14.321289060559055,1,999999,2.0,0,0.0,999999,0.15,4,0,"LINESTRING (139.730244 35.74097, 139.730344 35.74107)",w_bus_only;w_bus_metro;d_bus_only;d_bus_metro,東京都交通局,-1,6.2.620:1;2;3;4;5;6;7;8;9;10;11;12;13;14;15;16;17;18
1001822,1000139,1500607,tram,1,6.2,2,boarding_links,14.321289060559055,1,999999,2.0,0,10.0,999999,0.15,4,0,"LINESTRING (139.730344 35.74107, 139.730244 35.74097)",w_bus_only;w_bus_metro;d_bus_only;d_bus_metro,東京都交通局,-1,6.2.620:1;2;3;4;5;6;7;8;9;10;11;12;13;14;15;16;17;18;19;20;21;22;23
1001823,1500607,1000139,tram,1,6.2,2,deboarding_links,14.321289060559055,1,999999,2.0,0,0.0,999999,0.15,4,0,"LINESTRING (139.730244 35.74097, 139.730344 35.74107)",w_bus_only;w_bus_metro;d_bus_only;d_bus_metro,東京都交通局,-1,6.2.620:1;2;3;4;5;6;7;8;9;10;11;12;13;14;15;16;17;18;19;20;21;22;23
1001824,1000139,1500608,tram,1,6.2,2,boarding_links,14.321289060559055,1,999999,2.0,0,10.0,999999,0.15,4,0,"LINESTRING (139.730344 35.74107, 139.730244 35.74097)",w_bus_only;w_bus_metro;d_bus_only;d_bus_metro,東京都交通局,-1,6.2.620:1;2;3;4;5;6;7;8;9;10;11;12;13;14;15;16;17;18;19;20;21;22;23;24;25
1001825,1500608,1000139,tram,1,6.2,2,deboarding_links,14.321289060559055,1,999999,2.0,0,0.0,999999,0.15,4,0,"LINESTRING (139.730244 35.74097, 139.730344 35.74107)",w_bus_only;w_bus_metro;d_bus_only;d_bus_metro,東京都交通局,-1,6.2.620:1;2;3;4;5;6;7;8;9;10;11;12;13;14;15;16;17;18;19;20;21;22;23;24;25
1001826,1000139,1500609,tram,1,6.2,2,boarding_links,14.321289060559055,1,999999,2.0,0,1.0714285714285714,999999,0.15,4,0,"LINESTRING (139.730344 35.74107, 139.730244 35.74097)",w_bus_only;w_bus_metro;d_bus_only;d_bus_metro,東京都交通局,-1,6.2.620:1;2;3;4;5;6;7;8;9;10;11;12;13;14;15;16;17;18;19;20;21;22;23;24;25;26;27;28;29;30
1001827,1500609,1000139,tram,1,6.2,2,deboarding_links,14.321289060559055,1,999999,2.0,0,0.0,999999,0.15,4,0,"LINESTRING (139.730244 35.74097, 139.730344 35.74107)",w_bus_only;w_bus_metro;d_bus_only;d_bus_metro,東京都交通局,-1,6.2.620:1;2;3;4;5;6;7;8;9;10;11;12;13;14;15;16;17;18;19;20;21;22;23;24;25;26;27;28;29;30
1001828,1000140,1500610,tram,1,6.2,2,boarding_links,14.32140093536686,1,999999,2.0,0,10.0,999999,0.15,4,0,"LINESTRING (139.729625 35.739504, 139.729525 35.73940399999999)",w_bus_only;w_bus_metro;d_bus_only;d_bus_metro,東京都交通局,-1,6.2.621:1;2;3;4;5;6;7;8;9;10;11
1001829,1500610,1000140,tram,1,6.2,2,deboarding_links,14.32140093536686,1,999999,2.0,0,0.0,999999,0.15,4,0,"LINESTRING (139.729525 35.73940399999999, 139.729625 35.739504)",w_bus_only;w_bus_metro;d_bus_only;d_bus_metro,東京都交通局,-1,6.2.621:1;2;3;4;5;6;7;8;9;10;11
1001830,1000140,1500611,tram,1,6.2,2,boarding_links,14.32140093536686,1,999999,2.0,0,10.0,999999,0.15,4,0,"LINESTRING (139.729625 35.739504, 139.729525 35.73940399999999)",w_bus_only;w_bus_metro;d_bus_only;d_bus_metro,東京都交通局,-1,6.2.621:1;2;3;4;5;6;7;8;9;10;11;12;13;14;15;16;17;18
1001831,1500611,1000140,tram,1,6.2,2,deboarding_links,14.32140093536686,1,999999,2.0,0,0.0,999999,0.15,4,0,"LINESTRING (139.729525 35.73940399999999, 139.729625 35.739504)",w_bus_only;w_bus_metro;d_bus_only;d_bus_metro,東京都交通局,-1,6.2.621:1;2;3;4;5;6;7;8;9;10;11;12;13;14;15;16;17;18
1001832,1000140,1500612,tram,1,6.2,2,boarding_links,14.32140093536686,1,999999,2.0,0,10.0,999999,0.15,4,0,"LINESTRING (139.729625 35.739504, 139.729525 35.73940399999999)",w_bus_only;w_bus_metro;d_bus_only;d_bus_metro,東京都交通局,-1,6.2.621:1;2;3;4;5;6;7;8;9;10;11;12;13;14;15;16;17;18;19;20;21;22;23
1001833,1500612,1000140,tram,1,6.2,2,deboarding_links,14.32140093536686,1,999999,2.0,0,0.0,999999,0.15,4,0,"LINESTRING (139.729525 35.73940399999999, 139.729625 35.739504)",w_bus_only;w_bus_metro;d_bus_only;d_bus_metro,東京都交通局,-1,6.2.621:1;2;3;4;5;6;7;8;9;10;11;12;13;14;15;16;17;18;19;20;21;22;23
1001834,1000140,1500613,tram,1,6.2,2,boarding_links,14.32140093536686,1,999999,2.0,0,10.0,999999,0.15,4,0,"LINESTRING (139.729625 35.739504, 139.729525 35.73940399999999)",w_bus_only;w_bus_metro;d_bus_only;d_bus_metro,東京都交通局,-1,6.2.621:1;2;3;4;5;6;7;8;9;10;11;12;13;14;15;16;17;18;19;20;21;22;23;24;25
1001835,1500613,1000140,tram,1,6.2,2,deboarding_links,14.32140093536686,1,999999,2.0,0,0.0,999999,0.15,4,0,"LINESTRING (139.729525 35.73940399999999, 139.729625 35.739504)",w_bus_only;w_bus_metro;d_bus_only;d_bus_metro,東京都交通局,-1,6.2.621:1;2;3;4;5;6;7;8;9;10;11;12;13;14;15;16;17;18;19;20;21;22;23;24;25
1001836,1000140,1500614,tram,1,6.2,2,boarding_links,14.32140093536686,1,999999,2.0,0,1.0714285714285714,999999,0.15,4,0,"LINESTRING (139.729625 35.739504, 139.729525 35.73940399999999)",w_bus_only;w_bus_metro;d_bus_only;d_bus_metro,東京都交通局,-1,6.2.621:1;2;3;4;5;6;7;8;9;10;11;12;13;14;15;16;17;18;19;20;21;22;23;24;25;26;27;28;29;30
1001837,1500614,1000140,tram,1,6.2,2,deboarding_links,14.32140093536686,1,999999,2.0,0,0.0,999999,0.15,4,0,"LINESTRING (139.729525 35.73940399999999, 139.729625 35.739504)",w_bus_only;w_bus_metro;d_bus_only;d_bus_metro,東京都交通局,-1,6.2.621:1;2;3;4;5;6;7;8;9;10;11;12;13;14;15;16;17;18;19;20;21;22;23;24;25;26;27;28;29;30
1001838,1000141,1500615,tram,1,6.2,2,boarding_links,14.32167396620877,1,999999,2.0,0,10.0,999999,0.15,4,0,"LINESTRING (139.727684 35.735682, 139.727584 35.735581999999994)",w_bus_only;w_bus_metro;d_bus_only;d_bus_metro,東京都交通局,-1,6.2.622:1;2;3;4;5;6;7;8;9;10;11
1001839,1500615,1000141,tram,1,6.2,2,deboarding_links,14.32167396620877,1,999999,2.0,0,0.0,999999,0.15,4,0,"LINESTRING (139.727584 35.735581999999994, 139.727684 35.735682)",w_bus_only;w_bus_metro;d_bus_only;d_bus_metro,東京都交通局,-1,6.2.622:1;2;3;4;5;6;7;8;9;10;11
1001840,1000141,1500616,tram,1,6.2,2,boarding_links,14.32167396620877,1,999999,2.0,0,10.0,999999,0.15,4,0,"LINESTRING (139.727684 35.735682, 139.727584 35.735581999999994)",w_bus_only;w_bus_metro;d_bus_only;d_bus_metro,東京都交通局,-1,6.2.622:1;2;3;4;5;6;7;8;9;10;11;12;13;14;15;16;17;18
1001841,1500616,1000141,tram,1,6.2,2,deboarding_links,14.32167396620877,1,999999,2.0,0,0.0,999999,0.15,4,0,"LINESTRING (139.727584 35.735581999999994, 139.727684 35.735682)",w_bus_only;w_bus_metro;d_bus_only;d_bus_metro,東京都交通局,-1,6.2.622:1;2;3;4;5;6;7;8;9;10;11;12;13;14;15;16;17;18
1001842,1000141,1500617,tram,1,6.2,2,boarding_links,14.32167396620877,1,999999,2.0,0,10.0,999999,0.15,4,0,"LINESTRING (139.727684 35.735682, 139.727584 35.735581999999994)",w_bus_only;w_bus_metro;d_bus_only;d_bus_metro,東京都交通局,-1,6.2.622:1;2;3;4;5;6;7;8;9;10;11;12;13;14;15;16;17;18;19;20;21;22;23
1001843,1500617,1000141,tram,1,6.2,2,deboarding_links,14.32167396620877,1,999999,2.0,0,0.0,999999,0.15,4,0,"LINESTRING (139.727584 35.735581999999994, 139.727684 35.735682)",w_bus_only;w_bus_metro;d_bus_only;d_bus_metro,東京都交通局,-1,6.2.622:1;2;3;4;5;6;7;8;9;10;11;12;13;14;15;16;17;18;19;20;21;22;23
1001844,1000141,1500618,tram,1,6.2,2,boarding_links,14.32167396620877,1,999999,2.0,0,10.0,999999,0.15,4,0,"LINESTRING (139.727684 35.735682, 139.727584 35.735581999999994)",w_bus_only;w_bus_metro;d_bus_only;d_bus_metro,東京都交通局,-1,6.2.622:1;2;3;4;5;6;7;8;9;10;11;12;13;14;15;16;17;18;19;20;21;22;23;24;25
1001845,1500618,1000141,tram,1,6.2,2,deboarding_links,14.32167396620877,1,999999,2.0,0,0.0,999999,0.15,4,0,"LINESTRING (139.727584 35.735581999999994, 139.727684 35.735682)",w_bus_only;w_bus_metro;d_bus_only;d_bus_metro,東京都交通局,-1,6.2.622:1;2;3;4;5;6;7;8;9;10;11;12;13;14;15;16;17;18;19;20;21;22;23;24;25
1001846,1000141,1500619,tram,1,6.2,2,boarding_links,14.32167396620877,1,999999,2.0,0,1.0714285714285714,999999,0.15,4,0,"LINESTRING (139.727684 35.735682, 139.727584 35.735581999999994)",w_bus_only;w_bus_metro;d_bus_only;d_bus_metro,東京都交通局,-1,6.2.622:1;2;3;4;5;6;7;8;9;10;11;12;13;14;15;16;17;18;19;20;21;22;23;24;25;26;27;28;29;30
1001847,1500619,1000141,tram,1,6.2,2,deboarding_links,14.32167396620877,1,999999,2.0,0,0.0,999999,0.15,4,0,"LINESTRING (139.727584 35.735581999999994, 139.727684 35.735682)",w_bus_only;w_bus_metro;d_bus_only;d_bus_metro,東京都交通局,-1,6.2.622:1;2;3;4;5;6;7;8;9;10;11;12;13;14;15;16;17;18;19;20;21;22;23;24;25;26;27;28;29;30
1001848,1000142,1500620,tram,1,6.2,2,boarding_links,14.32199498019903,1,999999,2.0,0,10.0,999999,0.15,4,0,"LINESTRING (139.729098 35.731188, 139.728998 35.731088)",w_bus_only;w_bus_metro;d_bus_only;d_bus_metro,東京都交通局,-1,6.2.623:1;2;3;4;5;6;7;8;9;10;11
1001849,1500620,1000142,tram,1,6.2,2,deboarding_links,14.32199498019903,1,999999,2.0,0,0.0,999999,0.15,4,0,"LINESTRING (139.728998 35.731088, 139.729098 35.731188)",w_bus_only;w_bus_metro;d_bus_only;d_bus_metro,東京都交通局,-1,6.2.623:1;2;3;4;5;6;7;8;9;10;11
1001850,1000142,1500621,tram,1,6.2,2,boarding_links,14.32199498019903,1,999999,2.0,0,10.0,999999,0.15,4,0,"LINESTRING (139.729098 35.731188, 139.728998 35.731088)",w_bus_only;w_bus_metro;d_bus_only;d_bus_metro,東京都交通局,-1,6.2.623:1;2;3;4;5;6;7;8;9;10;11;12;13;14;15;16;17;18
1001851,1500621,1000142,tram,1,6.2,2,deboarding_links,14.32199498019903,1,999999,2.0,0,0.0,999999,0.15,4,0,"LINESTRING (139.728998 35.731088, 139.729098 35.731188)",w_bus_only;w_bus_metro;d_bus_only;d_bus_metro,東京都交通局,-1,6.2.623:1;2;3;4;5;6;7;8;9;10;11;12;13;14;15;16;17;18
1001852,1000142,1500622,tram,1,6.2,2,boarding_links,14.32199498019903,1,999999,2.0,0,10.0,999999,0.15,4,0,"LINESTRING (139.729098 35.731188, 139.728998 35.731088)",w_bus_only;w_bus_metro;d_bus_only;d_bus_metro,東京都交通局,-1,6.2.623:1;2;3;4;5;6;7;8;9;10;11;12;13;14;15;16;17;18;19;20;21;22;23
1001853,1500622,1000142,tram,1,6.2,2,deboarding_links,14.32199498019903,1,999999,2.0,0,0.0,999999,0.15,4,0,"LINESTRING (139.728998 35.731088, 139.729098 35.731188)",w_bus_only;w_bus_metro;d_bus_only;d_bus_metro,東京都交通局,-1,6.2.623:1;2;3;4;5;6;7;8;9;10;11;12;13;14;15;16;17;18;19;20;21;22;23
1001854,1000142,1500623,tram,1,6.2,2,boarding_links,14.32199498019903,1,999999,2.0,0,10.0,999999,0.15,4,0,"LINESTRING (139.729098 35.731188, 139.728998 35.731088)",w_bus_only;w_bus_metro;d_bus_only;d_bus_metro,東京都交通局,-1,6.2.623:1;2;3;4;5;6;7;8;9;10;11;12;13;14;15;16;17;18;19;20;21;22;23;24;25
1001855,1500623,1000142,tram,1,6.2,2,deboarding_links,14.32199498019903,1,999999,2.0,0,0.0,999999,0.15,4,0,"LINESTRING (139.728998 35.731088, 139.729098 35.731188)",w_bus_only;w_bus_metro;d_bus_only;d_bus_metro,東京都交通局,-1,6.2.623:1;2;3;4;5;6;7;8;9;10;11;12;13;14;15;16;17;18;19;20;21;22;23;24;25
1001856,1000142,1500624,tram,1,6.2,2,boarding_links,14.32199498019903,1,999999,2.0,0,1.0714285714285714,999999,0.15,4,0,"LINESTRING (139.729098 35.731188, 139.728998 35.731088)",w_bus_only;w_bus_metro;d_bus_only;d_bus_metro,東京都交通局,-1,6.2.623:1;2;3;4;5;6;7;8;9;10;11;12;13;14;15;16;17;18;19;20;21;22;23;24;25;26;27;28;29;30
1001857,1500624,1000142,tram,1,6.2,2,deboarding_links,14.32199498019903,1,999999,2.0,0,0.0,999999,0.15,4,0,"LINESTRING (139.728998 35.731088, 139.729098 35.731188)",w_bus_only;w_bus_metro;d_bus_only;d_bus_metro,東京都交通局,-1,6.2.623:1;2;3;4;5;6;7;8;9;10;11;12;13;14;15;16;17;18;19;20;21;22;23;24;25;26;27;28;29;30
1001858,1000143,1500625,tram,1,6.2,2,boarding_links,14.322167334918158,1,999999,2.0,0,10.0,999999,0.15,4,0,"LINESTRING (139.724759 35.728775, 139.724659 35.728674999999996)",w_bus_only;w_bus_metro;d_bus_only;d_bus_metro,東京都交通局,-1,6.2.624:1;2;3;4;5;6;7;8;9;10;11;12;13;14;15;16;17;18
1001859,1500625,1000143,tram,1,6.2,2,deboarding_links,14.322167334918158,1,999999,2.0,0,0.0,999999,0.15,4,0,"LINESTRING (139.724659 35.728674999999996, 139.724759 35.728775)",w_bus_only;w_bus_metro;d_bus_only;d_bus_metro,東京都交通局,-1,6.2.624:1;2;3;4;5;6;7;8;9;10;11;12;13;14;15;16;17;18
1001860,1000143,1500626,tram,1,6.2,2,boarding_links,14.322167334918158,1,999999,2.0,0,10.0,999999,0.15,4,0,"LINESTRING (139.724759 35.728775, 139.724659 35.728674999999996)",w_bus_only;w_bus_metro;d_bus_only;d_bus_metro,東京都交通局,-1,6.2.624:1;2;3;4;5;6;7;8;9;10;11;12;13;14;15;16;17;18;19;20;21;22;23;24;25
1001861,1500626,1000143,tram,1,6.2,2,deboarding_links,14.322167334918158,1,999999,2.0,0,0.0,999999,0.15,4,0,"LINESTRING (139.724659 35.728674999999996, 139.724759 35.728775)",w_bus_only;w_bus_metro;d_bus_only;d_bus_metro,東京都交通局,-1,6.2.624:1;2;3;4;5;6;7;8;9;10;11;12;13;14;15;16;17;18;19;20;21;22;23;24;25
1001862,1000143,1500627,tram,1,6.2,2,boarding_links,14.322167334918158,1,999999,2.0,0,1.0714285714285714,999999,0.15,4,0,"LINESTRING (139.724759 35.728775, 139.724659 35.728674999999996)",w_bus_only;w_bus_metro;d_bus_only;d_bus_metro,東京都交通局,-1,6.2.624:1;2;3;4;5;6;7;8;9;10;11;12;13;14;15;16;17;18;19;20;21;22;23;24;25;26;27;28;29;30
1001863,1500627,1000143,tram,1,6.2,2,deboarding_links,14.322167334918158,1,999999,2.0,0,0.0,999999,0.15,4,0,"LINESTRING (139.724659 35.728674999999996, 139.724759 35.728775)",w_bus_only;w_bus_metro;d_bus_only;d_bus_metro,東京都交通局,-1,6.2.624:1;2;3;4;5;6;7;8;9;10;11;12;13;14;15;16;17;18;19;20;21;22;23;24;25;26;27;28;29;30
1001864,1000144,1500628,tram,1,6.2,2,boarding_links,14.32240853415331,1,999999,2.0,0,10.0,999999,0.15,4,0,"LINESTRING (139.720404 35.725398, 139.720304 35.725297999999995)",w_bus_only;w_bus_metro;d_bus_only;d_bus_metro,東京都交通局,-1,6.2.625:1;2;3;4;5;6;7;8;9;10;11;12;13;14;15;16;17;18
1001865,1500628,1000144,tram,1,6.2,2,deboarding_links,14.32240853415331,1,999999,2.0,0,0.0,999999,0.15,4,0,"LINESTRING (139.720304 35.725297999999995, 139.720404 35.725398)",w_bus_only;w_bus_metro;d_bus_only;d_bus_metro,東京都交通局,-1,6.2.625:1;2;3;4;5;6;7;8;9;10;11;12;13;14;15;16;17;18
1001866,1000144,1500629,tram,1,6.2,2,boarding_links,14.32240853415331,1,999999,2.0,0,10.0,999999,0.15,4,0,"LINESTRING (139.720404 35.725398, 139.720304 35.725297999999995)",w_bus_only;w_bus_metro;d_bus_only;d_bus_metro,東京都交通局,-1,6.2.625:1;2;3;4;5;6;7;8;9;10;11;12;13;14;15;16;17;18;19;20;21;22;23;24;25
1001867,1500629,1000144,tram,1,6.2,2,deboarding_links,14.32240853415331,1,999999,2.0,0,0.0,999999,0.15,4,0,"LINESTRING (139.720304 35.725297999999995, 139.720404 35.725398)",w_bus_only;w_bus_metro;d_bus_only;d_bus_metro,東京都交通局,-1,6.2.625:1;2;3;4;5;6;7;8;9;10;11;12;13;14;15;16;17;18;19;20;21;22;23;24;25
1001868,1000144,1500630,tram,1,6.2,2,boarding_links,14.32240853415331,1,999999,2.0,0,1.0714285714285714,999999,0.15,4,0,"LINESTRING (139.720404 35.725398, 139.720304 35.725297999999995)",w_bus_only;w_bus_metro;d_bus_only;d_bus_metro,東京都交通局,-1,6.2.625:1;2;3;4;5;6;7;8;9;10;11;12;13;14;15;16;17;18;19;20;21;22;23;24;25;26;27;28;29;30
1001869,1500630,1000144,tram,1,6.2,2,deboarding_links,14.32240853415331,1,999999,2.0,0,0.0,999999,0.15,4,0,"LINESTRING (139.720304 35.725297999999995, 139.720404 35.725398)",w_bus_only;w_bus_metro;d_bus_only;d_bus_metro,東京都交通局,-1,6.2.625:1;2;3;4;5;6;7;8;9;10;11;12;13;14;15;16;17;18;19;20;21;22;23;24;25;26;27;28;29;30
1001870,1000145,1500631,tram,1,6.2,2,boarding_links,14.322502596025714,1,999999,2.0,0,10.0,999999,0.15,4,0,"LINESTRING (139.717835 35.724081, 139.717735 35.723980999999995)",w_bus_only;w_bus_metro;d_bus_only;d_bus_metro,東京都交通局,-1,6.2.626:1;2;3;4;5;6;7;8;9;10;11;12;13;14;15;16;17;18
1001871,1500631,1000145,tram,1,6.2,2,deboarding_links,14.322502596025714,1,999999,2.0,0,0.0,999999,0.15,4,0,"LINESTRING (139.717735 35.723980999999995, 139.717835 35.724081)",w_bus_only;w_bus_metro;d_bus_only;d_bus_metro,東京都交通局,-1,6.2.626:1;2;3;4;5;6;7;8;9;10;11;12;13;14;15;16;17;18
1001872,1000145,1500632,tram,1,6.2,2,boarding_links,14.322502596025714,1,999999,2.0,0,10.0,999999,0.15,4,0,"LINESTRING (139.717835 35.724081, 139.717735 35.723980999999995)",w_bus_only;w_bus_metro;d_bus_only;d_bus_metro,東京都交通局,-1,6.2.626:1;2;3;4;5;6;7;8;9;10;11;12;13;14;15;16;17;18;19;20;21;22;23;24;25
1001873,1500632,1000145,tram,1,6.2,2,deboarding_links,14.322502596025714,1,999999,2.0,0,0.0,999999,0.15,4,0,"LINESTRING (139.717735 35.723980999999995, 139.717835 35.724081)",w_bus_only;w_bus_metro;d_bus_only;d_bus_metro,東京都交通局,-1,6.2.626:1;2;3;4;5;6;7;8;9;10;11;12;13;14;15;16;17;18;19;20;21;22;23;24;25
1001874,1000145,1500633,tram,1,6.2,2,boarding_links,14.322502596025714,1,999999,2.0,0,1.0714285714285714,999999,0.15,4,0,"LINESTRING (139.717835 35.724081, 139.717735 35.723980999999995)",w_bus_only;w_bus_metro;d_bus_only;d_bus_metro,東京都交通局,-1,6.2.626:1;2;3;4;5;6;7;8;9;10;11;12;13;14;15;16;17;18;19;20;21;22;23;24;25;26;27;28;29;30
1001875,1500633,1000145,tram,1,6.2,2,deboarding_links,14.322502596025714,1,999999,2.0,0,0.0,999999,0.15,4,0,"LINESTRING (139.717735 35.723980999999995, 139.717835 35.724081)",w_bus_only;w_bus_metro;d_bus_only;d_bus_metro,東京都交通局,-1,6.2.626:1;2;3;4;5;6;7;8;9;10;11;12;13;14;15;16;17;18;19;20;21;22;23;24;25;26;27;28;29;30
1001876,1000146,1500634,tram,1,6.2,2,boarding_links,14.32275341757024,1,999999,2.0,0,10.0,999999,0.15,4,0,"LINESTRING (139.71516 35.720569, 139.71506 35.720468999999994)",w_bus_only;w_bus_metro;d_bus_only;d_bus_metro,東京都交通局,-1,6.2.627:1;2;3;4;5;6;7;8;9;10;11;12;13;14;15;16;17;18
1001877,1500634,1000146,tram,1,6.2,2,deboarding_links,14.32275341757024,1,999999,2.0,0,0.0,999999,0.15,4,0,"LINESTRING (139.71506 35.720468999999994, 139.71516 35.720569)",w_bus_only;w_bus_metro;d_bus_only;d_bus_metro,東京都交通局,-1,6.2.627:1;2;3;4;5;6;7;8;9;10;11;12;13;14;15;16;17;18
1001878,1000146,1500635,tram,1,6.2,2,boarding_links,14.32275341757024,1,999999,2.0,0,10.0,999999,0.15,4,0,"LINESTRING (139.71516 35.720569, 139.71506 35.720468999999994)",w_bus_only;w_bus_metro;d_bus_only;d_bus_metro,東京都交通局,-1,6.2.627:1;2;3;4;5;6;7;8;9;10;11;12;13;14;15;16;17;18;19;20;21;22;23;24;25
1001879,1500635,1000146,tram,1,6.2,2,deboarding_links,14.32275341757024,1,999999,2.0,0,0.0,999999,0.15,4,0,"LINESTRING (139.71506 35.720468999999994, 139.71516 35.720569)",w_bus_only;w_bus_metro;d_bus_only;d_bus_metro,東京都交通局,-1,6.2.627:1;2;3;4;5;6;7;8;9;10;11;12;13;14;15;16;17;18;19;20;21;22;23;24;25
1001880,1000146,1500636,tram,1,6.2,2,boarding_links,14.32275341757024,1,999999,2.0,0,1.0714285714285714,999999,0.15,4,0,"LINESTRING (139.71516 35.720569, 139.71506 35.720468999999994)",w_bus_only;w_bus_metro;d_bus_only;d_bus_metro,東京都交通局,-1,6.2.627:1;2;3;4;5;6;7;8;9;10;11;12;13;14;15;16;17;18;19;20;21;22;23;24;25;26;27;28;29;30
1001881,1500636,1000146,tram,1,6.2,2,deboarding_links,14.32275341757024,1,999999,2.0,0,0.0,999999,0.15,4,0,"LINESTRING (139.71506 35.720468999999994, 139.71516 35.720569)",w_bus_only;w_bus_metro;d_bus_only;d_bus_metro,東京都交通局,-1,6.2.627:1;2;3;4;5;6;7;8;9;10;11;12;13;14;15;16;17;18;19;20;21;22;23;24;25;26;27;28;29;30
1001882,1000147,1500637,tram,1,6.2,2,boarding_links,14.323054926724991,1,999999,2.0,0,10.0,999999,0.15,4,0,"LINESTRING (139.712529 35.716347, 139.712429 35.716246999999996)",w_bus_only;w_bus_metro;d_bus_only;d_bus_metro,東京都交通局,-1,6.2.628:1;2;3;4;5;6;7;8;9;10;11;12;13;14;15;16;17;18
1001883,1500637,1000147,tram,1,6.2,2,deboarding_links,14.323054926724991,1,999999,2.0,0,0.0,999999,0.15,4,0,"LINESTRING (139.712429 35.716246999999996, 139.712529 35.716347)",w_bus_only;w_bus_metro;d_bus_only;d_bus_metro,東京都交通局,-1,6.2.628:1;2;3;4;5;6;7;8;9;10;11;12;13;14;15;16;17;18
1001884,1000147,1500638,tram,1,6.2,2,boarding_links,14.323054926724991,1,999999,2.0,0,10.0,999999,0.15,4,0,"LINESTRING (139.712529 35.716347, 139.712429 35.716246999999996)",w_bus_only;w_bus_metro;d_bus_only;d_bus_metro,東京都交通局,-1,6.2.628:1;2;3;4;5;6;7;8;9;10;11;12;13;14;15;16;17;18;19;20;21;22;23;24;25
1001885,1500638,1000147,tram,1,6.2,2,deboarding_links,14.323054926724991,1,999999,2.0,0,0.0,999999,0.15,4,0,"LINESTRING (139.712429 35.716246999999996, 139.712529 35.716347)",w_bus_only;w_bus_metro;d_bus_only;d_bus_metro,東京都交通局,-1,6.2.628:1;2;3;4;5;6;7;8;9;10;11;12;13;14;15;16;17;18;19;20;21;22;23;24;25
1001886,1000147,1500639,tram,1,6.2,2,boarding_links,14.323054926724991,1,999999,2.0,0,1.0714285714285714,999999,0.15,4,0,"LINESTRING (139.712529 35.716347, 139.712429 35.716246999999996)",w_bus_only;w_bus_metro;d_bus_only;d_bus_metro,東京都交通局,-1,6.2.628:1;2;3;4;5;6;7;8;9;10;11;12;13;14;15;16;17;18;19;20;21;22;23;24;25;26;27;28;29;30
1001887,1500639,1000147,tram,1,6.2,2,deboarding_links,14.323054926724991,1,999999,2.0,0,0.0,999999,0.15,4,0,"LINESTRING (139.712429 35.716246999999996, 139.712529 35.716347)",w_bus_only;w_bus_metro;d_bus_only;d_bus_metro,東京都交通局,-1,6.2.628:1;2;3;4;5;6;7;8;9;10;11;12;13;14;15;16;17;18;19;20;21;22;23;24;25;26;27;28;29;30
1001888,1000148,1500640,tram,1,6.2,2,boarding_links,14.323293076782415,1,999999,2.0,0,10.0,999999,0.15,4,0,"LINESTRING (139.714199 35.713012, 139.714099 35.712911999999996)",w_bus_only;w_bus_metro;d_bus_only;d_bus_metro,東京都交通局,-1,6.2.629:1;2;3;4;5;6;7;8;9;10;11;12;13;14;15;16;17;18
1001889,1500640,1000148,tram,1,6.2,2,deboarding_links,14.323293076782415,1,999999,2.0,0,0.0,999999,0.15,4,0,"LINESTRING (139.714099 35.712911999999996, 139.714199 35.713012)",w_bus_only;w_bus_metro;d_bus_only;d_bus_metro,東京都交通局,-1,6.2.629:1;2;3;4;5;6;7;8;9;10;11;12;13;14;15;16;17;18
1001890,1000148,1500641,tram,1,6.2,2,boarding_links,14.323293076782415,1,999999,2.0,0,10.0,999999,0.15,4,0,"LINESTRING (139.714199 35.713012, 139.714099 35.712911999999996)",w_bus_only;w_bus_metro;d_bus_only;d_bus_metro,東京都交通局,-1,6.2.629:1;2;3;4;5;6;7;8;9;10;11;12;13;14;15;16;17;18;19;20;21;22;23;24;25
1001891,1500641,1000148,tram,1,6.2,2,deboarding_links,14.323293076782415,1,999999,2.0,0,0.0,999999,0.15,4,0,"LINESTRING (139.714099 35.712911999999996, 139.714199 35.713012)",w_bus_only;w_bus_metro;d_bus_only;d_bus_metro,東京都交通局,-1,6.2.629:1;2;3;4;5;6;7;8;9;10;11;12;13;14;15;16;17;18;19;20;21;22;23;24;25
1001892,1000148,1500642,tram,1,6.2,2,boarding_links,14.323293076782415,1,999999,2.0,0,1.0714285714285714,999999,0.15,4,0,"LINESTRING (139.714199 35.713012, 139.714099 35.712911999999996)",w_bus_only;w_bus_metro;d_bus_only;d_bus_metro,東京都交通局,-1,6.2.629:1;2;3;4;5;6;7;8;9;10;11;12;13;14;15;16;17;18;19;20;21;22;23;24;25;26;27;28;29;30
1001893,1500642,1000148,tram,1,6.2,2,deboarding_links,14.323293076782415,1,999999,2.0,0,0.0,999999,0.15,4,0,"LINESTRING (139.714099 35.712911999999996, 139.714199 35.713012)",w_bus_only;w_bus_metro;d_bus_only;d_bus_metro,東京都交通局,-1,6.2.629:1;2;3;4;5;6;7;8;9;10;11;12;13;14;15;16;17;18;19;20;21;22;23;24;25;26;27;28;29;30
1001894,1000149,1500643,tram,1,6.2,2,boarding_links,14.323382477814556,1,999999,2.0,0,10.0,999999,0.15,4,0,"LINESTRING (139.719003 35.71176, 139.71890299999998 35.711659999999995)",w_bus_only;w_bus_metro;d_bus_only;d_bus_metro,東京都交通局,-1,6.2.630:1;2;3;4;5;6;7;8;9;10;11;12;13;14;15;16;17;18
1001895,1500643,1000149,tram,1,6.2,2,deboarding_links,14.323382477814556,1,999999,2.0,0,0.0,999999,0.15,4,0,"LINESTRING (139.71890299999998 35.711659999999995, 139.719003 35.71176)",w_bus_only;w_bus_metro;d_bus_only;d_bus_metro,東京都交通局,-1,6.2.630:1;2;3;4;5;6;7;8;9;10;11;12;13;14;15;16;17;18
1001896,1000149,1500644,tram,1,6.2,2,boarding_links,14.323382477814556,1,999999,2.0,0,10.0,999999,0.15,4,0,"LINESTRING (139.719003 35.71176, 139.71890299999998 35.711659999999995)",w_bus_only;w_bus_metro;d_bus_only;d_bus_metro,東京都交通局,-1,6.2.630:1;2;3;4;5;6;7;8;9;10;11;12;13;14;15;16;17;18;19;20;21;22;23;24;25
1001897,1500644,1000149,tram,1,6.2,2,deboarding_links,14.323382477814556,1,999999,2.0,0,0.0,999999,0.15,4,0,"LINESTRING (139.71890299999998 35.711659999999995, 139.719003 35.71176)",w_bus_only;w_bus_metro;d_bus_only;d_bus_metro,東京都交通局,-1,6.2.630:1;2;3;4;5;6;7;8;9;10;11;12;13;14;15;16;17;18;19;20;21;22;23;24;25
1001898,1000149,1500645,tram,1,6.2,2,boarding_links,14.323382477814556,1,999999,2.0,0,1.0714285714285714,999999,0.15,4,0,"LINESTRING (139.719003 35.71176, 139.71890299999998 35.711659999999995)",w_bus_only;w_bus_metro;d_bus_only;d_bus_metro,東京都交通局,-1,6.2.630:1;2;3;4;5;6;7;8;9;10;11;12;13;14;15;16;17;18;19;20;21;22;23;24;25;26;27;28;29;30
1001899,1500645,1000149,tram,1,6.2,2,deboarding_links,14.323382477814556,1,999999,2.0,0,0.0,999999,0.15,4,0,"LINESTRING (139.71890299999998 35.711659999999995, 139.719003 35.71176)",w_bus_only;w_bus_metro;d_bus_only;d_bus_metro,東京都交通局,-1,6.2.630:1;2;3;4;5;6;7;8;9;10;11;12;13;14;15;16;17;18;19;20;21;22;23;24;25;26;27;28;29;30
11,1000024,1000008,sta2sta,1,-1,3,transferring_links,285.32830426364904,1,999999,1.0,60,0.285328304263649,999999,0.15,4,99,"LINESTRING (139.748998 35.64865, 139.746877 35.646749)",w_metro_only;d_metro_only,,,
12,1000008,1000024,sta2sta,1,-1,3,transferring_links,285.32830426364904,1,999999,1.0,60,0.285328304263649,999999,0.15,4,99,"LINESTRING (139.746877 35.646749, 139.748998 35.64865)",w_metro_only;d_metro_only,,,
21,1000053,1000030,sta2sta,1,-1,3,transferring_links,74.2912523252182,1,999999,1.0,60,0.0742912523252182,999999,0.15,4,99,"LINESTRING (139.757981 35.695972, 139.758213 35.695331)",w_metro_only;d_metro_only,,,
22,1000030,1000053,sta2sta,1,-1,3,transferring_links,74.2912523252182,1,999999,1.0,60,0.0742912523252182,999999,0.15,4,99,"LINESTRING (139.758213 35.695331, 139.757981 35.695972)",w_metro_only;d_metro_only,,,
23,1000056,1000015,sta2sta,1,-1,3,transferring_links,171.1311249344759,1,999999,1.0,60,0.1711311249344759,999999,0.15,4,99,"LINESTRING (139.783006 35.69193, 139.784886 35.692123)",w_metro_only;d_metro_only,,,
24,1000015,1000056,sta2sta,1,-1,3,transferring_links,171.1311249344759,1,999999,1.0,60,0.1711311249344759,999999,0.15,4,99,"LINESTRING (139.784886 35.692123, 139.783006 35.69193)",w_metro_only;d_metro_only,,,
27,1000075,1000032,sta2sta,1,-1,3,transferring_links,136.25315432255212,1,999999,1.0,60,0.1362531543225521,999999,0.15,4,99,"LINESTRING (139.752487 35.708493, 139.753287 35.709532)",w_metro_only;d_metro_only,,,
28,1000032,1000075,sta2sta,1,-1,3,transferring_links,136.25315432255212,1,999999,1.0,60,0.1362531543225521,999999,0.15,4,99,"LINESTRING (139.753287 35.709532, 139.752487 35.708493)",w_metro_only;d_metro_only,,,
29,1000079,1000017,sta2sta,1,-1,3,transferring_links,300.70776691983946,1,999999,1.0,60,0.30070776691983947,999999,0.15,4,99,"LINESTRING (139.792244 35.705587, 139.790858 35.703128)",w_metro_only;d_metro_only,,,
30,1000017,1000079,sta2sta,1,-1,3,transferring_links,300.70776691983946,1,999999,1.0,60,0.30070776691983947,999999,0.15,4,99,"LINESTRING (139.790858 35.703128, 139.792244 35.705587)",w_metro_only;d_metro_only,,,
31,1000081,1000058,sta2sta,1,-1,3,transferring_links,147.16170298395997,1,999999,1.0,60,0.14716170298395997,999999,0.15,4,99,"LINESTRING (139.798251 35.687926, 139.796623 35.687982)",w_metro_only;d_metro_only,,,
32,1000058,1000081,sta2sta,1,-1,3,transferring_links,147.16170298395997,1,999999,1.0,60,0.14716170298395997,999999,0.15,4,99,"LINESTRING (139.796623 35.687982, 139.798251 35.687926)",w_metro_only;d_metro_only,,,
33,1000087,1000010,sta2sta,1,-1,3,transferring_links,256.6790267324645,1,999999,1.0,60,0.25667902673246445,999999,0.15,4,99,"LINESTRING (139.760225 35.663193, 139.759338 35.665386)",w_metro_only;d_metro_only,,,
34,1000010,1000087,sta2sta,1,-1,3,transferring_links,256.6790267324645,1,999999,1.0,60,0.25667902673246445,999999,0.15,4,99,"LINESTRING (139.759338 35.665386, 139.760225 35.663193)",w_metro_only;d_metro_only,,,
35,1000088,1000009,sta2sta,1,-1,3,transferring_links,94.51130336707148,1,999999,1.0,60,0.09451130336707148,999999,0.15,4,99,"LINESTRING (139.755696 35.656671, 139.754679 35.65687)",w_metro_only;d_metro_only,,,
36,1000009,1000088,sta2sta,1,-1,3,transferring_links,94.51130336707148,1,999999,1.0,60,0.09451130336707148,999999,0.15,4,99,"LINESTRING (139.754679 35.65687, 139.755696 35.656671)",w_metro_only;d_metro_only,,,
37,1000095,1000048,sta2sta,1,-1,3,transferring_links,54.37360633344254,1,999999,1.0,60,0.054373606333442535,999999,0.15,4,99,"LINESTRING (139.699019 35.688462, 139.698418 35.688433)",w_metro_only;d_metro_only,,,
38,1000048,1000095,sta2sta,1,-1,3,transferring_links,54.37360633344254,1,999999,1.0,60,0.054373606333442535,999999,0.15,4,99,"LINESTRING (139.698418 35.688433, 139.699019 35.688462)",w_metro_only;d_metro_only,,,
41,1000128,1000110,sta2sta,1,-1,3,transferring_links,4.023026831790818,1,999999,1.0,60,0.004023026831790818,999999,0.15,4,1000,"LINESTRING (139.769859 35.748487, 139.769828 35.748513)",closed,,,
42,1000110,1000128,sta2sta,1,-1,3,transferring_links,4.023026831790818,1,999999,1.0,60,0.004023026831790818,999999,0.15,4,1000,"LINESTRING (139.769828 35.748513, 139.769859 35.748487)",closed,,,
43,1000139,1000036,sta2sta,1,-1,3,transferring_links,314.7821864948504,1,999999,1.0,60,0.3147821864948504,999999,0.15,4,0,"LINESTRING (139.730344 35.74107, 139.728703 35.743568)",w_bus_metro;d_bus_metro,,,
44,1000036,1000139,sta2sta,1,-1,3,transferring_links,314.7821864948504,1,999999,1.0,60,0.3147821864948504,999999,0.15,4,0,"LINESTRING (139.728703 35.743568, 139.730344 35.74107)",w_bus_metro;d_bus_metro,,,
