name,node_id,physical_node_id,x_coord,y_coord,route_type,route_id,node_type,directed_route_id,directed_service_id,zone_id,agency_name,geometry,terminal_flag,ctrl_type,agent_type
101,1000001,1000001,139.706086,35.58705,1,1,metro_station,,,,東京都交通局,POINT (139.706086 35.58705),1,,
102,1000002,1000002,139.711884,35.596773,1,1,metro_station,,,,東京都交通局,POINT (139.711884 35.596773),0,,
103,1000003,1000003,139.713645,35.605274,1,1,metro_station,,,,東京都交通局,POINT (139.713645 35.605274),0,,
104,1000004,1000004,139.716315,35.614421,1,1,metro_station,,,,東京都交通局,POINT (139.716315 35.614421),0,,
105,1000005,1000005,139.723965,35.626878,1,1,metro_station,,,,東京都交通局,POINT (139.723965 35.626878),0,,
106,1000006,1000006,139.730384,35.631751,1,1,metro_station,,,,東京都交通局,POINT (139.730384 35.631751),0,,
107,1000007,1000007,139.739993,35.638715,1,1,metro_station,,,,東京都交通局,POINT (139.739993 35.638715),1,,
108,1000008,1000008,139.746877,35.646749,1,1,metro_station,,,,東京都交通局,POINT (139.746877 35.646749),0,,
109,1000009,1000009,139.754679,35.65687,1,1,metro_station,,,,東京都交通局,POINT (139.754679 35.65687),0,,
110,1000010,1000010,139.759338,35.665386,1,1,metro_station,,,,東京都交通局,POINT (139.759338 35.665386),0,,
111,1000011,1000011,139.76735,35.669915,1,1,metro_station,,,,東京都交通局,POINT (139.76735 35.669915),0,,
112,1000012,1000012,139.771966,35.675606,1,1,metro_station,,,,東京都交通局,POINT (139.771966 35.675606),0,,
113,1000013,1000013,139.775814,35.681796,1,1,metro_station,,,,東京都交通局,POINT (139.775814 35.681796),0,,
114,1000014,1000014,139.782276,35.686345,1,1,metro_station,,,,東京都交通局,POINT (139.782276 35.686345),0,,
115,1000015,1000015,139.784886,35.692123,1,1,metro_station,,,,東京都交通局,POINT (139.784886 35.692123),0,,
116,1000016,1000016,139.786335,35.697494,1,1,metro_station,,,,東京都交通局,POINT (139.786335 35.697494),0,,
117,1000017,1000017,139.790858,35.703128,1,1,metro_station,,,,東京都交通局,POINT (139.790858 35.703128),0,,
118,1000018,1000018,139.796542,35.70892,1,1,metro_station,,,,東京都交通局,POINT (139.796542 35.70892),0,,
119,1000019,1000019,139.804397,35.708565,1,1,metro_station,,,,東京都交通局,POINT (139.804397 35.708565),0,,
120,1000020,1000020,139.812993,35.710824,1,1,metro_station,,,,東京都交通局,POINT (139.812993 35.710824),1,,
201,1000021,1000021,139.715444,35.633635,1,2,metro_station,,,,東京都交通局,POINT (139.715444 35.633635),1,,
202,1000022,1000022,139.726007,35.637851,1,2,metro_station,,,,東京都交通局,POINT (139.726007 35.637851),0,,
203,1000023,1000023,139.734344,35.643283,1,2,metro_station,,,,東京都交通局,POINT (139.734344 35.643283),0,,
204,1000024,1000024,139.748998,35.64865,1,2,metro_station,,,,東京都交通局,POINT (139.748998 35.64865),0,,
205,1000025,1000025,139.74985,35.654186,1,2,metro_station,,,,東京都交通局,POINT (139.74985 35.654186),0,,
206,1000026,1000026,139.751366,35.660774,1,2,metro_station,,,,東京都交通局,POINT (139.751366 35.660774),0,,
207,1000027,1000027,139.75533,35.669344,1,2,metro_station,,,,東京都交通局,POINT (139.75533 35.669344),0,,
208,1000028,1000028,139.760274,35.676585,1,2,metro_station,,,,東京都交通局,POINT (139.760274 35.676585),0,,
209,1000029,1000029,139.762798,35.684093,1,2,metro_station,,,,東京都交通局,POINT (139.762798 35.684093),0,,
210,1000030,1000030,139.758213,35.695331,1,2,metro_station,,,,東京都交通局,POINT (139.758213 35.695331),0,,
211,1000031,1000031,139.755147,35.70346,1,2,metro_station,,,,東京都交通局,POINT (139.755147 35.70346),0,,
212,1000032,1000032,139.753287,35.709532,1,2,metro_station,,,,東京都交通局,POINT (139.753287 35.709532),0,,
213,1000033,1000033,139.752134,35.721682,1,2,metro_station,,,,東京都交通局,POINT (139.752134 35.721682),0,,
214,1000034,1000034,139.744984,35.727772,1,2,metro_station,,,,東京都交通局,POINT (139.744984 35.727772),0,,
215,1000035,1000035,139.738154,35.733793,1,2,metro_station,,,,東京都交通局,POINT (139.738154 35.733793),0,,
216,1000036,1000036,139.728703,35.743568,1,2,metro_station,,,,東京都交通局,POINT (139.728703 35.743568),0,,
217,1000037,1000037,139.719808,35.748772,1,2,metro_station,,,,東京都交通局,POINT (139.719808 35.748772),0,,
218,1000038,1000038,139.71012,35.751372,1,2,metro_station,,,,東京都交通局,POINT (139.71012 35.751372),0,,
219,1000039,1000039,139.705544,35.761309,1,2,metro_station,,,,東京都交通局,POINT (139.705544 35.761309),0,,
220,1000040,1000040,139.70241,35.768566,1,2,metro_station,,,,東京都交通局,POINT (139.70241 35.768566),0,,
221,1000041,1000041,139.695097,35.776082,1,2,metro_station,,,,東京都交通局,POINT (139.695097 35.776082),0,,
222,1000042,1000042,139.685751,35.777468,1,2,metro_station,,,,東京都交通局,POINT (139.685751 35.777468),0,,
223,1000043,1000043,139.678947,35.784262,1,2,metro_station,,,,東京都交通局,POINT (139.678947 35.784262),0,,
224,1000044,1000044,139.672867,35.787074,1,2,metro_station,,,,東京都交通局,POINT (139.672867 35.787074),0,,
225,1000045,1000045,139.661361,35.788908,1,2,metro_station,,,,東京都交通局,POINT (139.661361 35.788908),0,,
226,1000046,1000046,139.65405,35.790289,1,2,metro_station,,,,東京都交通局,POINT (139.65405 35.790289),0,,
227,1000047,1000047,139.645421,35.791965,1,2,metro_station,,,,東京都交通局,POINT (139.645421 35.791965),1,,
301,1000048,1000048,139.698418,35.688433,1,3,metro_station,,,,東京都交通局,POINT (139.698418 35.688433),1,,
302,1000049,1000049,139.706794,35.691016,1,3,metro_station,,,,東京都交通局,POINT (139.706794 35.691016),0,,
303,1000050,1000050,139.722317,35.692402,1,3,metro_station,,,,東京都交通局,POINT (139.722317 35.692402),0,,
304,1000051,1000051,139.737588,35.69153,1,3,metro_station,,,,東京都交通局,POINT (139.737588 35.69153),0,,
305,1000052,1000052,139.751738,35.695546,1,3,metro_station,,,,東京都交通局,POINT (139.751738 35.695546),0,,
306,1000053,1000053,139.757981,35.695972,1,3,metro_station,,,,東京都交通局,POINT (139.757981 35.695972),0,,
307,1000054,1000054,139.766449,35.695005,1,3,metro_station,,,,東京都交通局,POINT (139.766449 35.695005),0,,
308,1000055,1000055,139.775115,35.695607,1,3,metro_station,,,,東京都交通局,POINT (139.775115 35.695607),0,,
309,1000056,1000056,139.783006,35.69193,1,3,metro_station,,,,東京都交通局,POINT (139.783006 35.69193),0,,
310,1000057,1000057,139.787725,35.688601,1,3,metro_station,,,,東京都交通局,POINT (139.787725 35.688601),0,,
311,1000058,1000058,139.796623,35.687982,1,3,metro_station,,,,東京都交通局,POINT (139.796623 35.687982),0,,
312,1000059,1000059,139.806057,35.688399,1,3,metro_station,,,,東京都交通局,POINT (139.806057 35.688399),0,,
313,1000060,1000060,139.815723,35.68904,1,3,metro_station,,,,東京都交通局,POINT (139.815723 35.68904),0,,
314,1000061,1000061,139.826231,35.689391,1,3,metro_station,,,,東京都交通局,POINT (139.826231 35.689391),0,,
315,1000062,1000062,139.834705,35.689752,1,3,metro_station,,,,東京都交通局,POINT (139.834705 35.689752),0,,
316,1000063,1000063,139.847255,35.689959,1,3,metro_station,,,,東京都交通局,POINT (139.847255 35.689959),0,,
317,1000064,1000064,139.863955,35.68376,1,3,metro_station,,,,東京都交通局,POINT (139.863955 35.68376),0,,
318,1000065,1000065,139.882586,35.685987,1,3,metro_station,,,,東京都交通局,POINT (139.882586 35.685987),0,,
319,1000066,1000066,139.8977,35.69351,1,3,metro_station,,,,東京都交通局,POINT (139.8977 35.69351),0,,
320,1000067,1000067,139.903796,35.706022,1,3,metro_station,,,,東京都交通局,POINT (139.903796 35.706022),0,,
321,1000068,1000068,139.926613,35.722819,1,3,metro_station,,,,東京都交通局,POINT (139.926613 35.722819),1,,
402,1000069,1000069,139.699121,35.693367,1,4,metro_station,,,,東京都交通局,POINT (139.699121 35.693367),0,,
403,1000070,1000070,139.707434,35.697957,1,4,metro_station,,,,東京都交通局,POINT (139.707434 35.697957),0,,
404,1000071,1000071,139.718043,35.699188,1,4,metro_station,,,,東京都交通局,POINT (139.718043 35.699188),0,,
405,1000072,1000072,139.72504,35.699501,1,4,metro_station,,,,東京都交通局,POINT (139.72504 35.699501),0,,
406,1000073,1000073,139.735894,35.700911,1,4,metro_station,,,,東京都交通局,POINT (139.735894 35.700911),0,,
407,1000074,1000074,139.745257,35.702952,1,4,metro_station,,,,東京都交通局,POINT (139.745257 35.702952),0,,
408,1000075,1000075,139.752487,35.708493,1,4,metro_station,,,,東京都交通局,POINT (139.752487 35.708493),0,,
409,1000076,1000076,139.760524,35.70751,1,4,metro_station,,,,東京都交通局,POINT (139.760524 35.70751),0,,
410,1000077,1000077,139.773351,35.707949,1,4,metro_station,,,,東京都交通局,POINT (139.773351 35.707949),0,,
411,1000078,1000078,139.782166,35.707009,1,4,metro_station,,,,東京都交通局,POINT (139.782166 35.707009),0,,
412,1000079,1000079,139.792244,35.705587,1,4,metro_station,,,,東京都交通局,POINT (139.792244 35.705587),0,,
413,1000080,1000080,139.797469,35.696807,1,4,metro_station,,,,東京都交通局,POINT (139.797469 35.696807),0,,
414,1000081,1000081,139.798251,35.687926,1,4,metro_station,,,,東京都交通局,POINT (139.798251 35.687926),0,,
415,1000082,1000082,139.798758,35.682355,1,4,metro_station,,,,東京都交通局,POINT (139.798758 35.682355),1,,
416,1000083,1000083,139.795124,35.672772,1,4,metro_station,,,,東京都交通局,POINT (139.795124 35.672772),0,,
417,1000084,1000084,139.783912,35.663757,1,4,metro_station,,,,東京都交通局,POINT (139.783912 35.663757),0,,
418,1000085,1000085,139.777138,35.658934,1,4,metro_station,,,,東京都交通局,POINT (139.777138 35.658934),0,,
419,1000086,1000086,139.766929,35.664919,1,4,metro_station,,,,東京都交通局,POINT (139.766929 35.664919),0,,
420,1000087,1000087,139.760225,35.663193,1,4,metro_station,,,,東京都交通局,POINT (139.760225 35.663193),0,,
421,1000088,1000088,139.755696,35.656671,1,4,metro_station,,,,東京都交通局,POINT (139.755696 35.656671),0,,
422,1000089,1000089,139.743989,35.654985,1,4,metro_station,,,,東京都交通局,POINT (139.743989 35.654985),0,,
423,1000090,1000090,139.73633,35.656448,1,4,metro_station,,,,東京都交通局,POINT (139.73633 35.656448),0,,
424,1000091,1000091,139.731354,35.664106,1,4,metro_station,,,,東京都交通局,POINT (139.731354 35.664106),0,,
425,1000092,1000092,139.723925,35.673067,1,4,metro_station,,,,東京都交通局,POINT (139.723925 35.673067),0,,
426,1000093,1000093,139.714667,35.679896,1,4,metro_station,,,,東京都交通局,POINT (139.714667 35.679896),0,,
427,1000094,1000094,139.701603,35.683505,1,4,metro_station,,,,東京都交通局,POINT (139.701603 35.683505),0,,
428,1000095,1000095,139.699019,35.688462,1,4,metro_station,,,,東京都交通局,POINT (139.699019 35.688462),0,,
429,1000096,1000096,139.692677,35.690607,1,4,metro_station,,,,東京都交通局,POINT (139.692677 35.690607),0,,
430,1000097,1000097,139.684545,35.689892,1,4,metro_station,,,,東京都交通局,POINT (139.684545 35.689892),0,,
431,1000098,1000098,139.682899,35.697887,1,4,metro_station,,,,東京都交通局,POINT (139.682899 35.697887),0,,
432,1000099,1000099,139.683112,35.70716,1,4,metro_station,,,,東京都交通局,POINT (139.683112 35.70716),0,,
433,1000100,1000100,139.686296,35.713935,1,4,metro_station,,,,東京都交通局,POINT (139.686296 35.713935),0,,
434,1000101,1000101,139.683389,35.723435,1,4,metro_station,,,,東京都交通局,POINT (139.683389 35.723435),0,,
435,1000102,1000102,139.670498,35.732579,1,4,metro_station,,,,東京都交通局,POINT (139.670498 35.732579),0,,
436,1000103,1000103,139.654762,35.737411,1,4,metro_station,,,,東京都交通局,POINT (139.654762 35.737411),0,,
437,1000104,1000104,139.649116,35.741711,1,4,metro_station,,,,東京都交通局,POINT (139.649116 35.741711),0,,
438,1000105,1000105,139.6403,35.75141,1,4,metro_station,,,,東京都交通局,POINT (139.6403 35.75141),0,,
439,1000106,1000106,139.628901,35.758527,1,4,metro_station,,,,東京都交通局,POINT (139.628901 35.758527),1,,
501,1000107,1000107,139.771121,35.728793,2,5,rail_station,,,,東京都交通局,POINT (139.771121 35.728793),1,,
502,1000108,1000108,139.768169,35.733739,2,5,rail_station,,,,東京都交通局,POINT (139.768169 35.733739),0,,
503,1000109,1000109,139.769025,35.742868,2,5,rail_station,,,,東京都交通局,POINT (139.769025 35.742868),0,,
504,1000110,1000110,139.769828,35.748513,2,5,rail_station,,,,東京都交通局,POINT (139.769828 35.748513),0,,
505,1000111,1000111,139.770376,35.754655,2,5,rail_station,,,,東京都交通局,POINT (139.770376 35.754655),0,,
506,1000112,1000112,139.770798,35.763906,2,5,rail_station,,,,東京都交通局,POINT (139.770798 35.763906),0,,
507,1000113,1000113,139.770692,35.768351,2,5,rail_station,,,,東京都交通局,POINT (139.770692 35.768351),0,,
508,1000114,1000114,139.77029,35.773954,2,5,rail_station,,,,東京都交通局,POINT (139.77029 35.773954),0,,
509,1000115,1000115,139.770077,35.78151,2,5,rail_station,,,,東京都交通局,POINT (139.770077 35.78151),0,,
510,1000116,1000116,139.770036,35.788787,2,5,rail_station,,,,東京都交通局,POINT (139.770036 35.788787),0,,
511,1000117,1000117,139.770159,35.796384,2,5,rail_station,,,,東京都交通局,POINT (139.770159 35.796384),0,,
512,1000118,1000118,139.770069,35.80569,2,5,rail_station,,,,東京都交通局,POINT (139.770069 35.80569),0,,
513,1000119,1000119,139.770707,35.814541,2,5,rail_station,,,,東京都交通局,POINT (139.770707 35.814541),1,,
601,1000120,1000120,139.791509,35.732207,0,6,stop,,,,東京都交通局,POINT (139.791509 35.732207),1,,
602,1000121,1000121,139.788841,35.733768,0,6,stop,,,,東京都交通局,POINT (139.788841 35.733768),0,,
603,1000122,1000122,139.786416,35.734913,0,6,stop,,,,東京都交通局,POINT (139.786416 35.734913),0,,
604,1000123,1000123,139.784704,35.738573,0,6,stop,,,,東京都交通局,POINT (139.784704 35.738573),0,,
605,1000124,1000124,139.78421,35.741923,0,6,stop,,,,東京都交通局,POINT (139.78421 35.741923),0,,
606,1000125,1000125,139.780891,35.742783,0,6,stop,,,,東京都交通局,POINT (139.780891 35.742783),0,,
607,1000126,1000126,139.776416,35.743919,0,6,stop,,,,東京都交通局,POINT (139.776416 35.743919),0,,
608,1000127,1000127,139.773867,35.745626,0,6,stop,,,,東京都交通局,POINT (139.773867 35.745626),0,,
609,1000128,1000128,139.769859,35.748487,0,6,stop,,,,東京都交通局,POINT (139.769859 35.748487),0,,
610,1000129,1000129,139.76619,35.749811,0,6,stop,,,,東京都交通局,POINT (139.76619 35.749811),0,,
611,1000130,1000130,139.761739,35.750477,0,6,stop,,,,東京都交通局,POINT (139.761739 35.750477),0,,
612,1000131,1000131,139.757517,35.750646,0,6,stop,,,,東京都交通局,POINT (139.757517 35.750646),0,,
613,1000132,1000132,139.752461,35.750865,0,6,stop,,,,東京都交通局,POINT (139.752461 35.750865),0,,
614,1000133,1000133,139.747268,35.75107,0,6,stop,,,,東京都交通局,POINT (139.747268 35.75107),0,,
615,1000134,1000134,139.742186,35.750865,0,6,stop,,,,東京都交通局,POINT (139.742186 35.750865),0,,
616,1000135,1000135,139.738045,35.752982,0,6,stop,,,,東京都交通局,POINT (139.738045 35.752982),0,,
617,1000136,1000136,139.737333,35.750109,0,6,stop,,,,東京都交通局,POINT (139.737333 35.750109),0,,
618,1000137,1000137,139.73542,35.747283,0,6,stop,,,,東京都交通局,POINT (139.73542 35.747283),0,,
619,1000138,1000138,139.732665,35.744222,0,6,stop,,,,東京都交通局,POINT (139.732665 35.744222),0,,
620,1000139,1000139,139.730344,35.74107,0,6,stop,,,,東京都交通局,POINT (139.730344 35.74107),0,,
621,1000140,1000140,139.729625,35.739504,0,6,stop,,,,東京都交通局,POINT (139.729625 35.739504),0,,
622,1000141,1000141,139.727684,35.735682,0,6,stop,,,,東京都交通局,POINT (139.727684 35.735682),0,,
623,1000142,1000142,139.729098,35.731188,0,6,stop,,,,東京都交通局,POINT (139.729098 35.731188),0,,
624,1000143,1000143,139.724759,35.728775,0,6,stop,,,,東京都交通局,POINT (139.724759 35.728775),0,,
625,1000144,1000144,139.720404,35.725398,0,6,stop,,,,東京都交通局,POINT (139.720404 35.725398),0,,
626,1000145,1000145,139.717835,35.724081,0,6,stop,,,,東京都交通局,POINT (139.717835 35.724081),0,,
627,1000146,1000146,139.71516,35.720569,0,6,stop,,,,東京都交通局,POINT (139.71516 35.720569),0,,
628,1000147,1000147,139.712529,35.716347,0,6,stop,,,,東京都交通局,POINT (139.712529 35.716347),0,,
629,1000148,1000148,139.714199,35.713012,0,6,stop,,,,東京都交通局,POINT (139.714199 35.713012),0,,
630,1000149,1000149,139.719003,35.71176,0,6,stop,,,,東京都交通局,POINT (139.719003 35.71176),1,,
1.1.101:1;2;3;4;5;6;7,1500001,1000001,139.705986,35.586949999999995,1,1,metro_service_node,1.1,1.1:1;2;3;4;5;6;7,,東京都交通局,POINT (139.705986 35.586949999999995),1,,
1.1.101:1;2;3;4;5;6;7;8;9;10;11;12;13;14;15;16;17;18;19;20,1500002,1000001,139.705986,35.586949999999995,1,1,metro_service_node,1.1,1.1:1;2;3;4;5;6;7;8;9;10;11;12;13;14;15;16;17;18;19;20,,東京都交通局,POINT (139.705986 35.586949999999995),1,,
1.1.102:1;2;3;4;5;6;7,1500003,1000002,139.711784,35.596672999999996,1,1,metro_service_node,1.1,1.1:1;2;3;4;5;6;7,,東京都交通局,POINT (139.711784 35.596672999999996),0,,
1.1.102:1;2;3;4;5;6;7;8;9;10;11;12;13;14;15;16;17;18;19;20,1500004,1000002,139.711784,35.596672999999996,1,1,metro_service_node,1.1,1.1:1;2;3;4;5;6;7;8;9;10;11;12;13;14;15;16;17;18;19;20,,東京都交通局,POINT (139.711784 35.596672999999996),0,,
1.1.103:1;2;3;4;5;6;7,1500005,1000003,139.713545,35.605174,1,1,metro_service_node,1.1,1.1:1;2;3;4;5;6;7,,東京都交通局,POINT (139.713545 35.605174),0,,
1.1.103:1;2;3;4;5;6;7;8;9;10;11;12;13;14;15;16;17;18;19;20,1500006,1000003,139.713545,35.605174,1,1,metro_service_node,1.1,1.1:1;2;3;4;5;6;7;8;9;10;11;12;13;14;15;16;17;18;19;20,,東京都交通局,POINT (139.713545 35.605174),0,,
1.1.104:1;2;3;4;5;6;7,1500007,1000004,139.716215,35.614321,1,1,metro_service_node,1.1,1.1:1;2;3;4;5;6;7,,東京都交通局,POINT (139.716215 35.614321),0,,
1.1.104:1;2;3;4;5;6;7;8;9;10;11;12;13;14;15;16;17;18;19;20,1500008,1000004,139.716215,35.614321,1,1,metro_service_node,1.1,1.1:1;2;3;4;5;6;7;8;9;10;11;12;13;14;15;16;17;18;19;20,,東京都交通局,POINT (139.716215 35.614321),0,,
1.1.105:1;2;3;4;5;6;7,1500009,1000005,139.723865,35.626777999999995,1,1,metro_service_node,1.1,1.1:1;2;3;4;5;6;7,,東京都交通局,POINT (139.723865 35.626777999999995),0,,
1.1.105:1;2;3;4;5;6;7;8;9;10;11;12;13;14;15;16;17;18;19;20,1500010,1000005,139.723865,35.626777999999995,1,1,metro_service_node,1.1,1.1:1;2;3;4;5;6;7;8;9;10;11;12;13;14;15;16;17;18;19;20,,東京都交通局,POINT (139.723865 35.626777999999995),0,,
1.1.106:1;2;3;4;5;6;7,1500011,1000006,139.73028399999998,35.631651,1,1,metro_service_node,1.1,1.1:1;2;3;4;5;6;7,,東京都交通局,POINT (139.73028399999998 35.631651),0,,
1.1.106:1;2;3;4;5;6;7;8;9;10;11;12;13;14;15;16;17;18;19;20,1500012,1000006,139.73028399999998,35.631651,1,1,metro_service_node,1.1,1.1:1;2;3;4;5;6;7;8;9;10;11;12;13;14;15;16;17;18;19;20,,東京都交通局,POINT (139.73028399999998 35.631651),0,,
1.1.107:1;2;3;4;5;6;7,1500013,1000007,139.739893,35.638614999999994,1,1,metro_service_node,1.1,1.1:1;2;3;4;5;6;7,,東京都交通局,POINT (139.739893 35.638614999999994),1,,
1.1.107:1;2;3;4;5;6;7;8;9;10;11;12;13;14,1500014,1000007,139.739893,35.638614999999994,1,1,metro_service_node,1.1,1.1:1;2;3;4;5;6;7;8;9;10;11;12;13;14,,東京都交通局,POINT (139.739893 35.638614999999994),1,,
1.1.107:1;2;3;4;5;6;7;8;9;10;11;12;13;14;15;16;17;18;19;20,1500015,1000007,139.739893,35.638614999999994,1,1,metro_service_node,1.1,1.1:1;2;3;4;5;6;7;8;9;10;11;12;13;14;15;16;17;18;19;20,,東京都交通局,POINT (139.739893 35.638614999999994),0,,
1.1.108:1;2;3;4;5;6;7;8;9;10;11;12;13;14,1500016,1000008,139.746777,35.646649,1,1,metro_service_node,1.1,1.1:1;2;3;4;5;6;7;8;9;10;11;12;13;14,,東京都交通局,POINT (139.746777 35.646649),0,,
1.1.108:1;2;3;4;5;6;7;8;9;10;11;12;13;14;15;16;17;18;19;20,1500017,1000008,139.746777,35.646649,1,1,metro_service_node,1.1,1.1:1;2;3;4;5;6;7;8;9;10;11;12;13;14;15;16;17;18;19;20,,東京都交通局,POINT (139.746777 35.646649),0,,
1.1.109:1;2;3;4;5;6;7;8;9;10;11;12;13;14,1500018,1000009,139.754579,35.656769999999995,1,1,metro_service_node,1.1,1.1:1;2;3;4;5;6;7;8;9;10;11;12;13;14,,東京都交通局,POINT (139.754579 35.656769999999995),0,,
1.1.109:1;2;3;4;5;6;7;8;9;10;11;12;13;14;15;16;17;18;19;20,1500019,1000009,139.754579,35.656769999999995,1,1,metro_service_node,1.1,1.1:1;2;3;4;5;6;7;8;9;10;11;12;13;14;15;16;17;18;19;20,,東京都交通局,POINT (139.754579 35.656769999999995),0,,
1.1.110:1;2;3;4;5;6;7;8;9;10;11;12;13;14,1500020,1000010,139.759238,35.665285999999995,1,1,metro_service_node,1.1,1.1:1;2;3;4;5;6;7;8;9;10;11;12;13;14,,東京都交通局,POINT (139.759238 35.665285999999995),0,,
1.1.110:1;2;3;4;5;6;7;8;9;10;11;12;13;14;15;16;17;18;19;20,1500021,1000010,139.759238,35.665285999999995,1,1,metro_service_node,1.1,1.1:1;2;3;4;5;6;7;8;9;10;11;12;13;14;15;16;17;18;19;20,,東京都交通局,POINT (139.759238 35.665285999999995),0,,
1.1.111:1;2;3;4;5;6;7;8;9;10;11;12;13;14,1500022,1000011,139.76725,35.669815,1,1,metro_service_node,1.1,1.1:1;2;3;4;5;6;7;8;9;10;11;12;13;14,,東京都交通局,POINT (139.76725 35.669815),0,,
1.1.111:1;2;3;4;5;6;7;8;9;10;11;12;13;14;15;16;17;18;19;20,1500023,1000011,139.76725,35.669815,1,1,metro_service_node,1.1,1.1:1;2;3;4;5;6;7;8;9;10;11;12;13;14;15;16;17;18;19;20,,東京都交通局,POINT (139.76725 35.669815),0,,
1.1.112:1;2;3;4;5;6;7;8;9;10;11;12;13;14,1500024,1000012,139.771866,35.675506,1,1,metro_service_node,1.1,1.1:1;2;3;4;5;6;7;8;9;10;11;12;13;14,,東京都交通局,POINT (139.771866 35.675506),0,,
1.1.112:1;2;3;4;5;6;7;8;9;10;11;12;13;14;15;16;17;18;19;20,1500025,1000012,139.771866,35.675506,1,1,metro_service_node,1.1,1.1:1;2;3;4;5;6;7;8;9;10;11;12;13;14;15;16;17;18;19;20,,東京都交通局,POINT (139.771866 35.675506),0,,
1.1.113:1;2;3;4;5;6;7;8;9;10;11;12;13;14,1500026,1000013,139.775714,35.681695999999995,1,1,metro_service_node,1.1,1.1:1;2;3;4;5;6;7;8;9;10;11;12;13;14,,東京都交通局,POINT (139.775714 35.681695999999995),0,,
1.1.113:1;2;3;4;5;6;7;8;9;10;11;12;13;14;15;16;17;18;19;20,1500027,1000013,139.775714,35.681695999999995,1,1,metro_service_node,1.1,1.1:1;2;3;4;5;6;7;8;9;10;11;12;13;14;15;16;17;18;19;20,,東京都交通局,POINT (139.775714 35.681695999999995),0,,
1.1.114:1;2;3;4;5;6;7;8;9;10;11;12;13;14,1500028,1000014,139.782176,35.686245,1,1,metro_service_node,1.1,1.1:1;2;3;4;5;6;7;8;9;10;11;12;13;14,,東京都交通局,POINT (139.782176 35.686245),0,,
1.1.114:1;2;3;4;5;6;7;8;9;10;11;12;13;14;15;16;17;18;19;20,1500029,1000014,139.782176,35.686245,1,1,metro_service_node,1.1,1.1:1;2;3;4;5;6;7;8;9;10;11;12;13;14;15;16;17;18;19;20,,東京都交通局,POINT (139.782176 35.686245),0,,
1.1.115:1;2;3;4;5;6;7;8;9;10;11;12;13;14,1500030,1000015,139.784786,35.692023,1,1,metro_service_node,1.1,1.1:1;2;3;4;5;6;7;8;9;10;11;12;13;14,,東京都交通局,POINT (139.784786 35.692023),0,,
1.1.115:1;2;3;4;5;6;7;8;9;10;11;12;13;14;15;16;17;18;19;20,1500031,1000015,139.784786,35.692023,1,1,metro_service_node,1.1,1.1:1;2;3;4;5;6;7;8;9;10;11;12;13;14;15;16;17;18;19;20,,東京都交通局,POINT (139.784786 35.692023),0,,
1.1.116:1;2;3;4;5;6;7;8;9;10;11;12;13;14,1500032,1000016,139.786235,35.697393999999996,1,1,metro_service_node,1.1,1.1:1;2;3;4;5;6;7;8;9;10;11;12;13;14,,東京都交通局,POINT (139.786235 35.697393999999996),0,,
1.1.116:1;2;3;4;5;6;7;8;9;10;11;12;13;14;15;16;17;18;19;20,1500033,1000016,139.786235,35.697393999999996,1,1,metro_service_node,1.1,1.1:1;2;3;4;5;6;7;8;9;10;11;12;13;14;15;16;17;18;19;20,,東京都交通局,POINT (139.786235 35.697393999999996),0,,
1.1.117:1;2;3;4;5;6;7;8;9;10;11;12;13;14,1500034,1000017,139.79075799999998,35.703027999999996,1,1,metro_service_node,1.1,1.1:1;2;3;4;5;6;7;8;9;10;11;12;13;14,,東京都交通局,POINT (139.79075799999998 35.703027999999996),0,,
1.1.117:1;2;3;4;5;6;7;8;9;10;11;12;13;14;15;16;17;18;19;20,1500035,1000017,139.79075799999998,35.703027999999996,1,1,metro_service_node,1.1,1.1:1;2;3;4;5;6;7;8;9;10;11;12;13;14;15;16;17;18;19;20,,東京都交通局,POINT (139.79075799999998 35.703027999999996),0,,
1.1.118:1;2;3;4;5;6;7;8;9;10;11;12;13;14,1500036,1000018,139.79644199999998,35.708819999999996,1,1,metro_service_node,1.1,1.1:1;2;3;4;5;6;7;8;9;10;11;12;13;14,,東京都交通局,POINT (139.79644199999998 35.708819999999996),0,,
1.1.118:1;2;3;4;5;6;7;8;9;10;11;12;13;14;15;16;17;18;19;20,1500037,1000018,139.79644199999998,35.708819999999996,1,1,metro_service_node,1.1,1.1:1;2;3;4;5;6;7;8;9;10;11;12;13;14;15;16;17;18;19;20,,東京都交通局,POINT (139.79644199999998 35.708819999999996),0,,
1.1.119:1;2;3;4;5;6;7;8;9;10;11;12;13;14,1500038,1000019,139.804297,35.708465,1,1,metro_service_node,1.1,1.1:1;2;3;4;5;6;7;8;9;10;11;12;13;14,,東京都交通局,POINT (139.804297 35.708465),0,,
1.1.119:1;2;3;4;5;6;7;8;9;10;11;12;13;14;15;16;17;18;19;20,1500039,1000019,139.804297,35.708465,1,1,metro_service_node,1.1,1.1:1;2;3;4;5;6;7;8;9;10;11;12;13;14;15;16;17;18;19;20,,東京都交通局,POINT (139.804297 35.708465),0,,
1.1.120:1;2;3;4;5;6;7;8;9;10;11;12;13;14,1500040,1000020,139.812893,35.710724,1,1,metro_service_node,1.1,1.1:1;2;3;4;5;6;7;8;9;10;11;12;13;14,,東京都交通局,POINT (139.812893 35.710724),1,,
1.1.120:1;2;3;4;5;6;7;8;9;10;11;12;13;14;15;16;17;18;19;20,1500041,1000020,139.812893,35.710724,1,1,metro_service_node,1.1,1.1:1;2;3;4;5;6;7;8;9;10;11;12;13;14;15;16;17;18;19;20,,東京都交通局,POINT (139.812893 35.710724),1,,
1.2.101:1;2;3;4;5;6;7,1500042,1000001,139.705986,35.586949999999995,1,1,metro_service_node,1.2,1.2:1;2;3;4;5;6;7,,東京都交通局,POINT (139.705986 35.586949999999995),1,,
1.2.101:1;2;3;4;5;6;7;8;9;10;11;12;13;14;15;16;17;18;19;20,1500043,1000001,139.705986,35.586949999999995,1,1,metro_service_node,1.2,1.2:1;2;3;4;5;6;7;8;9;10;11;12;13;14;15;16;17;18;19;20,,東京都交通局,POINT (139.705986 35.586949999999995),1,,
1.2.102:1;2;3;4;5;6;7,1500044,1000002,139.711784,35.596672999999996,1,1,metro_service_node,1.2,1.2:1;2;3;4;5;6;7,,東京都交通局,POINT (139.711784 35.596672999999996),0,,
1.2.102:1;2;3;4;5;6;7;8;9;10;11;12;13;14;15;16;17;18;19;20,1500045,1000002,139.711784,35.596672999999996,1,1,metro_service_node,1.2,1.2:1;2;3;4;5;6;7;8;9;10;11;12;13;14;15;16;17;18;19;20,,東京都交通局,POINT (139.711784 35.596672999999996),0,,
1.2.103:1;2;3;4;5;6;7,1500046,1000003,139.713545,35.605174,1,1,metro_service_node,1.2,1.2:1;2;3;4;5;6;7,,東京都交通局,POINT (139.713545 35.605174),0,,
1.2.103:1;2;3;4;5;6;7;8;9;10;11;12;13;14;15;16;17;18;19;20,1500047,1000003,139.713545,35.605174,1,1,metro_service_node,1.2,1.2:1;2;3;4;5;6;7;8;9;10;11;12;13;14;15;16;17;18;19;20,,東京都交通局,POINT (139.713545 35.605174),0,,
1.2.104:1;2;3;4;5;6;7,1500048,1000004,139.716215,35.614321,1,1,metro_service_node,1.2,1.2:1;2;3;4;5;6;7,,東京都交通局,POINT (139.716215 35.614321),0,,
1.2.104:1;2;3;4;5;6;7;8;9;10;11;12;13;14;15;16;17;18;19;20,1500049,1000004,139.716215,35.614321,1,1,metro_service_node,1.2,1.2:1;2;3;4;5;6;7;8;9;10;11;12;13;14;15;16;17;18;19;20,,東京都交通局,POINT (139.716215 35.614321),0,,
1.2.105:1;2;3;4;5;6;7,1500050,1000005,139.723865,35.626777999999995,1,1,metro_service_node,1.2,1.2:1;2;3;4;5;6;7,,東京都交通局,POINT (139.723865 35.626777999999995),0,,
1.2.105:1;2;3;4;5;6;7;8;9;10;11;12;13;14;15;16;17;18;19;20,1500051,1000005,139.723865,35.626777999999995,1,1,metro_service_node,1.2,1.2:1;2;3;4;5;6;7;8;9;10;11;12;13;14;15;16;17;18;19;20,,東京都交通局,POINT (139.723865 35.626777999999995),0,,
1.2.106:1;2;3;4;5;6;7,1500052,1000006,139.73028399999998,35.631651,1,1,metro_service_node,1.2,1.2:1;2;3;4;5;6;7,,東京都交通局,POINT (139.73028399999998 35.631651),0,,
1.2.106:1;2;3;4;5;6;7;8;9;10;11;12;13;14;15;16;17;18;19;20,1500053,1000006,139.73028399999998,35.631651,1,1,metro_service_node,1.2,1.2:1;2;3;4;5;6;7;8;9;10;11;12;13;14;15;16;17;18;19;20,,東京都交通局,POINT (139.73028399999998 35.631651),0,,
1.2.107:1;2;3;4;5;6;7,1500054,1000007,139.739893,35.638614999999994,1,1,metro_service_node,1.2,1.2:1;2;3;4;5;6;7,,東京都交通局,POINT (139.739893 35.638614999999994),1,,
1.2.107:1;2;3;4;5;6;7;8;9;10;11;12;13;14,1500055,1000007,139.739893,35.638614999999994,1,1,metro_service_node,1.2,1.2:1;2;3;4;5;6;7;8;9;10;11;12;13;14,,東京都交通局,POINT (139.739893 35.638614999999994),1,,
1.2.107:1;2;3;4;5;6;7;8;9;10;11;12;13;14;15;16;17;18;19;20,1500056,1000007,139.739893,35.638614999999994,1,1,metro_service_node,1.2,1.2:1;2;3;4;5;6;7;8;9;10;11;12;13;14;15;16;17;18;19;20,,東京都交通局,POINT (139.739893 35.638614999999994),0,,
1.2.108:1;2;3;4;5;6;7;8;9;10;11;12;13;14,1500057,1000008,139.746777,35.646649,1,1,metro_service_node,1.2,1.2:1;2;3;4;5;6;7;8;9;10;11;12;13;14,,東京都交通局,POINT (139.746777 35.646649),0,,
1.2.108:1;2;3;4;5;6;7;8;9;10;11;12;13;14;15;16;17;18;19;20,1500058,1000008,139.746777,35.646649,1,1,metro_service_node,1.2,1.2:1;2;3;4;5;6;7;8;9;10;11;12;13;14;15;16;17;18;19;20,,東京都交通局,POINT (139.746777 35.646649),0,,
1.2.109:1;2;3;4;5;6;7;8;9;10;11;12;13;14,1500059,1000009,139.754579,35.656769999999995,1,1,metro_service_node,1.2,1.2:1;2;3;4;5;6;7;8;9;10;11;12;13;14,,東京都交通局,POINT (139.754579 35.656769999999995),0,,
1.2.109:1;2;3;4;5;6;7;8;9;10;11;12;13;14;15;16;17;18;19;20,1500060,1000009,139.754579,35.656769999999995,1,1,metro_service_node,1.2,1.2:1;2;3;4;5;6;7;8;9;10;11;12;13;14;15;16;17;18;19;20,,東京都交通局,POINT (139.754579 35.656769999999995),0,,
1.2.110:1;2;3;4;5;6;7;8;9;10;11;12;13;14,1500061,1000010,139.759238,35.665285999999995,1,1,metro_service_node,1.2,1.2:1;2;3;4;5;6;7;8;9;10;11;12;13;14,,東京都交通局,POINT (139.759238 35.665285999999995),0,,
1.2.110:1;2;3;4;5;6;7;8;9;10;11;12;13;14;15;16;17;18;19;20,1500062,1000010,139.759238,35.665285999999995,1,1,metro_service_node,1.2,1.2:1;2;3;4;5;6;7;8;9;10;11;12;13;14;15;16;17;18;19;20,,東京都交通局,POINT (139.759238 35.665285999999995),0,,
1.2.111:1;2;3;4;5;6;7;8;9;10;11;12;13;14,1500063,1000011,139.76725,35.669815,1,1,metro_service_node,1.2,1.2:1;2;3;4;5;6;7;8;9;10;11;12;13;14,,東京都交通局,POINT (139.76725 35.669815),0,,
1.2.111:1;2;3;4;5;6;7;8;9;10;11;12;13;14;15;16;17;18;19;20,1500064,1000011,139.76725,35.669815,1,1,metro_service_node,1.2,1.2:1;2;3;4;5;6;7;8;9;10;11;12;13;14;15;16;17;18;19;20,,東京都交通局,POINT (139.76725 35.669815),0,,
1.2.112:1;2;3;4;5;6;7;8;9;10;11;12;13;14,1500065,1000012,139.771866,35.675506,1,1,metro_service_node,1.2,1.2:1;2;3;4;5;6;7;8;9;10;11;12;13;14,,東京都交通局,POINT (139.771866 35.675506),0,,
1.2.112:1;2;3;4;5;6;7;8;9;10;11;12;13;14;15;16;17;18;19;20,1500066,1000012,139.771866,35.675506,1,1,metro_service_node,1.2,1.2:1;2;3;4;5;6;7;8;9;10;11;12;13;14;15;16;17;18;19;20,,東京都交通局,POINT (139.771866 35.675506),0,,
1.2.113:1;2;3;4;5;6;7;8;9;10;11;12;13;14,1500067,1000013,139.775714,35.681695999999995,1,1,metro_service_node,1.2,1.2:1;2;3;4;5;6;7;8;9;10;11;12;13;14,,東京都交通局,POINT (139.775714 35.681695999999995),0,,
1.2.113:1;2;3;4;5;6;7;8;9;10;11;12;13;14;15;16;17;18;19;20,1500068,1000013,139.775714,35.681695999999995,1,1,metro_service_node,1.2,1.2:1;2;3;4;5;6;7;8;9;10;11;12;13;14;15;16;17;18;19;20,,東京都交通局,POINT (139.775714 35.681695999999995),0,,
1.2.114:1;2;3;4;5;6;7;8;9;10;11;12;13;14,1500069,1000014,139.782176,35.686245,1,1,metro_service_node,1.2,1.2:1;2;3;4;5;6;7;8;9;10;11;12;13;14,,東京都交通局,POINT (139.782176 35.686245),0,,
1.2.114:1;2;3;4;5;6;7;8;9;10;11;12;13;14;15;16;17;18;19;20,1500070,1000014,139.782176,35.686245,1,1,metro_service_node,1.2,1.2:1;2;3;4;5;6;7;8;9;10;11;12;13;14;15;16;17;18;19;20,,東京都交通局,POINT (139.782176 35.686245),0,,
1.2.115:1;2;3;4;5;6;7;8;9;10;11;12;13;14,1500071,1000015,139.784786,35.692023,1,1,metro_service_node,1.2,1.2:1;2;3;4;5;6;7;8;9;10;11;12;13;14,,東京都交通局,POINT (139.784786 35.692023),0,,
1.2.115:1;2;3;4;5;6;7;8;9;10;11;12;13;14;15;16;17;18;19;20,1500072,1000015,139.784786,35.692023,1,1,metro_service_node,1.2,1.2:1;2;3;4;5;6;7;8;9;10;11;12;13;14;15;16;17;18;19;20,,東京都交通局,POINT (139.784786 35.692023),0,,
1.2.116:1;2;3;4;5;6;7;8;9;10;11;12;13;14,1500073,1000016,139.786235,35.697393999999996,1,1,metro_service_node,1.2,1.2:1;2;3;4;5;6;7;8;9;10;11;12;13;14,,東京都交通局,POINT (139.786235 35.697393999999996),0,,
1.2.116:1;2;3;4;5;6;7;8;9;10;11;12;13;14;15;16;17;18;19;20,1500074,1000016,139.786235,35.697393999999996,1,1,metro_service_node,1.2,1.2:1;2;3;4;5;6;7;8;9;10;11;12;13;14;15;16;17;18;19;20,,東京都交通局,POINT (139.786235 35.697393999999996),0,,
1.2.117:1;2;3;4;5;6;7;8;9;10;11;12;13;14,1500075,1000017,139.79075799999998,35.703027999999996,1,1,metro_service_node,1.2,1.2:1;2;3;4;5;6;7;8;9;10;11;12;13;14,,東京都交通局,POINT (139.79075799999998 35.703027999999996),0,,
1.2.117:1;2;3;4;5;6;7;8;9;10;11;12;13;14;15;16;17;18;19;20,1500076,1000017,139.79075799999998,35.703027999999996,1,1,metro_service_node,1.2,1.2:1;2;3;4;5;6;7;8;9;10;11;12;13;14;15;16;17;18;19;20,,東京都交通局,POINT (139.79075799999998 35.703027999999996),0,,
1.2.118:1;2;3;4;5;6;7;8;9;10;11;12;13;14,1500077,1000018,139.79644199999998,35.708819999999996,1,1,metro_service_node,1.2,1.2:1;2;3;4;5;6;7;8;9;10;11;12;13;14,,東京都交通局,POINT (139.79644199999998 35.708819999999996),0,,
1.2.118:1;2;3;4;5;6;7;8;9;10;11;12;13;14;15;16;17;18;19;20,1500078,1000018,139.79644199999998,35.708819999999996,1,1,metro_service_node,1.2,1.2:1;2;3;4;5;6;7;8;9;10;11;12;13;14;15;16;17;18;19;20,,東京都交通局,POINT (139.79644199999998 35.708819999999996),0,,
1.2.119:1;2;3;4;5;6;7;8;9;10;11;12;13;14,1500079,1000019,139.804297,35.708465,1,1,metro_service_node,1.2,1.2:1;2;3;4;5;6;7;8;9;10;11;12;13;14,,東京都交通局,POINT (139.804297 35.708465),0,,
1.2.119:1;2;3;4;5;6;7;8;9;10;11;12;13;14;15;16;17;18;19;20,1500080,1000019,139.804297,35.708465,1,1,metro_service_node,1.2,1.2:1;2;3;4;5;6;7;8;9;10;11;12;13;14;15;16;17;18;19;20,,東京都交通局,POINT (139.804297 35.708465),0,,
1.2.120:1;2;3;4;5;6;7;8;9;10;11;12;13;14,1500081,1000020,139.812893,35.710724,1,1,metro_service_node,1.2,1.2:1;2;3;4;5;6;7;8;9;10;11;12;13;14,,東京都交通局,POINT (139.812893 35.710724),1,,
1.2.120:1;2;3;4;5;6;7;8;9;10;11;12;13;14;15;16;17;18;19;20,1500082,1000020,139.812893,35.710724,1,1,metro_service_node,1.2,1.2:1;2;3;4;5;6;7;8;9;10;11;12;13;14;15;16;17;18;19;20,,東京都交通局,POINT (139.812893 35.710724),1,,
2.1.201:1;2;3;4;5;6;7;8;9;10;11;12;13;14;15;16;17;18;19;20;21;22;23;24;25,1500083,1000021,139.715344,35.633534999999995,1,2,metro_service_node,2.1,2.1:1;2;3;4;5;6;7;8;9;10;11;12;13;14;15;16;17;18;19;20;21;22;23;24;25,,東京都交通局,POINT (139.715344 35.633534999999995),1,,
2.1.201:1;2;3;4;5;6;7;8;9;10;11;12;13;14;15;16;17;18;19;20;21;22;23;24;25;26;27,1500084,1000021,139.715344,35.633534999999995,1,2,metro_service_node,2.1,2.1:1;2;3;4;5;6;7;8;9;10;11;12;13;14;15;16;17;18;19;20;21;22;23;24;25;26;27,,東京都交通局,POINT (139.715344 35.633534999999995),1,,
2.1.202:1;2;3;4;5;6;7;8;9;10;11;12;13;14;15;16;17;18;19;20;21;22;23;24;25,1500085,1000022,139.725907,35.637750999999994,1,2,metro_service_node,2.1,2.1:1;2;3;4;5;6;7;8;9;10;11;12;13;14;15;16;17;18;19;20;21;22;23;24;25,,東京都交通局,POINT (139.725907 35.637750999999994),0,,
2.1.202:1;2;3;4;5;6;7;8;9;10;11;12;13;14;15;16;17;18;19;20;21;22;23;24;25;26;27,1500086,1000022,139.725907,35.637750999999994,1,2,metro_service_node,2.1,2.1:1;2;3;4;5;6;7;8;9;10;11;12;13;14;15;16;17;18;19;20;21;22;23;24;25;26;27,,東京都交通局,POINT (139.725907 35.637750999999994),0,,
2.1.203:1;2;3;4;5;6;7;8;9;10;11;12;13;14;15;16;17;18;19;20;21;22;23,1500087,1000023,139.734244,35.64318299999999,1,2,metro_service_node,2.1,2.1:1;2;3;4;5;6;7;8;9;10;11;12;13;14;15;16;17;18;19;20;21;22;23,,東京都交通局,POINT (139.734244 35.64318299999999),1,,
2.1.203:1;2;3;4;5;6;7;8;9;10;11;12;13;14;15;16;17;18;19;20;21;22;23;24;25,1500088,1000023,139.734244,35.64318299999999,1,2,metro_service_node,2.1,2.1:1;2;3;4;5;6;7;8;9;10;11;12;13;14;15;16;17;18;19;20;21;22;23;24;25,,東京都交通局,POINT (139.734244 35.64318299999999),0,,
2.1.203:1;2;3;4;5;6;7;8;9;10;11;12;13;14;15;16;17;18;19;20;21;22;23;24;25;26;27,1500089,1000023,139.734244,35.64318299999999,1,2,metro_service_node,2.1,2.1:1;2;3;4;5;6;7;8;9;10;11;12;13;14;15;16;17;18;19;20;21;22;23;24;25;26;27,,東京都交通局,POINT (139.734244 35.64318299999999),0,,
2.1.204:1;2;3;4;5;6;7;8;9;10;11;12;13;14;15;16;17;18;19;20;21;22;23,1500090,1000024,139.748898,35.64855,1,2,metro_service_node,2.1,2.1:1;2;3;4;5;6;7;8;9;10;11;12;13;14;15;16;17;18;19;20;21;22;23,,東京都交通局,POINT (139.748898 35.64855),0,,
2.1.204:1;2;3;4;5;6;7;8;9;10;11;12;13;14;15;16;17;18;19;20;21;22;23;24;25,1500091,1000024,139.748898,35.64855,1,2,metro_service_node,2.1,2.1:1;2;3;4;5;6;7;8;9;10;11;12;13;14;15;16;17;18;19;20;21;22;23;24;25,,東京都交通局,POINT (139.748898 35.64855),0,,
2.1.204:1;2;3;4;5;6;7;8;9;10;11;12;13;14;15;16;17;18;19;20;21;22;23;24;25;26;27,1500092,1000024,139.748898,35.64855,1,2,metro_service_node,2.1,2.1:1;2;3;4;5;6;7;8;9;10;11;12;13;14;15;16;17;18;19;20;21;22;23;24;25;26;27,,東京都交通局,POINT (139.748898 35.64855),0,,
2.1.205:1;2;3;4;5;6;7;8;9;10;11;12;13;14;15;16;17;18;19;20;21;22;23,1500093,1000025,139.74975,35.654086,1,2,metro_service_node,2.1,2.1:1;2;3;4;5;6;7;8;9;10;11;12;13;14;15;16;17;18;19;20;21;22;23,,東京都交通局,POINT (139.74975 35.654086),0,,
2.1.205:1;2;3;4;5;6;7;8;9;10;11;12;13;14;15;16;17;18;19;20;21;22;23;24;25,1500094,1000025,139.74975,35.654086,1,2,metro_service_node,2.1,2.1:1;2;3;4;5;6;7;8;9;10;11;12;13;14;15;16;17;18;19;20;21;22;23;24;25,,東京都交通局,POINT (139.74975 35.654086),0,,
2.1.205:1;2;3;4;5;6;7;8;9;10;11;12;13;14;15;16;17;18;19;20;21;22;23;24;25;26;27,1500095,1000025,139.74975,35.654086,1,2,metro_service_node,2.1,2.1:1;2;3;4;5;6;7;8;9;10;11;12;13;14;15;16;17;18;19;20;21;22;23;24;25;26;27,,東京都交通局,POINT (139.74975 35.654086),0,,
2.1.206:1;2;3;4;5;6;7;8;9;10;11;12;13;14;15;16;17;18;19;20;21;22;23,1500096,1000026,139.751266,35.660674,1,2,metro_service_node,2.1,2.1:1;2;3;4;5;6;7;8;9;10;11;12;13;14;15;16;17;18;19;20;21;22;23,,東京都交通局,POINT (139.751266 35.660674),0,,
2.1.206:1;2;3;4;5;6;7;8;9;10;11;12;13;14;15;16;17;18;19;20;21;22;23;24;25,1500097,1000026,139.751266,35.660674,1,2,metro_service_node,2.1,2.1:1;2;3;4;5;6;7;8;9;10;11;12;13;14;15;16;17;18;19;20;21;22;23;24;25,,東京都交通局,POINT (139.751266 35.660674),0,,
2.1.206:1;2;3;4;5;6;7;8;9;10;11;12;13;14;15;16;17;18;19;20;21;22;23;24;25;26;27,1500098,1000026,139.751266,35.660674,1,2,metro_service_node,2.1,2.1:1;2;3;4;5;6;7;8;9;10;11;12;13;14;15;16;17;18;19;20;21;22;23;24;25;26;27,,東京都交通局,POINT (139.751266 35.660674),0,,
2.1.207:1;2;3;4;5;6;7;8;9;10;11;12;13;14;15;16;17;18;19;20;21;22;23,1500099,1000027,139.75522999999998,35.669244,1,2,metro_service_node,2.1,2.1:1;2;3;4;5;6;7;8;9;10;11;12;13;14;15;16;17;18;19;20;21;22;23,,東京都交通局,POINT (139.75522999999998 35.669244),0,,
2.1.207:1;2;3;4;5;6;7;8;9;10;11;12;13;14;15;16;17;18;19;20;21;22;23;24;25,1500100,1000027,139.75522999999998,35.669244,1,2,metro_service_node,2.1,2.1:1;2;3;4;5;6;7;8;9;10;11;12;13;14;15;16;17;18;19;20;21;22;23;24;25,,東京都交通局,POINT (139.75522999999998 35.669244),0,,
2.1.207:1;2;3;4;5;6;7;8;9;10;11;12;13;14;15;16;17;18;19;20;21;22;23;24;25;26;27,1500101,1000027,139.75522999999998,35.669244,1,2,metro_service_node,2.1,2.1:1;2;3;4;5;6;7;8;9;10;11;12;13;14;15;16;17;18;19;20;21;22;23;24;25;26;27,,東京都交通局,POINT (139.75522999999998 35.669244),0,,
2.1.208:1;2;3;4;5;6;7;8;9;10;11;12;13;14;15;16;17;18;19;20;21;22;23,1500102,1000028,139.760174,35.676485,1,2,metro_service_node,2.1,2.1:1;2;3;4;5;6;7;8;9;10;11;12;13;14;15;16;17;18;19;20;21;22;23,,東京都交通局,POINT (139.760174 35.676485),0,,
2.1.208:1;2;3;4;5;6;7;8;9;10;11;12;13;14;15;16;17;18;19;20;21;22;23;24;25,1500103,1000028,139.760174,35.676485,1,2,metro_service_node,2.1,2.1:1;2;3;4;5;6;7;8;9;10;11;12;13;14;15;16;17;18;19;20;21;22;23;24;25,,東京都交通局,POINT (139.760174 35.676485),0,,
2.1.208:1;2;3;4;5;6;7;8;9;10;11;12;13;14;15;16;17;18;19;20;21;22;23;24;25;26;27,1500104,1000028,139.760174,35.676485,1,2,metro_service_node,2.1,2.1:1;2;3;4;5;6;7;8;9;10;11;12;13;14;15;16;17;18;19;20;21;22;23;24;25;26;27,,東京都交通局,POINT (139.760174 35.676485),0,,
2.1.209:1;2;3;4;5;6;7;8;9;10;11;12;13;14;15;16;17;18;19;20;21;22;23,1500105,1000029,139.762698,35.683992999999994,1,2,metro_service_node,2.1,2.1:1;2;3;4;5;6;7;8;9;10;11;12;13;14;15;16;17;18;19;20;21;22;23,,東京都交通局,POINT (139.762698 35.683992999999994),0,,
2.1.209:1;2;3;4;5;6;7;8;9;10;11;12;13;14;15;16;17;18;19;20;21;22;23;24;25,1500106,1000029,139.762698,35.683992999999994,1,2,metro_service_node,2.1,2.1:1;2;3;4;5;6;7;8;9;10;11;12;13;14;15;16;17;18;19;20;21;22;23;24;25,,東京都交通局,POINT (139.762698 35.683992999999994),0,,
2.1.209:1;2;3;4;5;6;7;8;9;10;11;12;13;14;15;16;17;18;19;20;21;22;23;24;25;26;27,1500107,1000029,139.762698,35.683992999999994,1,2,metro_service_node,2.1,2.1:1;2;3;4;5;6;7;8;9;10;11;12;13;14;15;16;17;18;19;20;21;22;23;24;25;26;27,,東京都交通局,POINT (139.762698 35.683992999999994),0,,
2.1.210:1;2;3;4;5;6;7;8;9;10;11;12;13;14;15;16;17;18;19;20;21;22;23,1500108,1000030,139.758113,35.695231,1,2,metro_service_node,2.1,2.1:1;2;3;4;5;6;7;8;9;10;11;12;13;14;15;16;17;18;19;20;21;22;23,,東京都交通局,POINT (139.758113 35.695231),0,,
2.1.210:1;2;3;4;5;6;7;8;9;10;11;12;13;14;15;16;17;18;19;20;21;22;23;24;25,1500109,1000030,139.758113,35.695231,1,2,metro_service_node,2.1,2.1:1;2;3;4;5;6;7;8;9;10;11;12;13;14;15;16;17;18;19;20;21;22;23;24;25,,東京都交通局,POINT (139.758113 35.695231),0,,
2.1.210:1;2;3;4;5;6;7;8;9;10;11;12;13;14;15;16;17;18;19;20;21;22;23;24;25;26;27,1500110,1000030,139.758113,35.695231,1,2,metro_service_node,2.1,2.1:1;2;3;4;5;6;7;8;9;10;11;12;13;14;15;16;17;18;19;20;21;22;23;24;25;26;27,,東京都交通局,POINT (139.758113 35.695231),0,,
2.1.211:1;2;3;4;5;6;7;8;9;10;11;12;13;14;15;16;17;18;19;20;21;22;23,1500111,1000031,139.755047,35.703359999999996,1,2,metro_service_node,2.1,2.1:1;2;3;4;5;6;7;8;9;10;11;12;13;14;15;16;17;18;19;20;21;22;23,,東京都交通局,POINT (139.755047 35.703359999999996),0,,
2.1.211:1;2;3;4;5;6;7;8;9;10;11;12;13;14;15;16;17;18;19;20;21;22;23;24;25,1500112,1000031,139.755047,35.703359999999996,1,2,metro_service_node,2.1,2.1:1;2;3;4;5;6;7;8;9;10;11;12;13;14;15;16;17;18;19;20;21;22;23;24;25,,東京都交通局,POINT (139.755047 35.703359999999996),0,,
2.1.211:1;2;3;4;5;6;7;8;9;10;11;12;13;14;15;16;17;18;19;20;21;22;23;24;25;26;27,1500113,1000031,139.755047,35.703359999999996,1,2,metro_service_node,2.1,2.1:1;2;3;4;5;6;7;8;9;10;11;12;13;14;15;16;17;18;19;20;21;22;23;24;25;26;27,,東京都交通局,POINT (139.755047 35.703359999999996),0,,
2.1.212:1;2;3;4;5;6;7;8;9;10;11;12;13;14;15;16;17;18;19;20;21;22;23,1500114,1000032,139.753187,35.709432,1,2,metro_service_node,2.1,2.1:1;2;3;4;5;6;7;8;9;10;11;12;13;14;15;16;17;18;19;20;21;22;23,,東京都交通局,POINT (139.753187 35.709432),0,,
2.1.212:1;2;3;4;5;6;7;8;9;10;11;12;13;14;15;16;17;18;19;20;21;22;23;24;25,1500115,1000032,139.753187,35.709432,1,2,metro_service_node,2.1,2.1:1;2;3;4;5;6;7;8;9;10;11;12;13;14;15;16;17;18;19;20;21;22;23;24;25,,東京都交通局,POINT (139.753187 35.709432),0,,
2.1.212:1;2;3;4;5;6;7;8;9;10;11;12;13;14;15;16;17;18;19;20;21;22;23;24;25;26;27,1500116,1000032,139.753187,35.709432,1,2,metro_service_node,2.1,2.1:1;2;3;4;5;6;7;8;9;10;11;12;13;14;15;16;17;18;19;20;21;22;23;24;25;26;27,,東京都交通局,POINT (139.753187 35.709432),0,,
2.1.213:1;2;3;4;5;6;7;8;9;10;11;12;13;14;15;16;17;18;19;20;21;22;23,1500117,1000033,139.752034,35.721582,1,2,metro_service_node,2.1,2.1:1;2;3;4;5;6;7;8;9;10;11;12;13;14;15;16;17;18;19;20;21;22;23,,東京都交通局,POINT (139.752034 35.721582),0,,
2.1.213:1;2;3;4;5;6;7;8;9;10;11;12;13;14;15;16;17;18;19;20;21;22;23;24;25,1500118,1000033,139.752034,35.721582,1,2,metro_service_node,2.1,2.1:1;2;3;4;5;6;7;8;9;10;11;12;13;14;15;16;17;18;19;20;21;22;23;24;25,,東京都交通局,POINT (139.752034 35.721582),0,,
2.1.213:1;2;3;4;5;6;7;8;9;10;11;12;13;14;15;16;17;18;19;20;21;22;23;24;25;26;27,1500119,1000033,139.752034,35.721582,1,2,metro_service_node,2.1,2.1:1;2;3;4;5;6;7;8;9;10;11;12;13;14;15;16;17;18;19;20;21;22;23;24;25;26;27,,東京都交通局,POINT (139.752034 35.721582),0,,
2.1.214:1;2;3;4;5;6;7;8;9;10;11;12;13;14;15;16;17;18;19;20;21;22;23,1500120,1000034,139.74488399999998,35.727672,1,2,metro_service_node,2.1,2.1:1;2;3;4;5;6;7;8;9;10;11;12;13;14;15;16;17;18;19;20;21;22;23,,東京都交通局,POINT (139.74488399999998 35.727672),0,,
2.1.214:1;2;3;4;5;6;7;8;9;10;11;12;13;14;15;16;17;18;19;20;21;22;23;24;25,1500121,1000034,139.74488399999998,35.727672,1,2,metro_service_node,2.1,2.1:1;2;3;4;5;6;7;8;9;10;11;12;13;14;15;16;17;18;19;20;21;22;23;24;25,,東京都交通局,POINT (139.74488399999998 35.727672),0,,
2.1.214:1;2;3;4;5;6;7;8;9;10;11;12;13;14;15;16;17;18;19;20;21;22;23;24;25;26;27,1500122,1000034,139.74488399999998,35.727672,1,2,metro_service_node,2.1,2.1:1;2;3;4;5;6;7;8;9;10;11;12;13;14;15;16;17;18;19;20;21;22;23;24;25;26;27,,東京都交通局,POINT (139.74488399999998 35.727672),0,,
2.1.215:1;2;3;4;5;6;7;8;9;10;11;12;13;14;15;16;17;18;19;20;21;22;23,1500123,1000035,139.738054,35.733692999999995,1,2,metro_service_node,2.1,2.1:1;2;3;4;5;6;7;8;9;10;11;12;13;14;15;16;17;18;19;20;21;22;23,,東京都交通局,POINT (139.738054 35.733692999999995),0,,
2.1.215:1;2;3;4;5;6;7;8;9;10;11;12;13;14;15;16;17;18;19;20;21;22;23;24;25,1500124,1000035,139.738054,35.733692999999995,1,2,metro_service_node,2.1,2.1:1;2;3;4;5;6;7;8;9;10;11;12;13;14;15;16;17;18;19;20;21;22;23;24;25,,東京都交通局,POINT (139.738054 35.733692999999995),0,,
2.1.215:1;2;3;4;5;6;7;8;9;10;11;12;13;14;15;16;17;18;19;20;21;22;23;24;25;26;27,1500125,1000035,139.738054,35.733692999999995,1,2,metro_service_node,2.1,2.1:1;2;3;4;5;6;7;8;9;10;11;12;13;14;15;16;17;18;19;20;21;22;23;24;25;26;27,,東京都交通局,POINT (139.738054 35.733692999999995),0,,
2.1.216:1;2;3;4;5;6;7;8;9;10;11;12;13;14;15;16;17;18;19;20;21;22;23,1500126,1000036,139.728603,35.743468,1,2,metro_service_node,2.1,2.1:1;2;3;4;5;6;7;8;9;10;11;12;13;14;15;16;17;18;19;20;21;22;23,,東京都交通局,POINT (139.728603 35.743468),0,,
2.1.216:1;2;3;4;5;6;7;8;9;10;11;12;13;14;15;16;17;18;19;20;21;22;23;24;25,1500127,1000036,139.728603,35.743468,1,2,metro_service_node,2.1,2.1:1;2;3;4;5;6;7;8;9;10;11;12;13;14;15;16;17;18;19;20;21;22;23;24;25,,東京都交通局,POINT (139.728603 35.743468),0,,
2.1.216:1;2;3;4;5;6;7;8;9;10;11;12;13;14;15;16;17;18;19;20;21;22;23;24;25;26;27,1500128,1000036,139.728603,35.743468,1,2,metro_service_node,2.1,2.1:1;2;3;4;5;6;7;8;9;10;11;12;13;14;15;16;17;18;19;20;21;22;23;24;25;26;27,,東京都交通局,POINT (139.728603 35.743468),0,,
2.1.217:1;2;3;4;5;6;7;8;9;10;11;12;13;14;15;16;17;18;19;20;21;22;23,1500129,1000037,139.719708,35.748672,1,2,metro_service_node,2.1,2.1:1;2;3;4;5;6;7;8;9;10;11;12;13;14;15;16;17;18;19;20;21;22;23,,東京都交通局,POINT (139.719708 35.748672),0,,
2.1.217:1;2;3;4;5;6;7;8;9;10;11;12;13;14;15;16;17;18;19;20;21;22;23;24;25,1500130,1000037,139.719708,35.748672,1,2,metro_service_node,2.1,2.1:1;2;3;4;5;6;7;8;9;10;11;12;13;14;15;16;17;18;19;20;21;22;23;24;25,,東京都交通局,POINT (139.719708 35.748672),0,,
2.1.217:1;2;3;4;5;6;7;8;9;10;11;12;13;14;15;16;17;18;19;20;21;22;23;24;25;26;27,1500131,1000037,139.719708,35.748672,1,2,metro_service_node,2.1,2.1:1;2;3;4;5;6;7;8;9;10;11;12;13;14;15;16;17;18;19;20;21;22;23;24;25;26;27,,東京都交通局,POINT (139.719708 35.748672),0,,
2.1.218:1;2;3;4;5;6;7;8;9;10;11;12;13;14;15;16;17;18;19;20;21;22;23,1500132,1000038,139.71002,35.751272,1,2,metro_service_node,2.1,2.1:1;2;3;4;5;6;7;8;9;10;11;12;13;14;15;16;17;18;19;20;21;22;23,,東京都交通局,POINT (139.71002 35.751272),0,,
2.1.218:1;2;3;4;5;6;7;8;9;10;11;12;13;14;15;16;17;18;19;20;21;22;23;24;25,1500133,1000038,139.71002,35.751272,1,2,metro_service_node,2.1,2.1:1;2;3;4;5;6;7;8;9;10;11;12;13;14;15;16;17;18;19;20;21;22;23;24;25,,東京都交通局,POINT (139.71002 35.751272),0,,
2.1.218:1;2;3;4;5;6;7;8;9;10;11;12;13;14;15;16;17;18;19;20;21;22;23;24;25;26;27,1500134,1000038,139.71002,35.751272,1,2,metro_service_node,2.1,2.1:1;2;3;4;5;6;7;8;9;10;11;12;13;14;15;16;17;18;19;20;21;22;23;24;25;26;27,,東京都交通局,POINT (139.71002 35.751272),0,,
2.1.219:1;2;3;4;5;6;7;8;9;10;11;12;13;14;15;16;17;18;19;20;21;22;23,1500135,1000039,139.705444,35.761208999999994,1,2,metro_service_node,2.1,2.1:1;2;3;4;5;6;7;8;9;10;11;12;13;14;15;16;17;18;19;20;21;22;23,,東京都交通局,POINT (139.705444 35.761208999999994),0,,
2.1.219:1;2;3;4;5;6;7;8;9;10;11;12;13;14;15;16;17;18;19;20;21;22;23;24;25,1500136,1000039,139.705444,35.761208999999994,1,2,metro_service_node,2.1,2.1:1;2;3;4;5;6;7;8;9;10;11;12;13;14;15;16;17;18;19;20;21;22;23;24;25,,東京都交通局,POINT (139.705444 35.761208999999994),0,,
2.1.219:1;2;3;4;5;6;7;8;9;10;11;12;13;14;15;16;17;18;19;20;21;22;23;24;25;26;27,1500137,1000039,139.705444,35.761208999999994,1,2,metro_service_node,2.1,2.1:1;2;3;4;5;6;7;8;9;10;11;12;13;14;15;16;17;18;19;20;21;22;23;24;25;26;27,,東京都交通局,POINT (139.705444 35.761208999999994),0,,
2.1.220:1;2;3;4;5;6;7;8;9;10;11;12;13;14;15;16;17;18;19;20;21;22;23,1500138,1000040,139.70230999999998,35.768466,1,2,metro_service_node,2.1,2.1:1;2;3;4;5;6;7;8;9;10;11;12;13;14;15;16;17;18;19;20;21;22;23,,東京都交通局,POINT (139.70230999999998 35.768466),0,,
2.1.220:1;2;3;4;5;6;7;8;9;10;11;12;13;14;15;16;17;18;19;20;21;22;23;24;25,1500139,1000040,139.70230999999998,35.768466,1,2,metro_service_node,2.1,2.1:1;2;3;4;5;6;7;8;9;10;11;12;13;14;15;16;17;18;19;20;21;22;23;24;25,,東京都交通局,POINT (139.70230999999998 35.768466),0,,
2.1.220:1;2;3;4;5;6;7;8;9;10;11;12;13;14;15;16;17;18;19;20;21;22;23;24;25;26;27,1500140,1000040,139.70230999999998,35.768466,1,2,metro_service_node,2.1,2.1:1;2;3;4;5;6;7;8;9;10;11;12;13;14;15;16;17;18;19;20;21;22;23;24;25;26;27,,東京都交通局,POINT (139.70230999999998 35.768466),0,,
2.1.221:1;2;3;4;5;6;7;8;9;10;11;12;13;14;15;16;17;18;19;20;21;22;23,1500141,1000041,139.694997,35.775982,1,2,metro_service_node,2.1,2.1:1;2;3;4;5;6;7;8;9;10;11;12;13;14;15;16;17;18;19;20;21;22;23,,東京都交通局,POINT (139.694997 35.775982),0,,
2.1.221:1;2;3;4;5;6;7;8;9;10;11;12;13;14;15;16;17;18;19;20;21;22;23;24;25,1500142,1000041,139.694997,35.775982,1,2,metro_service_node,2.1,2.1:1;2;3;4;5;6;7;8;9;10;11;12;13;14;15;16;17;18;19;20;21;22;23;24;25,,東京都交通局,POINT (139.694997 35.775982),0,,
2.1.221:1;2;3;4;5;6;7;8;9;10;11;12;13;14;15;16;17;18;19;20;21;22;23;24;25;26;27,1500143,1000041,139.694997,35.775982,1,2,metro_service_node,2.1,2.1:1;2;3;4;5;6;7;8;9;10;11;12;13;14;15;16;17;18;19;20;21;22;23;24;25;26;27,,東京都交通局,POINT (139.694997 35.775982),0,,
2.1.222:1;2;3;4;5;6;7;8;9;10;11;12;13;14;15;16;17;18;19;20;21;22;23,1500144,1000042,139.685651,35.777367999999996,1,2,metro_service_node,2.1,2.1:1;2;3;4;5;6;7;8;9;10;11;12;13;14;15;16;17;18;19;20;21;22;23,,東京都交通局,POINT (139.685651 35.777367999999996),0,,
2.1.222:1;2;3;4;5;6;7;8;9;10;11;12;13;14;15;16;17;18;19;20;21;22;23;24;25,1500145,1000042,139.685651,35.777367999999996,1,2,metro_service_node,2.1,2.1:1;2;3;4;5;6;7;8;9;10;11;12;13;14;15;16;17;18;19;20;21;22;23;24;25,,東京都交通局,POINT (139.685651 35.777367999999996),0,,
2.1.222:1;2;3;4;5;6;7;8;9;10;11;12;13;14;15;16;17;18;19;20;21;22;23;24;25;26;27,1500146,1000042,139.685651,35.777367999999996,1,2,metro_service_node,2.1,2.1:1;2;3;4;5;6;7;8;9;10;11;12;13;14;15;16;17;18;19;20;21;22;23;24;25;26;27,,東京都交通局,POINT (139.685651 35.777367999999996),0,,
2.1.223:1;2;3;4;5;6;7;8;9;10;11;12;13;14;15;16;17;18;19;20;21;22;23,1500147,1000043,139.678847,35.784161999999995,1,2,metro_service_node,2.1,2.1:1;2;3;4;5;6;7;8;9;10;11;12;13;14;15;16;17;18;19;20;21;22;23,,東京都交通局,POINT (139.678847 35.784161999999995),0,,
2.1.223:1;2;3;4;5;6;7;8;9;10;11;12;13;14;15;16;17;18;19;20;21;22;23;24;25,1500148,1000043,139.678847,35.784161999999995,1,2,metro_service_node,2.1,2.1:1;2;3;4;5;6;7;8;9;10;11;12;13;14;15;16;17;18;19;20;21;22;23;24;25,,東京都交通局,POINT (139.678847 35.784161999999995),0,,
2.1.223:1;2;3;4;5;6;7;8;9;10;11;12;13;14;15;16;17;18;19;20;21;22;23;24;25;26;27,1500149,1000043,139.678847,35.784161999999995,1,2,metro_service_node,2.1,2.1:1;2;3;4;5;6;7;8;9;10;11;12;13;14;15;16;17;18;19;20;21;22;23;24;25;26;27,,東京都交通局,POINT (139.678847 35.784161999999995),0,,
2.1.224:1;2;3;4;5;6;7;8;9;10;11;12;13;14;15;16;17;18;19;20;21;22;23,1500150,1000044,139.672767,35.786973999999994,1,2,metro_service_node,2.1,2.1:1;2;3;4;5;6;7;8;9;10;11;12;13;14;15;16;17;18;19;20;21;22;23,,東京都交通局,POINT (139.672767 35.786973999999994),0,,
2.1.224:1;2;3;4;5;6;7;8;9;10;11;12;13;14;15;16;17;18;19;20;21;22;23;24;25,1500151,1000044,139.672767,35.786973999999994,1,2,metro_service_node,2.1,2.1:1;2;3;4;5;6;7;8;9;10;11;12;13;14;15;16;17;18;19;20;21;22;23;24;25,,東京都交通局,POINT (139.672767 35.786973999999994),0,,
2.1.224:1;2;3;4;5;6;7;8;9;10;11;12;13;14;15;16;17;18;19;20;21;22;23;24;25;26;27,1500152,1000044,139.672767,35.786973999999994,1,2,metro_service_node,2.1,2.1:1;2;3;4;5;6;7;8;9;10;11;12;13;14;15;16;17;18;19;20;21;22;23;24;25;26;27,,東京都交通局,POINT (139.672767 35.786973999999994),0,,
2.1.225:1;2;3;4;5;6;7;8;9;10;11;12;13;14;15;16;17;18;19;20;21;22;23,1500153,1000045,139.661261,35.788807999999996,1,2,metro_service_node,2.1,2.1:1;2;3;4;5;6;7;8;9;10;11;12;13;14;15;16;17;18;19;20;21;22;23,,東京都交通局,POINT (139.661261 35.788807999999996),1,,
2.1.225:1;2;3;4;5;6;7;8;9;10;11;12;13;14;15;16;17;18;19;20;21;22;23;24;25,1500154,1000045,139.661261,35.788807999999996,1,2,metro_service_node,2.1,2.1:1;2;3;4;5;6;7;8;9;10;11;12;13;14;15;16;17;18;19;20;21;22;23;24;25,,東京都交通局,POINT (139.661261 35.788807999999996),1,,
2.1.225:1;2;3;4;5;6;7;8;9;10;11;12;13;14;15;16;17;18;19;20;21;22;23;24;25;26;27,1500155,1000045,139.661261,35.788807999999996,1,2,metro_service_node,2.1,2.1:1;2;3;4;5;6;7;8;9;10;11;12;13;14;15;16;17;18;19;20;21;22;23;24;25;26;27,,東京都交通局,POINT (139.661261 35.788807999999996),0,,
2.1.226:1;2;3;4;5;6;7;8;9;10;11;12;13;14;15;16;17;18;19;20;21;22;23;24;25,1500156,1000046,139.65395,35.790189,1,2,metro_service_node,2.1,2.1:1;2;3;4;5;6;7;8;9;10;11;12;13;14;15;16;17;18;19;20;21;22;23;24;25,,東京都交通局,POINT (139.65395 35.790189),0,,
2.1.226:1;2;3;4;5;6;7;8;9;10;11;12;13;14;15;16;17;18;19;20;21;22;23;24;25;26;27,1500157,1000046,139.65395,35.790189,1,2,metro_service_node,2.1,2.1:1;2;3;4;5;6;7;8;9;10;11;12;13;14;15;16;17;18;19;20;21;22;23;24;25;26;27,,東京都交通局,POINT (139.65395 35.790189),0,,
2.1.227:1;2;3;4;5;6;7;8;9;10;11;12;13;14;15;16;17;18;19;20;21;22;23;24;25,1500158,1000047,139.645321,35.791864999999994,1,2,metro_service_node,2.1,2.1:1;2;3;4;5;6;7;8;9;10;11;12;13;14;15;16;17;18;19;20;21;22;23;24;25,,東京都交通局,POINT (139.645321 35.791864999999994),1,,
2.1.227:1;2;3;4;5;6;7;8;9;10;11;12;13;14;15;16;17;18;19;20;21;22;23;24;25;26;27,1500159,1000047,139.645321,35.791864999999994,1,2,metro_service_node,2.1,2.1:1;2;3;4;5;6;7;8;9;10;11;12;13;14;15;16;17;18;19;20;21;22;23;24;25;26;27,,東京都交通局,POINT (139.645321 35.791864999999994),1,,
2.2.201:1;2;3;4;5;6;7;8;9;10;11;12;13;14;15;16;17;18;19;20;21;22;23;24;25;26;27,1500160,1000021,139.715344,35.633534999999995,1,2,metro_service_node,2.2,2.2:1;2;3;4;5;6;7;8;9;10;11;12;13;14;15;16;17;18;19;20;21;22;23;24;25;26;27,,東京都交通局,POINT (139.715344 35.633534999999995),1,,
2.2.202:1;2;3;4;5;6;7;8;9;10;11;12;13;14;15;16;17;18;19;20;21;22;23;24;25;26;27,1500161,1000022,139.725907,35.637750999999994,1,2,metro_service_node,2.2,2.2:1;2;3;4;5;6;7;8;9;10;11;12;13;14;15;16;17;18;19;20;21;22;23;24;25;26;27,,東京都交通局,POINT (139.725907 35.637750999999994),0,,
2.2.203:1;2;3;4;5;6;7;8;9;10;11;12;13;14;15;16;17;18;19;20;21;22;23;24;25,1500162,1000023,139.734244,35.64318299999999,1,2,metro_service_node,2.2,2.2:1;2;3;4;5;6;7;8;9;10;11;12;13;14;15;16;17;18;19;20;21;22;23;24;25,,東京都交通局,POINT (139.734244 35.64318299999999),1,,
2.2.203:1;2;3;4;5;6;7;8;9;10;11;12;13;14;15;16;17;18;19;20;21;22;23;24;25;26;27,1500163,1000023,139.734244,35.64318299999999,1,2,metro_service_node,2.2,2.2:1;2;3;4;5;6;7;8;9;10;11;12;13;14;15;16;17;18;19;20;21;22;23;24;25;26;27,,東京都交通局,POINT (139.734244 35.64318299999999),0,,
2.2.204:1;2;3;4;5;6;7;8;9;10;11;12;13;14;15;16;17;18;19;20;21;22;23;24;25,1500164,1000024,139.748898,35.64855,1,2,metro_service_node,2.2,2.2:1;2;3;4;5;6;7;8;9;10;11;12;13;14;15;16;17;18;19;20;21;22;23;24;25,,東京都交通局,POINT (139.748898 35.64855),0,,
2.2.204:1;2;3;4;5;6;7;8;9;10;11;12;13;14;15;16;17;18;19;20;21;22;23;24;25;26;27,1500165,1000024,139.748898,35.64855,1,2,metro_service_node,2.2,2.2:1;2;3;4;5;6;7;8;9;10;11;12;13;14;15;16;17;18;19;20;21;22;23;24;25;26;27,,東京都交通局,POINT (139.748898 35.64855),0,,
2.2.205:1;2;3;4;5;6;7;8;9;10;11;12;13;14;15;16;17;18;19;20;21;22;23;24;25,1500166,1000025,139.74975,35.654086,1,2,metro_service_node,2.2,2.2:1;2;3;4;5;6;7;8;9;10;11;12;13;14;15;16;17;18;19;20;21;22;23;24;25,,東京都交通局,POINT (139.74975 35.654086),0,,
2.2.205:1;2;3;4;5;6;7;8;9;10;11;12;13;14;15;16;17;18;19;20;21;22;23;24;25;26;27,1500167,1000025,139.74975,35.654086,1,2,metro_service_node,2.2,2.2:1;2;3;4;5;6;7;8;9;10;11;12;13;14;15;16;17;18;19;20;21;22;23;24;25;26;27,,東京都交通局,POINT (139.74975 35.654086),0,,
2.2.206:1;2;3;4;5;6;7;8;9;10;11;12;13;14;15;16;17;18;19;20;21;22;23;24;25,1500168,1000026,139.751266,35.660674,1,2,metro_service_node,2.2,2.2:1;2;3;4;5;6;7;8;9;10;11;12;13;14;15;16;17;18;19;20;21;22;23;24;25,,東京都交通局,POINT (139.751266 35.660674),0,,
2.2.206:1;2;3;4;5;6;7;8;9;10;11;12;13;14;15;16;17;18;19;20;21;22;23;24;25;26;27,1500169,1000026,139.751266,35.660674,1,2,metro_service_node,2.2,2.2:1;2;3;4;5;6;7;8;9;10;11;12;13;14;15;16;17;18;19;20;21;22;23;24;25;26;27,,東京都交通局,POINT (139.751266 35.660674),0,,
2.2.207:1;2;3;4;5;6;7;8;9;10;11;12;13;14;15;16;17;18;19;20;21;22;23;24;25,1500170,1000027,139.75522999999998,35.669244,1,2,metro_service_node,2.2,2.2:1;2;3;4;5;6;7;8;9;10;11;12;13;14;15;16;17;18;19;20;21;22;23;24;25,,東京都交通局,POINT (139.75522999999998 35.669244),0,,
2.2.207:1;2;3;4;5;6;7;8;9;10;11;12;13;14;15;16;17;18;19;20;21;22;23;24;25;26;27,1500171,1000027,139.75522999999998,35.669244,1,2,metro_service_node,2.2,2.2:1;2;3;4;5;6;7;8;9;10;11;12;13;14;15;16;17;18;19;20;21;22;23;24;25;26;27,,東京都交通局,POINT (139.75522999999998 35.669244),0,,
2.2.208:1;2;3;4;5;6;7;8;9;10;11;12;13;14;15;16;17;18;19;20;21;22;23;24;25,1500172,1000028,139.760174,35.676485,1,2,metro_service_node,2.2,2.2:1;2;3;4;5;6;7;8;9;10;11;12;13;14;15;16;17;18;19;20;21;22;23;24;25,,東京都交通局,POINT (139.760174 35.676485),0,,
2.2.208:1;2;3;4;5;6;7;8;9;10;11;12;13;14;15;16;17;18;19;20;21;22;23;24;25;26;27,1500173,1000028,139.760174,35.676485,1,2,metro_service_node,2.2,2.2:1;2;3;4;5;6;7;8;9;10;11;12;13;14;15;16;17;18;19;20;21;22;23;24;25;26;27,,東京都交通局,POINT (139.760174 35.676485),0,,
2.2.209:1;2;3;4;5;6;7;8;9;10;11;12;13;14;15;16;17;18;19;20;21;22;23;24;25,1500174,1000029,139.762698,35.683992999999994,1,2,metro_service_node,2.2,2.2:1;2;3;4;5;6;7;8;9;10;11;12;13;14;15;16;17;18;19;20;21;22;23;24;25,,東京都交通局,POINT (139.762698 35.683992999999994),0,,
2.2.209:1;2;3;4;5;6;7;8;9;10;11;12;13;14;15;16;17;18;19;20;21;22;23;24;25;26;27,1500175,1000029,139.762698,35.683992999999994,1,2,metro_service_node,2.2,2.2:1;2;3;4;5;6;7;8;9;10;11;12;13;14;15;16;17;18;19;20;21;22;23;24;25;26;27,,東京都交通局,POINT (139.762698 35.683992999999994),0,,
2.2.210:1;2;3;4;5;6;7;8;9;10;11;12;13;14;15;16;17;18;19;20;21;22;23;24;25,1500176,1000030,139.758113,35.695231,1,2,metro_service_node,2.2,2.2:1;2;3;4;5;6;7;8;9;10;11;12;13;14;15;16;17;18;19;20;21;22;23;24;25,,東京都交通局,POINT (139.758113 35.695231),0,,
2.2.210:1;2;3;4;5;6;7;8;9;10;11;12;13;14;15;16;17;18;19;20;21;22;23;24;25;26;27,1500177,1000030,139.758113,35.695231,1,2,metro_service_node,2.2,2.2:1;2;3;4;5;6;7;8;9;10;11;12;13;14;15;16;17;18;19;20;21;22;23;24;25;26;27,,東京都交通局,POINT (139.758113 35.695231),0,,
2.2.211:1;2;3;4;5;6;7;8;9;10;11;12;13;14;15;16;17;18;19;20;21;22;23;24;25,1500178,1000031,139.755047,35.703359999999996,1,2,metro_service_node,2.2,2.2:1;2;3;4;5;6;7;8;9;10;11;12;13;14;15;16;17;18;19;20;21;22;23;24;25,,東京都交通局,POINT (139.755047 35.703359999999996),0,,
2.2.211:1;2;3;4;5;6;7;8;9;10;11;12;13;14;15;16;17;18;19;20;21;22;23;24;25;26;27,1500179,1000031,139.755047,35.703359999999996,1,2,metro_service_node,2.2,2.2:1;2;3;4;5;6;7;8;9;10;11;12;13;14;15;16;17;18;19;20;21;22;23;24;25;26;27,,東京都交通局,POINT (139.755047 35.703359999999996),0,,
2.2.212:1;2;3;4;5;6;7;8;9;10;11;12;13;14;15;16;17;18;19;20;21;22;23;24;25,1500180,1000032,139.753187,35.709432,1,2,metro_service_node,2.2,2.2:1;2;3;4;5;6;7;8;9;10;11;12;13;14;15;16;17;18;19;20;21;22;23;24;25,,東京都交通局,POINT (139.753187 35.709432),0,,
2.2.212:1;2;3;4;5;6;7;8;9;10;11;12;13;14;15;16;17;18;19;20;21;22;23;24;25;26;27,1500181,1000032,139.753187,35.709432,1,2,metro_service_node,2.2,2.2:1;2;3;4;5;6;7;8;9;10;11;12;13;14;15;16;17;18;19;20;21;22;23;24;25;26;27,,東京都交通局,POINT (139.753187 35.709432),0,,
2.2.213:1;2;3;4;5;6;7;8;9;10;11;12;13;14;15;16;17;18;19;20;21;22;23;24;25,1500182,1000033,139.752034,35.721582,1,2,metro_service_node,2.2,2.2:1;2;3;4;5;6;7;8;9;10;11;12;13;14;15;16;17;18;19;20;21;22;23;24;25,,東京都交通局,POINT (139.752034 35.721582),0,,
2.2.213:1;2;3;4;5;6;7;8;9;10;11;12;13;14;15;16;17;18;19;20;21;22;23;24;25;26;27,1500183,1000033,139.752034,35.721582,1,2,metro_service_node,2.2,2.2:1;2;3;4;5;6;7;8;9;10;11;12;13;14;15;16;17;18;19;20;21;22;23;24;25;26;27,,東京都交通局,POINT (139.752034 35.721582),0,,
2.2.214:1;2;3;4;5;6;7;8;9;10;11;12;13;14;15;16;17;18;19;20;21;22;23;24;25,1500184,1000034,139.74488399999998,35.727672,1,2,metro_service_node,2.2,2.2:1;2;3;4;5;6;7;8;9;10;11;12;13;14;15;16;17;18;19;20;21;22;23;24;25,,東京都交通局,POINT (139.74488399999998 35.727672),0,,
2.2.214:1;2;3;4;5;6;7;8;9;10;11;12;13;14;15;16;17;18;19;20;21;22;23;24;25;26;27,1500185,1000034,139.74488399999998,35.727672,1,2,metro_service_node,2.2,2.2:1;2;3;4;5;6;7;8;9;10;11;12;13;14;15;16;17;18;19;20;21;22;23;24;25;26;27,,東京都交通局,POINT (139.74488399999998 35.727672),0,,
2.2.215:1;2;3;4;5;6;7;8;9;10;11;12;13;14;15;16;17;18;19;20;21;22;23;24;25,1500186,1000035,139.738054,35.733692999999995,1,2,metro_service_node,2.2,2.2:1;2;3;4;5;6;7;8;9;10;11;12;13;14;15;16;17;18;19;20;21;22;23;24;25,,東京都交通局,POINT (139.738054 35.733692999999995),0,,
2.2.215:1;2;3;4;5;6;7;8;9;10;11;12;13;14;15;16;17;18;19;20;21;22;23;24;25;26;27,1500187,1000035,139.738054,35.733692999999995,1,2,metro_service_node,2.2,2.2:1;2;3;4;5;6;7;8;9;10;11;12;13;14;15;16;17;18;19;20;21;22;23;24;25;26;27,,東京都交通局,POINT (139.738054 35.733692999999995),0,,
2.2.216:1;2;3;4;5;6;7;8;9;10;11;12;13;14;15;16;17;18;19;20;21;22;23;24;25,1500188,1000036,139.728603,35.743468,1,2,metro_service_node,2.2,2.2:1;2;3;4;5;6;7;8;9;10;11;12;13;14;15;16;17;18;19;20;21;22;23;24;25,,東京都交通局,POINT (139.728603 35.743468),0,,
2.2.216:1;2;3;4;5;6;7;8;9;10;11;12;13;14;15;16;17;18;19;20;21;22;23;24;25;26;27,1500189,1000036,139.728603,35.743468,1,2,metro_service_node,2.2,2.2:1;2;3;4;5;6;7;8;9;10;11;12;13;14;15;16;17;18;19;20;21;22;23;24;25;26;27,,東京都交通局,POINT (139.728603 35.743468),0,,
2.2.217:1;2;3;4;5;6;7;8;9;10;11;12;13;14;15;16;17;18;19;20;21;22;23;24;25,1500190,1000037,139.719708,35.748672,1,2,metro_service_node,2.2,2.2:1;2;3;4;5;6;7;8;9;10;11;12;13;14;15;16;17;18;19;20;21;22;23;24;25,,東京都交通局,POINT (139.719708 35.748672),0,,
2.2.217:1;2;3;4;5;6;7;8;9;10;11;12;13;14;15;16;17;18;19;20;21;22;23;24;25;26;27,1500191,1000037,139.719708,35.748672,1,2,metro_service_node,2.2,2.2:1;2;3;4;5;6;7;8;9;10;11;12;13;14;15;16;17;18;19;20;21;22;23;24;25;26;27,,東京都交通局,POINT (139.719708 35.748672),0,,
2.2.218:1;2;3;4;5;6;7;8;9;10;11;12;13;14;15;16;17;18;19;20;21;22;23;24;25,1500192,1000038,139.71002,35.751272,1,2,metro_service_node,2.2,2.2:1;2;3;4;5;6;7;8;9;10;11;12;13;14;15;16;17;18;19;20;21;22;23;24;25,,東京都交通局,POINT (139.71002 35.751272),0,,
2.2.218:1;2;3;4;5;6;7;8;9;10;11;12;13;14;15;16;17;18;19;20;21;22;23;24;25;26;27,1500193,1000038,139.71002,35.751272,1,2,metro_service_node,2.2,2.2:1;2;3;4;5;6;7;8;9;10;11;12;13;14;15;16;17;18;19;20;21;22;23;24;25;26;27,,東京都交通局,POINT (139.71002 35.751272),0,,
2.2.219:1;2;3;4;5;6;7;8;9;10;11;12;13;14;15;16;17;18;19;20;21;22;23;24;25,1500194,1000039,139.705444,35.761208999999994,1,2,metro_service_node,2.2,2.2:1;2;3;4;5;6;7;8;9;10;11;12;13;14;15;16;17;18;19;20;21;22;23;24;25,,東京都交通局,POINT (139.705444 35.761208999999994),0,,
2.2.219:1;2;3;4;5;6;7;8;9;10;11;12;13;14;15;16;17;18;19;20;21;22;23;24;25;26;27,1500195,1000039,139.705444,35.761208999999994,1,2,metro_service_node,2.2,2.2:1;2;3;4;5;6;7;8;9;10;11;12;13;14;15;16;17;18;19;20;21;22;23;24;25;26;27,,東京都交通局,POINT (139.705444 35.761208999999994),0,,
2.2.220:1;2;3;4;5;6;7;8;9;10;11;12;13;14;15;16;17;18;19;20;21;22;23;24;25,1500196,1000040,139.70230999999998,35.768466,1,2,metro_service_node,2.2,2.2:1;2;3;4;5;6;7;8;9;10;11;12;13;14;15;16;17;18;19;20;21;22;23;24;25,,東京都交通局,POINT (139.70230999999998 35.768466),0,,
2.2.220:1;2;3;4;5;6;7;8;9;10;11;12;13;14;15;16;17;18;19;20;21;22;23;24;25;26;27,1500197,1000040,139.70230999999998,35.768466,1,2,metro_service_node,2.2,2.2:1;2;3;4;5;6;7;8;9;10;11;12;13;14;15;16;17;18;19;20;21;22;23;24;25;26;27,,東京都交通局,POINT (139.70230999999998 35.768466),0,,
2.2.221:1;2;3;4;5;6;7;8;9;10;11;12;13;14;15;16;17;18;19;20;21;22;23;24;25,1500198,1000041,139.694997,35.775982,1,2,metro_service_node,2.2,2.2:1;2;3;4;5;6;7;8;9;10;11;12;13;14;15;16;17;18;19;20;21;22;23;24;25,,東京都交通局,POINT (139.694997 35.775982),0,,
2.2.221:1;2;3;4;5;6;7;8;9;10;11;12;13;14;15;16;17;18;19;20;21;22;23;24;25;26;27,1500199,1000041,139.694997,35.775982,1,2,metro_service_node,2.2,2.2:1;2;3;4;5;6;7;8;9;10;11;12;13;14;15;16;17;18;19;20;21;22;23;24;25;26;27,,東京都交通局,POINT (139.694997 35.775982),0,,
2.2.222:1;2;3;4;5;6;7;8;9;10;11;12;13;14;15;16;17;18;19;20;21;22;23;24;25,1500200,1000042,139.685651,35.777367999999996,1,2,metro_service_node,2.2,2.2:1;2;3;4;5;6;7;8;9;10;11;12;13;14;15;16;17;18;19;20;21;22;23;24;25,,東京都交通局,POINT (139.685651 35.777367999999996),0,,
2.2.222:1;2;3;4;5;6;7;8;9;10;11;12;13;14;15;16;17;18;19;20;21;22;23;24;25;26;27,1500201,1000042,139.685651,35.777367999999996,1,2,metro_service_node,2.2,2.2:1;2;3;4;5;6;7;8;9;10;11;12;13;14;15;16;17;18;19;20;21;22;23;24;25;26;27,,東京都交通局,POINT (139.685651 35.777367999999996),0,,
2.2.223:1;2;3;4;5;6;7;8;9;10;11;12;13;14;15;16;17;18;19;20;21;22;23;24;25,1500202,1000043,139.678847,35.784161999999995,1,2,metro_service_node,2.2,2.2:1;2;3;4;5;6;7;8;9;10;11;12;13;14;15;16;17;18;19;20;21;22;23;24;25,,東京都交通局,POINT (139.678847 35.784161999999995),0,,
2.2.223:1;2;3;4;5;6;7;8;9;10;11;12;13;14;15;16;17;18;19;20;21;22;23;24;25;26;27,1500203,1000043,139.678847,35.784161999999995,1,2,metro_service_node,2.2,2.2:1;2;3;4;5;6;7;8;9;10;11;12;13;14;15;16;17;18;19;20;21;22;23;24;25;26;27,,東京都交通局,POINT (139.678847 35.784161999999995),0,,
2.2.224:1;2;3;4;5;6;7;8;9;10;11;12;13;14;15;16;17;18;19;20;21;22;23;24;25,1500204,1000044,139.672767,35.786973999999994,1,2,metro_service_node,2.2,2.2:1;2;3;4;5;6;7;8;9;10;11;12;13;14;15;16;17;18;19;20;21;22;23;24;25,,東京都交通局,POINT (139.672767 35.786973999999994),0,,
2.2.224:1;2;3;4;5;6;7;8;9;10;11;12;13;14;15;16;17;18;19;20;21;22;23;24;25;26;27,1500205,1000044,139.672767,35.786973999999994,1,2,metro_service_node,2.2,2.2:1;2;3;4;5;6;7;8;9;10;11;12;13;14;15;16;17;18;19;20;21;22;23;24;25;26;27,,東京都交通局,POINT (139.672767 35.786973999999994),0,,
2.2.225:1;2;3;4;5;6;7;8;9;10;11;12;13;14;15;16;17;18;19;20;21;22;23;24;25,1500206,1000045,139.661261,35.788807999999996,1,2,metro_service_node,2.2,2.2:1;2;3;4;5;6;7;8;9;10;11;12;13;14;15;16;17;18;19;20;21;22;23;24;25,,東京都交通局,POINT (139.661261 35.788807999999996),0,,
2.2.225:1;2;3;4;5;6;7;8;9;10;11;12;13;14;15;16;17;18;19;20;21;22;23;24;25;26;27,1500207,1000045,139.661261,35.788807999999996,1,2,metro_service_node,2.2,2.2:1;2;3;4;5;6;7;8;9;10;11;12;13;14;15;16;17;18;19;20;21;22;23;24;25;26;27,,東京都交通局,POINT (139.661261 35.788807999999996),0,,
2.2.226:1;2;3;4;5;6;7;8;9;10;11;12;13;14;15;16;17;18;19;20;21;22;23;24;25,1500208,1000046,139.65395,35.790189,1,2,metro_service_node,2.2,2.2:1;2;3;4;5;6;7;8;9;10;11;12;13;14;15;16;17;18;19;20;21;22;23;24;25,,東京都交通局,POINT (139.65395 35.790189),0,,
2.2.226:1;2;3;4;5;6;7;8;9;10;11;12;13;14;15;16;17;18;19;20;21;22;23;24;25;26;27,1500209,1000046,139.65395,35.790189,1,2,metro_service_node,2.2,2.2:1;2;3;4;5;6;7;8;9;10;11;12;13;14;15;16;17;18;19;20;21;22;23;24;25;26;27,,東京都交通局,POINT (139.65395 35.790189),0,,
2.2.227:1;2;3;4;5;6;7;8;9;10;11;12;13;14;15;16;17;18;19;20;21;22;23;24;25,1500210,1000047,139.645321,35.791864999999994,1,2,metro_service_node,2.2,2.2:1;2;3;4;5;6;7;8;9;10;11;12;13;14;15;16;17;18;19;20;21;22;23;24;25,,東京都交通局,POINT (139.645321 35.791864999999994),1,,
2.2.227:1;2;3;4;5;6;7;8;9;10;11;12;13;14;15;16;17;18;19;20;21;22;23;24;25;26;27,1500211,1000047,139.645321,35.791864999999994,1,2,metro_service_node,2.2,2.2:1;2;3;4;5;6;7;8;9;10;11;12;13;14;15;16;17;18;19;20;21;22;23;24;25;26;27,,東京都交通局,POINT (139.645321 35.791864999999994),1,,
3.1.301:1;2;3;4;5;6;7;8;9;10;11;12;13;14;15,1500212,1000048,139.698318,35.688333,1,3,metro_service_node,3.1,3.1:1;2;3;4;5;6;7;8;9;10;11;12;13;14;15,,東京都交通局,POINT (139.698318 35.688333),1,,
3.1.301:1;2;3;4;5;6;7;8;9;10;11;12;13;14;15;16;17;18;19;20;21,1500213,1000048,139.698318,35.688333,1,3,metro_service_node,3.1,3.1:1;2;3;4;5;6;7;8;9;10;11;12;13;14;15;16;17;18;19;20;21,,東京都交通局,POINT (139.698318 35.688333),1,,
3.1.301:1;5;7;10;12;15,1500214,1000048,139.698318,35.688333,1,3,metro_service_node,3.1,3.1:1;5;7;10;12;15,,東京都交通局,POINT (139.698318 35.688333),1,,
3.1.301:1;5;7;11;13;16;18;21,1500215,1000048,139.698318,35.688333,1,3,metro_service_node,3.1,3.1:1;5;7;11;13;16;18;21,,東京都交通局,POINT (139.698318 35.688333),1,,
3.1.302:1;2;3;4;5;6;7;8;9;10;11;12;13;14;15,1500216,1000049,139.706694,35.690915999999994,1,3,metro_service_node,3.1,3.1:1;2;3;4;5;6;7;8;9;10;11;12;13;14;15,,東京都交通局,POINT (139.706694 35.690915999999994),0,,
3.1.302:1;2;3;4;5;6;7;8;9;10;11;12;13;14;15;16;17;18;19;20;21,1500217,1000049,139.706694,35.690915999999994,1,3,metro_service_node,3.1,3.1:1;2;3;4;5;6;7;8;9;10;11;12;13;14;15;16;17;18;19;20;21,,東京都交通局,POINT (139.706694 35.690915999999994),0,,
3.1.303:1;2;3;4;5;6;7;8;9;10;11;12;13;14;15,1500218,1000050,139.722217,35.692302,1,3,metro_service_node,3.1,3.1:1;2;3;4;5;6;7;8;9;10;11;12;13;14;15,,東京都交通局,POINT (139.722217 35.692302),0,,
3.1.303:1;2;3;4;5;6;7;8;9;10;11;12;13;14;15;16;17;18;19;20;21,1500219,1000050,139.722217,35.692302,1,3,metro_service_node,3.1,3.1:1;2;3;4;5;6;7;8;9;10;11;12;13;14;15;16;17;18;19;20;21,,東京都交通局,POINT (139.722217 35.692302),0,,
3.1.304:1;2;3;4;5;6;7;8;9;10;11;12;13;14;15,1500220,1000051,139.73748799999998,35.69143,1,3,metro_service_node,3.1,3.1:1;2;3;4;5;6;7;8;9;10;11;12;13;14;15,,東京都交通局,POINT (139.73748799999998 35.69143),0,,
3.1.304:1;2;3;4;5;6;7;8;9;10;11;12;13;14;15;16;17;18;19;20;21,1500221,1000051,139.73748799999998,35.69143,1,3,metro_service_node,3.1,3.1:1;2;3;4;5;6;7;8;9;10;11;12;13;14;15;16;17;18;19;20;21,,東京都交通局,POINT (139.73748799999998 35.69143),0,,
3.1.304:1;5;7;10;12;15,1500222,1000051,139.73748799999998,35.69143,1,3,metro_service_node,3.1,3.1:1;5;7;10;12;15,,東京都交通局,POINT (139.73748799999998 35.69143),0,,
3.1.304:1;5;7;11;13;16;18;21,1500223,1000051,139.73748799999998,35.69143,1,3,metro_service_node,3.1,3.1:1;5;7;11;13;16;18;21,,東京都交通局,POINT (139.73748799999998 35.69143),0,,
3.1.305:1;2;3;4;5;6;7;8;9;10;11;12;13;14;15,1500224,1000052,139.75163799999999,35.695446,1,3,metro_service_node,3.1,3.1:1;2;3;4;5;6;7;8;9;10;11;12;13;14;15,,東京都交通局,POINT (139.75163799999999 35.695446),0,,
3.1.305:1;2;3;4;5;6;7;8;9;10;11;12;13;14;15;16;17;18;19;20;21,1500225,1000052,139.75163799999999,35.695446,1,3,metro_service_node,3.1,3.1:1;2;3;4;5;6;7;8;9;10;11;12;13;14;15;16;17;18;19;20;21,,東京都交通局,POINT (139.75163799999999 35.695446),0,,
3.1.306:1;2;3;4;5;6;7;8;9;10;11;12;13;14;15,1500226,1000053,139.757881,35.695871999999994,1,3,metro_service_node,3.1,3.1:1;2;3;4;5;6;7;8;9;10;11;12;13;14;15,,東京都交通局,POINT (139.757881 35.695871999999994),0,,
3.1.306:1;2;3;4;5;6;7;8;9;10;11;12;13;14;15;16;17;18;19;20;21,1500227,1000053,139.757881,35.695871999999994,1,3,metro_service_node,3.1,3.1:1;2;3;4;5;6;7;8;9;10;11;12;13;14;15;16;17;18;19;20;21,,東京都交通局,POINT (139.757881 35.695871999999994),0,,
3.1.306:1;5;7;10;12;15,1500228,1000053,139.757881,35.695871999999994,1,3,metro_service_node,3.1,3.1:1;5;7;10;12;15,,東京都交通局,POINT (139.757881 35.695871999999994),0,,
3.1.306:1;5;7;11;13;16;18;21,1500229,1000053,139.757881,35.695871999999994,1,3,metro_service_node,3.1,3.1:1;5;7;11;13;16;18;21,,東京都交通局,POINT (139.757881 35.695871999999994),0,,
3.1.307:1;2;3;4;5;6;7;8;9;10;11;12;13;14;15,1500230,1000054,139.766349,35.694905,1,3,metro_service_node,3.1,3.1:1;2;3;4;5;6;7;8;9;10;11;12;13;14;15,,東京都交通局,POINT (139.766349 35.694905),0,,
3.1.307:1;2;3;4;5;6;7;8;9;10;11;12;13;14;15;16;17;18;19;20;21,1500231,1000054,139.766349,35.694905,1,3,metro_service_node,3.1,3.1:1;2;3;4;5;6;7;8;9;10;11;12;13;14;15;16;17;18;19;20;21,,東京都交通局,POINT (139.766349 35.694905),0,,
3.1.308:1;2;3;4;5;6;7;8;9;10;11;12;13;14;15,1500232,1000055,139.775015,35.695507,1,3,metro_service_node,3.1,3.1:1;2;3;4;5;6;7;8;9;10;11;12;13;14;15,,東京都交通局,POINT (139.775015 35.695507),0,,
3.1.308:1;2;3;4;5;6;7;8;9;10;11;12;13;14;15;16;17;18;19;20;21,1500233,1000055,139.775015,35.695507,1,3,metro_service_node,3.1,3.1:1;2;3;4;5;6;7;8;9;10;11;12;13;14;15;16;17;18;19;20;21,,東京都交通局,POINT (139.775015 35.695507),0,,
3.1.309:1;2;3;4;5;6;7;8;9;10;11;12;13;14;15,1500234,1000056,139.782906,35.691829999999996,1,3,metro_service_node,3.1,3.1:1;2;3;4;5;6;7;8;9;10;11;12;13;14;15,,東京都交通局,POINT (139.782906 35.691829999999996),0,,
3.1.309:1;2;3;4;5;6;7;8;9;10;11;12;13;14;15;16;17;18;19;20;21,1500235,1000056,139.782906,35.691829999999996,1,3,metro_service_node,3.1,3.1:1;2;3;4;5;6;7;8;9;10;11;12;13;14;15;16;17;18;19;20;21,,東京都交通局,POINT (139.782906 35.691829999999996),0,,
3.1.309:1;5;7;10;12;15,1500236,1000056,139.782906,35.691829999999996,1,3,metro_service_node,3.1,3.1:1;5;7;10;12;15,,東京都交通局,POINT (139.782906 35.691829999999996),0,,
3.1.309:1;5;7;11;13;16;18;21,1500237,1000056,139.782906,35.691829999999996,1,3,metro_service_node,3.1,3.1:1;5;7;11;13;16;18;21,,東京都交通局,POINT (139.782906 35.691829999999996),0,,
3.1.310:1;2;3;4;5;6;7;8;9;10;11;12;13;14;15,1500238,1000057,139.787625,35.688500999999995,1,3,metro_service_node,3.1,3.1:1;2;3;4;5;6;7;8;9;10;11;12;13;14;15,,東京都交通局,POINT (139.787625 35.688500999999995),0,,
3.1.310:1;2;3;4;5;6;7;8;9;10;11;12;13;14;15;16;17;18;19;20;21,1500239,1000057,139.787625,35.688500999999995,1,3,metro_service_node,3.1,3.1:1;2;3;4;5;6;7;8;9;10;11;12;13;14;15;16;17;18;19;20;21,,東京都交通局,POINT (139.787625 35.688500999999995),0,,
3.1.311:1;2;3;4;5;6;7;8;9;10;11;12;13;14;15,1500240,1000058,139.796523,35.687881999999995,1,3,metro_service_node,3.1,3.1:1;2;3;4;5;6;7;8;9;10;11;12;13;14;15,,東京都交通局,POINT (139.796523 35.687881999999995),0,,
3.1.311:1;2;3;4;5;6;7;8;9;10;11;12;13;14;15;16;17;18;19;20;21,1500241,1000058,139.796523,35.687881999999995,1,3,metro_service_node,3.1,3.1:1;2;3;4;5;6;7;8;9;10;11;12;13;14;15;16;17;18;19;20;21,,東京都交通局,POINT (139.796523 35.687881999999995),0,,
3.1.311:1;5;7;10;12;15,1500242,1000058,139.796523,35.687881999999995,1,3,metro_service_node,3.1,3.1:1;5;7;10;12;15,,東京都交通局,POINT (139.796523 35.687881999999995),0,,
3.1.311:1;5;7;11;13;16;18;21,1500243,1000058,139.796523,35.687881999999995,1,3,metro_service_node,3.1,3.1:1;5;7;11;13;16;18;21,,東京都交通局,POINT (139.796523 35.687881999999995),0,,
3.1.312:1;2;3;4;5;6;7;8;9;10;11;12;13;14;15,1500244,1000059,139.805957,35.688298999999994,1,3,metro_service_node,3.1,3.1:1;2;3;4;5;6;7;8;9;10;11;12;13;14;15,,東京都交通局,POINT (139.805957 35.688298999999994),0,,
3.1.312:1;2;3;4;5;6;7;8;9;10;11;12;13;14;15;16;17;18;19;20;21,1500245,1000059,139.805957,35.688298999999994,1,3,metro_service_node,3.1,3.1:1;2;3;4;5;6;7;8;9;10;11;12;13;14;15;16;17;18;19;20;21,,東京都交通局,POINT (139.805957 35.688298999999994),0,,
3.1.313:1;2;3;4;5;6;7;8;9;10;11;12;13;14;15,1500246,1000060,139.815623,35.688939999999995,1,3,metro_service_node,3.1,3.1:1;2;3;4;5;6;7;8;9;10;11;12;13;14;15,,東京都交通局,POINT (139.815623 35.688939999999995),0,,
3.1.313:1;2;3;4;5;6;7;8;9;10;11;12;13;14;15;16;17;18;19;20;21,1500247,1000060,139.815623,35.688939999999995,1,3,metro_service_node,3.1,3.1:1;2;3;4;5;6;7;8;9;10;11;12;13;14;15;16;17;18;19;20;21,,東京都交通局,POINT (139.815623 35.688939999999995),0,,
3.1.314:1;2;3;4;5;6;7;8;9;10;11;12;13;14;15,1500248,1000061,139.826131,35.689291,1,3,metro_service_node,3.1,3.1:1;2;3;4;5;6;7;8;9;10;11;12;13;14;15,,東京都交通局,POINT (139.826131 35.689291),0,,
3.1.314:1;2;3;4;5;6;7;8;9;10;11;12;13;14;15;16;17;18;19;20;21,1500249,1000061,139.826131,35.689291,1,3,metro_service_node,3.1,3.1:1;2;3;4;5;6;7;8;9;10;11;12;13;14;15;16;17;18;19;20;21,,東京都交通局,POINT (139.826131 35.689291),0,,
3.1.315:1;2;3;4;5;6;7;8;9;10;11;12;13;14;15,1500250,1000062,139.834605,35.689651999999995,1,3,metro_service_node,3.1,3.1:1;2;3;4;5;6;7;8;9;10;11;12;13;14;15,,東京都交通局,POINT (139.834605 35.689651999999995),1,,
3.1.315:1;2;3;4;5;6;7;8;9;10;11;12;13;14;15;16;17;18;19;20;21,1500251,1000062,139.834605,35.689651999999995,1,3,metro_service_node,3.1,3.1:1;2;3;4;5;6;7;8;9;10;11;12;13;14;15;16;17;18;19;20;21,,東京都交通局,POINT (139.834605 35.689651999999995),0,,
3.1.315:1;5;7;10;12;15,1500252,1000062,139.834605,35.689651999999995,1,3,metro_service_node,3.1,3.1:1;5;7;10;12;15,,東京都交通局,POINT (139.834605 35.689651999999995),1,,
3.1.315:1;5;7;11;13;16;18;21,1500253,1000062,139.834605,35.689651999999995,1,3,metro_service_node,3.1,3.1:1;5;7;11;13;16;18;21,,東京都交通局,POINT (139.834605 35.689651999999995),0,,
3.1.316:1;2;3;4;5;6;7;8;9;10;11;12;13;14;15;16;17;18;19;20;21,1500254,1000063,139.847155,35.689859,1,3,metro_service_node,3.1,3.1:1;2;3;4;5;6;7;8;9;10;11;12;13;14;15;16;17;18;19;20;21,,東京都交通局,POINT (139.847155 35.689859),0,,
3.1.317:1;2;3;4;5;6;7;8;9;10;11;12;13;14;15;16;17;18;19;20;21,1500255,1000064,139.863855,35.683659999999996,1,3,metro_service_node,3.1,3.1:1;2;3;4;5;6;7;8;9;10;11;12;13;14;15;16;17;18;19;20;21,,東京都交通局,POINT (139.863855 35.683659999999996),0,,
3.1.317:1;5;7;11;13;16;18;21,1500256,1000064,139.863855,35.683659999999996,1,3,metro_service_node,3.1,3.1:1;5;7;11;13;16;18;21,,東京都交通局,POINT (139.863855 35.683659999999996),0,,
3.1.318:1;2;3;4;5;6;7;8;9;10;11;12;13;14;15;16;17;18;19;20;21,1500257,1000065,139.882486,35.685886999999994,1,3,metro_service_node,3.1,3.1:1;2;3;4;5;6;7;8;9;10;11;12;13;14;15;16;17;18;19;20;21,,東京都交通局,POINT (139.882486 35.685886999999994),0,,
3.1.319:1;2;3;4;5;6;7;8;9;10;11;12;13;14;15;16;17;18;19;20;21,1500258,1000066,139.89759999999998,35.69341,1,3,metro_service_node,3.1,3.1:1;2;3;4;5;6;7;8;9;10;11;12;13;14;15;16;17;18;19;20;21,,東京都交通局,POINT (139.89759999999998 35.69341),0,,
3.1.320:1;2;3;4;5;6;7;8;9;10;11;12;13;14;15;16;17;18;19;20;21,1500259,1000067,139.903696,35.705921999999994,1,3,metro_service_node,3.1,3.1:1;2;3;4;5;6;7;8;9;10;11;12;13;14;15;16;17;18;19;20;21,,東京都交通局,POINT (139.903696 35.705921999999994),0,,
3.1.321:1;2;3;4;5;6;7;8;9;10;11;12;13;14;15;16;17;18;19;20;21,1500260,1000068,139.926513,35.722719,1,3,metro_service_node,3.1,3.1:1;2;3;4;5;6;7;8;9;10;11;12;13;14;15;16;17;18;19;20;21,,東京都交通局,POINT (139.926513 35.722719),1,,
3.1.321:1;5;7;11;13;16;18;21,1500261,1000068,139.926513,35.722719,1,3,metro_service_node,3.1,3.1:1;5;7;11;13;16;18;21,,東京都交通局,POINT (139.926513 35.722719),1,,
3.2.301:1;2;3;4;5;6;7;8;9;10;11;12;13;14;15;16;17;18;19;20;21,1500262,1000048,139.698318,35.688333,1,3,metro_service_node,3.2,3.2:1;2;3;4;5;6;7;8;9;10;11;12;13;14;15;16;17;18;19;20;21,,東京都交通局,POINT (139.698318 35.688333),1,,
3.2.302:1;2;3;4;5;6;7;8;9;10;11;12;13;14;15;16;17;18;19;20;21,1500263,1000049,139.706694,35.690915999999994,1,3,metro_service_node,3.2,3.2:1;2;3;4;5;6;7;8;9;10;11;12;13;14;15;16;17;18;19;20;21,,東京都交通局,POINT (139.706694 35.690915999999994),0,,
3.2.303:1;2;3;4;5;6;7;8;9;10;11;12;13;14;15;16;17;18;19;20;21,1500264,1000050,139.722217,35.692302,1,3,metro_service_node,3.2,3.2:1;2;3;4;5;6;7;8;9;10;11;12;13;14;15;16;17;18;19;20;21,,東京都交通局,POINT (139.722217 35.692302),0,,
3.2.304:1;2;3;4;5;6;7;8;9;10;11;12;13;14;15;16;17;18;19;20;21,1500265,1000051,139.73748799999998,35.69143,1,3,metro_service_node,3.2,3.2:1;2;3;4;5;6;7;8;9;10;11;12;13;14;15;16;17;18;19;20;21,,東京都交通局,POINT (139.73748799999998 35.69143),0,,
3.2.305:1;2;3;4;5;6;7;8;9;10;11;12;13;14;15;16;17;18;19;20;21,1500266,1000052,139.75163799999999,35.695446,1,3,metro_service_node,3.2,3.2:1;2;3;4;5;6;7;8;9;10;11;12;13;14;15;16;17;18;19;20;21,,東京都交通局,POINT (139.75163799999999 35.695446),0,,
3.2.306:1;2;3;4;5;6;7;8;9;10;11;12;13;14;15;16;17;18;19;20;21,1500267,1000053,139.757881,35.695871999999994,1,3,metro_service_node,3.2,3.2:1;2;3;4;5;6;7;8;9;10;11;12;13;14;15;16;17;18;19;20;21,,東京都交通局,POINT (139.757881 35.695871999999994),0,,
3.2.307:1;2;3;4;5;6;7;8;9;10;11;12;13;14;15;16;17;18;19;20;21,1500268,1000054,139.766349,35.694905,1,3,metro_service_node,3.2,3.2:1;2;3;4;5;6;7;8;9;10;11;12;13;14;15;16;17;18;19;20;21,,東京都交通局,POINT (139.766349 35.694905),0,,
3.2.308:1;2;3;4;5;6;7;8;9;10;11;12;13;14;15;16;17;18;19;20;21,1500269,1000055,139.775015,35.695507,1,3,metro_service_node,3.2,3.2:1;2;3;4;5;6;7;8;9;10;11;12;13;14;15;16;17;18;19;20;21,,東京都交通局,POINT (139.775015 35.695507),0,,
3.2.309:1;2;3;4;5;6;7;8;9;10;11;12;13;14;15;16;17;18;19;20;21,1500270,1000056,139.782906,35.691829999999996,1,3,metro_service_node,3.2,3.2:1;2;3;4;5;6;7;8;9;10;11;12;13;14;15;16;17;18;19;20;21,,東京都交通局,POINT (139.782906 35.691829999999996),0,,
3.2.310:1;2;3;4;5;6;7;8;9;10;11;12;13;14;15;16;17;18;19;20;21,1500271,1000057,139.787625,35.688500999999995,1,3,metro_service_node,3.2,3.2:1;2;3;4;5;6;7;8;9;10;11;12;13;14;15;16;17;18;19;20;21,,東京都交通局,POINT (139.787625 35.688500999999995),0,,
3.2.311:1;2;3;4;5;6;7;8;9;10;11;12;13;14;15;16;17;18;19;20;21,1500272,1000058,139.796523,35.687881999999995,1,3,metro_service_node,3.2,3.2:1;2;3;4;5;6;7;8;9;10;11;12;13;14;15;16;17;18;19;20;21,,東京都交通局,POINT (139.796523 35.687881999999995),0,,
3.2.312:1;2;3;4;5;6;7;8;9;10;11;12;13;14;15;16;17;18;19;20;21,1500273,1000059,139.805957,35.688298999999994,1,3,metro_service_node,3.2,3.2:1;2;3;4;5;6;7;8;9;10;11;12;13;14;15;16;17;18;19;20;21,,東京都交通局,POINT (139.805957 35.688298999999994),0,,
3.2.313:1;2;3;4;5;6;7;8;9;10;11;12;13;14;15;16;17;18;19;20;21,1500274,1000060,139.815623,35.688939999999995,1,3,metro_service_node,3.2,3.2:1;2;3;4;5;6;7;8;9;10;11;12;13;14;15;16;17;18;19;20;21,,東京都交通局,POINT (139.815623 35.688939999999995),0,,
3.2.314:1;2;3;4;5;6;7;8;9;10;11;12;13;14;15;16;17;18;19;20;21,1500275,1000061,139.826131,35.689291,1,3,metro_service_node,3.2,3.2:1;2;3;4;5;6;7;8;9;10;11;12;13;14;15;16;17;18;19;20;21,,東京都交通局,POINT (139.826131 35.689291),0,,
3.2.315:1;2;3;4;5;6;7,1500276,1000062,139.834605,35.689651999999995,1,3,metro_service_node,3.2,3.2:1;2;3;4;5;6;7,,東京都交通局,POINT (139.834605 35.689651999999995),1,,
3.2.315:1;2;3;4;5;6;7;8;9;10;11;12;13;14;15;16;17;18;19;20;21,1500277,1000062,139.834605,35.689651999999995,1,3,metro_service_node,3.2,3.2:1;2;3;4;5;6;7;8;9;10;11;12;13;14;15;16;17;18;19;20;21,,東京都交通局,POINT (139.834605 35.689651999999995),0,,
3.2.316:1;2;3;4;5;6;7,1500278,1000063,139.847155,35.689859,1,3,metro_service_node,3.2,3.2:1;2;3;4;5;6;7,,東京都交通局,POINT (139.847155 35.689859),0,,
3.2.316:1;2;3;4;5;6;7;8;9;10;11;12;13;14;15;16;17;18;19;20;21,1500279,1000063,139.847155,35.689859,1,3,metro_service_node,3.2,3.2:1;2;3;4;5;6;7;8;9;10;11;12;13;14;15;16;17;18;19;20;21,,東京都交通局,POINT (139.847155 35.689859),0,,
3.2.317:1;2;3;4;5;6;7,1500280,1000064,139.863855,35.683659999999996,1,3,metro_service_node,3.2,3.2:1;2;3;4;5;6;7,,東京都交通局,POINT (139.863855 35.683659999999996),0,,
3.2.317:1;2;3;4;5;6;7;8;9;10;11;12;13;14;15;16;17;18;19;20;21,1500281,1000064,139.863855,35.683659999999996,1,3,metro_service_node,3.2,3.2:1;2;3;4;5;6;7;8;9;10;11;12;13;14;15;16;17;18;19;20;21,,東京都交通局,POINT (139.863855 35.683659999999996),0,,
3.2.318:1;2;3;4;5;6;7,1500282,1000065,139.882486,35.685886999999994,1,3,metro_service_node,3.2,3.2:1;2;3;4;5;6;7,,東京都交通局,POINT (139.882486 35.685886999999994),0,,
3.2.318:1;2;3;4;5;6;7;8;9;10;11;12;13;14;15;16;17;18;19;20;21,1500283,1000065,139.882486,35.685886999999994,1,3,metro_service_node,3.2,3.2:1;2;3;4;5;6;7;8;9;10;11;12;13;14;15;16;17;18;19;20;21,,東京都交通局,POINT (139.882486 35.685886999999994),0,,
3.2.319:1;2;3;4;5;6;7,1500284,1000066,139.89759999999998,35.69341,1,3,metro_service_node,3.2,3.2:1;2;3;4;5;6;7,,東京都交通局,POINT (139.89759999999998 35.69341),0,,
3.2.319:1;2;3;4;5;6;7;8;9;10;11;12;13;14;15;16;17;18;19;20;21,1500285,1000066,139.89759999999998,35.69341,1,3,metro_service_node,3.2,3.2:1;2;3;4;5;6;7;8;9;10;11;12;13;14;15;16;17;18;19;20;21,,東京都交通局,POINT (139.89759999999998 35.69341),0,,
3.2.320:1;2;3;4;5;6;7,1500286,1000067,139.903696,35.705921999999994,1,3,metro_service_node,3.2,3.2:1;2;3;4;5;6;7,,東京都交通局,POINT (139.903696 35.705921999999994),0,,
3.2.320:1;2;3;4;5;6;7;8;9;10;11;12;13;14;15;16;17;18;19;20;21,1500287,1000067,139.903696,35.705921999999994,1,3,metro_service_node,3.2,3.2:1;2;3;4;5;6;7;8;9;10;11;12;13;14;15;16;17;18;19;20;21,,東京都交通局,POINT (139.903696 35.705921999999994),0,,
3.2.321:1;2;3;4;5;6;7,1500288,1000068,139.926513,35.722719,1,3,metro_service_node,3.2,3.2:1;2;3;4;5;6;7,,東京都交通局,POINT (139.926513 35.722719),1,,
3.2.321:1;2;3;4;5;6;7;8;9;10;11;12;13;14;15;16;17;18;19;20;21,1500289,1000068,139.926513,35.722719,1,3,metro_service_node,3.2,3.2:1;2;3;4;5;6;7;8;9;10;11;12;13;14;15;16;17;18;19;20;21,,東京都交通局,POINT (139.926513 35.722719),1,,
4.1.402:1;2;3;4;5;6;7;8;9;10;11;12;13;14;15,1500290,1000069,139.699021,35.693267,1,4,metro_service_node,4.1,4.1:1;2;3;4;5;6;7;8;9;10;11;12;13;14;15,,東京都交通局,POINT (139.699021 35.693267),0,,
4.1.402:1;2;3;4;5;6;7;8;9;10;11;12;13;14;15;16;17;18;19;20;21;22;23;24;25;26;27;28;29;30;31;32;33;34;35;36;37;38;39,1500291,1000069,139.699021,35.693267,1,4,metro_service_node,4.1,4.1:1;2;3;4;5;6;7;8;9;10;11;12;13;14;15;16;17;18;19;20;21;22;23;24;25;26;27;28;29;30;31;32;33;34;35;36;37;38;39,,東京都交通局,POINT (139.699021 35.693267),0,,
4.1.403:1;2;3;4;5;6;7;8;9;10;11;12;13;14;15,1500292,1000070,139.707334,35.697857,1,4,metro_service_node,4.1,4.1:1;2;3;4;5;6;7;8;9;10;11;12;13;14;15,,東京都交通局,POINT (139.707334 35.697857),0,,
4.1.403:1;2;3;4;5;6;7;8;9;10;11;12;13;14;15;16;17;18;19;20;21;22;23;24;25;26;27;28;29;30;31;32;33;34;35;36;37;38;39,1500293,1000070,139.707334,35.697857,1,4,metro_service_node,4.1,4.1:1;2;3;4;5;6;7;8;9;10;11;12;13;14;15;16;17;18;19;20;21;22;23;24;25;26;27;28;29;30;31;32;33;34;35;36;37;38;39,,東京都交通局,POINT (139.707334 35.697857),0,,
4.1.404:1;2;3;4;5;6;7;8;9;10;11;12;13;14;15,1500294,1000071,139.717943,35.699087999999996,1,4,metro_service_node,4.1,4.1:1;2;3;4;5;6;7;8;9;10;11;12;13;14;15,,東京都交通局,POINT (139.717943 35.699087999999996),0,,
4.1.404:1;2;3;4;5;6;7;8;9;10;11;12;13;14;15;16;17;18;19;20;21;22;23;24;25;26;27;28;29;30;31;32;33;34;35;36;37;38;39,1500295,1000071,139.717943,35.699087999999996,1,4,metro_service_node,4.1,4.1:1;2;3;4;5;6;7;8;9;10;11;12;13;14;15;16;17;18;19;20;21;22;23;24;25;26;27;28;29;30;31;32;33;34;35;36;37;38;39,,東京都交通局,POINT (139.717943 35.699087999999996),0,,
4.1.405:1;2;3;4;5;6;7;8;9;10;11;12;13;14;15,1500296,1000072,139.72494,35.699400999999995,1,4,metro_service_node,4.1,4.1:1;2;3;4;5;6;7;8;9;10;11;12;13;14;15,,東京都交通局,POINT (139.72494 35.699400999999995),0,,
4.1.405:1;2;3;4;5;6;7;8;9;10;11;12;13;14;15;16;17;18;19;20;21;22;23;24;25;26;27;28;29;30;31;32;33;34;35;36;37;38;39,1500297,1000072,139.72494,35.699400999999995,1,4,metro_service_node,4.1,4.1:1;2;3;4;5;6;7;8;9;10;11;12;13;14;15;16;17;18;19;20;21;22;23;24;25;26;27;28;29;30;31;32;33;34;35;36;37;38;39,,東京都交通局,POINT (139.72494 35.699400999999995),0,,
4.1.406:1;2;3;4;5;6;7;8;9;10;11;12;13;14;15,1500298,1000073,139.735794,35.700810999999995,1,4,metro_service_node,4.1,4.1:1;2;3;4;5;6;7;8;9;10;11;12;13;14;15,,東京都交通局,POINT (139.735794 35.700810999999995),0,,
4.1.406:1;2;3;4;5;6;7;8;9;10;11;12;13;14;15;16;17;18;19;20;21;22;23;24;25;26;27;28;29;30;31;32;33;34;35;36;37;38;39,1500299,1000073,139.735794,35.700810999999995,1,4,metro_service_node,4.1,4.1:1;2;3;4;5;6;7;8;9;10;11;12;13;14;15;16;17;18;19;20;21;22;23;24;25;26;27;28;29;30;31;32;33;34;35;36;37;38;39,,東京都交通局,POINT (139.735794 35.700810999999995),0,,
4.1.407:1;2;3;4;5;6;7;8;9;10;11;12;13;14;15,1500300,1000074,139.745157,35.702852,1,4,metro_service_node,4.1,4.1:1;2;3;4;5;6;7;8;9;10;11;12;13;14;15,,東京都交通局,POINT (139.745157 35.702852),0,,
4.1.407:1;2;3;4;5;6;7;8;9;10;11;12;13;14;15;16;17;18;19;20;21;22;23;24;25;26;27;28;29;30;31;32;33;34;35;36;37;38;39,1500301,1000074,139.745157,35.702852,1,4,metro_service_node,4.1,4.1:1;2;3;4;5;6;7;8;9;10;11;12;13;14;15;16;17;18;19;20;21;22;23;24;25;26;27;28;29;30;31;32;33;34;35;36;37;38;39,,東京都交通局,POINT (139.745157 35.702852),0,,
4.1.408:1;2;3;4;5;6;7;8;9;10;11;12;13;14;15,1500302,1000075,139.752387,35.708392999999994,1,4,metro_service_node,4.1,4.1:1;2;3;4;5;6;7;8;9;10;11;12;13;14;15,,東京都交通局,POINT (139.752387 35.708392999999994),0,,
4.1.408:1;2;3;4;5;6;7;8;9;10;11;12;13;14;15;16;17;18;19;20;21;22;23;24;25;26;27;28;29;30;31;32;33;34;35;36;37;38;39,1500303,1000075,139.752387,35.708392999999994,1,4,metro_service_node,4.1,4.1:1;2;3;4;5;6;7;8;9;10;11;12;13;14;15;16;17;18;19;20;21;22;23;24;25;26;27;28;29;30;31;32;33;34;35;36;37;38;39,,東京都交通局,POINT (139.752387 35.708392999999994),0,,
4.1.409:1;2;3;4;5;6;7;8;9;10;11;12;13;14;15,1500304,1000076,139.760424,35.707409999999996,1,4,metro_service_node,4.1,4.1:1;2;3;4;5;6;7;8;9;10;11;12;13;14;15,,東京都交通局,POINT (139.760424 35.707409999999996),0,,
4.1.409:1;2;3;4;5;6;7;8;9;10;11;12;13;14;15;16;17;18;19;20;21;22;23;24;25;26;27;28;29;30;31;32;33;34;35;36;37;38;39,1500305,1000076,139.760424,35.707409999999996,1,4,metro_service_node,4.1,4.1:1;2;3;4;5;6;7;8;9;10;11;12;13;14;15;16;17;18;19;20;21;22;23;24;25;26;27;28;29;30;31;32;33;34;35;36;37;38;39,,東京都交通局,POINT (139.760424 35.707409999999996),0,,
4.1.410:1;2;3;4;5;6;7;8;9;10;11;12;13;14;15,1500306,1000077,139.773251,35.707848999999996,1,4,metro_service_node,4.1,4.1:1;2;3;4;5;6;7;8;9;10;11;12;13;14;15,,東京都交通局,POINT (139.773251 35.707848999999996),0,,
4.1.410:1;2;3;4;5;6;7;8;9;10;11;12;13;14;15;16;17;18;19;20;21;22;23;24;25;26;27;28;29;30;31;32;33;34;35;36;37;38;39,1500307,1000077,139.773251,35.707848999999996,1,4,metro_service_node,4.1,4.1:1;2;3;4;5;6;7;8;9;10;11;12;13;14;15;16;17;18;19;20;21;22;23;24;25;26;27;28;29;30;31;32;33;34;35;36;37;38;39,,東京都交通局,POINT (139.773251 35.707848999999996),0,,
4.1.411:1;2;3;4;5;6;7;8;9;10;11;12;13;14;15,1500308,1000078,139.782066,35.706908999999996,1,4,metro_service_node,4.1,4.1:1;2;3;4;5;6;7;8;9;10;11;12;13;14;15,,東京都交通局,POINT (139.782066 35.706908999999996),0,,
4.1.411:1;2;3;4;5;6;7;8;9;10;11;12;13;14;15;16;17;18;19;20;21;22;23;24;25;26;27;28;29;30;31;32;33;34;35;36;37;38;39,1500309,1000078,139.782066,35.706908999999996,1,4,metro_service_node,4.1,4.1:1;2;3;4;5;6;7;8;9;10;11;12;13;14;15;16;17;18;19;20;21;22;23;24;25;26;27;28;29;30;31;32;33;34;35;36;37;38;39,,東京都交通局,POINT (139.782066 35.706908999999996),0,,
4.1.412:1;2;3;4;5;6;7;8;9;10;11;12;13;14;15,1500310,1000079,139.792144,35.705487,1,4,metro_service_node,4.1,4.1:1;2;3;4;5;6;7;8;9;10;11;12;13;14;15,,東京都交通局,POINT (139.792144 35.705487),0,,
4.1.412:1;2;3;4;5;6;7;8;9;10;11;12;13;14;15;16;17;18;19;20;21;22;23;24;25;26;27;28;29;30;31;32;33;34;35;36;37;38;39,1500311,1000079,139.792144,35.705487,1,4,metro_service_node,4.1,4.1:1;2;3;4;5;6;7;8;9;10;11;12;13;14;15;16;17;18;19;20;21;22;23;24;25;26;27;28;29;30;31;32;33;34;35;36;37;38;39,,東京都交通局,POINT (139.792144 35.705487),0,,
4.1.413:1;2;3;4;5;6;7;8;9;10;11;12;13;14;15,1500312,1000080,139.797369,35.696706999999996,1,4,metro_service_node,4.1,4.1:1;2;3;4;5;6;7;8;9;10;11;12;13;14;15,,東京都交通局,POINT (139.797369 35.696706999999996),0,,
4.1.413:1;2;3;4;5;6;7;8;9;10;11;12;13;14;15;16;17;18;19;20;21;22;23;24;25;26;27;28;29;30;31;32;33;34;35;36;37;38;39,1500313,1000080,139.797369,35.696706999999996,1,4,metro_service_node,4.1,4.1:1;2;3;4;5;6;7;8;9;10;11;12;13;14;15;16;17;18;19;20;21;22;23;24;25;26;27;28;29;30;31;32;33;34;35;36;37;38;39,,東京都交通局,POINT (139.797369 35.696706999999996),0,,
4.1.414:1;2;3;4;5;6;7;8;9;10;11;12;13;14;15,1500314,1000081,139.798151,35.687825999999994,1,4,metro_service_node,4.1,4.1:1;2;3;4;5;6;7;8;9;10;11;12;13;14;15,,東京都交通局,POINT (139.798151 35.687825999999994),0,,
4.1.414:1;2;3;4;5;6;7;8;9;10;11;12;13;14;15;16;17;18;19;20;21;22;23;24;25;26;27;28;29;30;31;32;33;34;35;36;37;38;39,1500315,1000081,139.798151,35.687825999999994,1,4,metro_service_node,4.1,4.1:1;2;3;4;5;6;7;8;9;10;11;12;13;14;15;16;17;18;19;20;21;22;23;24;25;26;27;28;29;30;31;32;33;34;35;36;37;38;39,,東京都交通局,POINT (139.798151 35.687825999999994),0,,
4.1.415:1;2;3;4;5;6;7;8;9;10;11;12;13;14;15,1500316,1000082,139.798658,35.682255,1,4,metro_service_node,4.1,4.1:1;2;3;4;5;6;7;8;9;10;11;12;13;14;15,,東京都交通局,POINT (139.798658 35.682255),1,,
4.1.415:1;2;3;4;5;6;7;8;9;10;11;12;13;14;15;16;17;18;19;20;21;22;23;24;25,1500317,1000082,139.798658,35.682255,1,4,metro_service_node,4.1,4.1:1;2;3;4;5;6;7;8;9;10;11;12;13;14;15;16;17;18;19;20;21;22;23;24;25,,東京都交通局,POINT (139.798658 35.682255),1,,
4.1.415:1;2;3;4;5;6;7;8;9;10;11;12;13;14;15;16;17;18;19;20;21;22;23;24;25;26;27;28;29;30;31;32;33;34;35;36;37;38;39,1500318,1000082,139.798658,35.682255,1,4,metro_service_node,4.1,4.1:1;2;3;4;5;6;7;8;9;10;11;12;13;14;15;16;17;18;19;20;21;22;23;24;25;26;27;28;29;30;31;32;33;34;35;36;37;38;39,,東京都交通局,POINT (139.798658 35.682255),0,,
4.1.416:1;2;3;4;5;6;7;8;9;10;11;12;13;14;15;16;17;18;19;20;21;22;23;24;25,1500319,1000083,139.79502399999998,35.672672,1,4,metro_service_node,4.1,4.1:1;2;3;4;5;6;7;8;9;10;11;12;13;14;15;16;17;18;19;20;21;22;23;24;25,,東京都交通局,POINT (139.79502399999998 35.672672),0,,
4.1.416:1;2;3;4;5;6;7;8;9;10;11;12;13;14;15;16;17;18;19;20;21;22;23;24;25;26;27;28;29;30;31;32;33;34;35;36;37;38;39,1500320,1000083,139.79502399999998,35.672672,1,4,metro_service_node,4.1,4.1:1;2;3;4;5;6;7;8;9;10;11;12;13;14;15;16;17;18;19;20;21;22;23;24;25;26;27;28;29;30;31;32;33;34;35;36;37;38;39,,東京都交通局,POINT (139.79502399999998 35.672672),0,,
4.1.417:1;2;3;4;5;6;7;8;9;10;11;12;13;14;15;16;17;18;19;20;21;22;23;24;25,1500321,1000084,139.78381199999998,35.66365699999999,1,4,metro_service_node,4.1,4.1:1;2;3;4;5;6;7;8;9;10;11;12;13;14;15;16;17;18;19;20;21;22;23;24;25,,東京都交通局,POINT (139.78381199999998 35.66365699999999),0,,
4.1.417:1;2;3;4;5;6;7;8;9;10;11;12;13;14;15;16;17;18;19;20;21;22;23;24;25;26;27;28;29;30;31;32;33;34;35;36;37;38;39,1500322,1000084,139.78381199999998,35.66365699999999,1,4,metro_service_node,4.1,4.1:1;2;3;4;5;6;7;8;9;10;11;12;13;14;15;16;17;18;19;20;21;22;23;24;25;26;27;28;29;30;31;32;33;34;35;36;37;38;39,,東京都交通局,POINT (139.78381199999998 35.66365699999999),0,,
4.1.418:1;2;3;4;5;6;7;8;9;10;11;12;13;14;15;16;17;18;19;20;21;22;23;24;25,1500323,1000085,139.777038,35.658834,1,4,metro_service_node,4.1,4.1:1;2;3;4;5;6;7;8;9;10;11;12;13;14;15;16;17;18;19;20;21;22;23;24;25,,東京都交通局,POINT (139.777038 35.658834),0,,
4.1.418:1;2;3;4;5;6;7;8;9;10;11;12;13;14;15;16;17;18;19;20;21;22;23;24;25;26;27;28;29;30;31;32;33;34;35;36;37;38;39,1500324,1000085,139.777038,35.658834,1,4,metro_service_node,4.1,4.1:1;2;3;4;5;6;7;8;9;10;11;12;13;14;15;16;17;18;19;20;21;22;23;24;25;26;27;28;29;30;31;32;33;34;35;36;37;38;39,,東京都交通局,POINT (139.777038 35.658834),0,,
4.1.419:1;2;3;4;5;6;7;8;9;10;11;12;13;14;15;16;17;18;19;20;21;22;23;24;25,1500325,1000086,139.766829,35.664818999999994,1,4,metro_service_node,4.1,4.1:1;2;3;4;5;6;7;8;9;10;11;12;13;14;15;16;17;18;19;20;21;22;23;24;25,,東京都交通局,POINT (139.766829 35.664818999999994),0,,
4.1.419:1;2;3;4;5;6;7;8;9;10;11;12;13;14;15;16;17;18;19;20;21;22;23;24;25;26;27;28;29;30;31;32;33;34;35;36;37;38;39,1500326,1000086,139.766829,35.664818999999994,1,4,metro_service_node,4.1,4.1:1;2;3;4;5;6;7;8;9;10;11;12;13;14;15;16;17;18;19;20;21;22;23;24;25;26;27;28;29;30;31;32;33;34;35;36;37;38;39,,東京都交通局,POINT (139.766829 35.664818999999994),0,,
4.1.420:1;2;3;4;5;6;7;8;9;10;11;12;13;14;15;16;17;18;19;20;21;22;23;24;25,1500327,1000087,139.760125,35.663092999999996,1,4,metro_service_node,4.1,4.1:1;2;3;4;5;6;7;8;9;10;11;12;13;14;15;16;17;18;19;20;21;22;23;24;25,,東京都交通局,POINT (139.760125 35.663092999999996),0,,
4.1.420:1;2;3;4;5;6;7;8;9;10;11;12;13;14;15;16;17;18;19;20;21;22;23;24;25;26;27;28;29;30;31;32;33;34;35;36;37;38;39,1500328,1000087,139.760125,35.663092999999996,1,4,metro_service_node,4.1,4.1:1;2;3;4;5;6;7;8;9;10;11;12;13;14;15;16;17;18;19;20;21;22;23;24;25;26;27;28;29;30;31;32;33;34;35;36;37;38;39,,東京都交通局,POINT (139.760125 35.663092999999996),0,,
4.1.421:1;2;3;4;5;6;7;8;9;10;11;12;13;14;15;16;17;18;19;20;21;22;23;24;25,1500329,1000088,139.755596,35.656571,1,4,metro_service_node,4.1,4.1:1;2;3;4;5;6;7;8;9;10;11;12;13;14;15;16;17;18;19;20;21;22;23;24;25,,東京都交通局,POINT (139.755596 35.656571),0,,
4.1.421:1;2;3;4;5;6;7;8;9;10;11;12;13;14;15;16;17;18;19;20;21;22;23;24;25;26;27;28;29;30;31;32;33;34;35;36;37;38;39,1500330,1000088,139.755596,35.656571,1,4,metro_service_node,4.1,4.1:1;2;3;4;5;6;7;8;9;10;11;12;13;14;15;16;17;18;19;20;21;22;23;24;25;26;27;28;29;30;31;32;33;34;35;36;37;38;39,,東京都交通局,POINT (139.755596 35.656571),0,,
4.1.422:1;2;3;4;5;6;7;8;9;10;11;12;13;14;15;16;17;18;19;20;21;22;23;24;25,1500331,1000089,139.743889,35.654885,1,4,metro_service_node,4.1,4.1:1;2;3;4;5;6;7;8;9;10;11;12;13;14;15;16;17;18;19;20;21;22;23;24;25,,東京都交通局,POINT (139.743889 35.654885),0,,
4.1.422:1;2;3;4;5;6;7;8;9;10;11;12;13;14;15;16;17;18;19;20;21;22;23;24;25;26;27;28;29;30;31;32;33;34;35;36;37;38;39,1500332,1000089,139.743889,35.654885,1,4,metro_service_node,4.1,4.1:1;2;3;4;5;6;7;8;9;10;11;12;13;14;15;16;17;18;19;20;21;22;23;24;25;26;27;28;29;30;31;32;33;34;35;36;37;38;39,,東京都交通局,POINT (139.743889 35.654885),0,,
4.1.423:1;2;3;4;5;6;7;8;9;10;11;12;13;14;15;16;17;18;19;20;21;22;23;24;25,1500333,1000090,139.73623,35.656347999999994,1,4,metro_service_node,4.1,4.1:1;2;3;4;5;6;7;8;9;10;11;12;13;14;15;16;17;18;19;20;21;22;23;24;25,,東京都交通局,POINT (139.73623 35.656347999999994),0,,
4.1.423:1;2;3;4;5;6;7;8;9;10;11;12;13;14;15;16;17;18;19;20;21;22;23;24;25;26;27;28;29;30;31;32;33;34;35;36;37;38;39,1500334,1000090,139.73623,35.656347999999994,1,4,metro_service_node,4.1,4.1:1;2;3;4;5;6;7;8;9;10;11;12;13;14;15;16;17;18;19;20;21;22;23;24;25;26;27;28;29;30;31;32;33;34;35;36;37;38;39,,東京都交通局,POINT (139.73623 35.656347999999994),0,,
4.1.424:1;2;3;4;5;6;7;8;9;10;11;12;13;14;15;16;17;18;19;20;21;22;23;24;25,1500335,1000091,139.731254,35.66400599999999,1,4,metro_service_node,4.1,4.1:1;2;3;4;5;6;7;8;9;10;11;12;13;14;15;16;17;18;19;20;21;22;23;24;25,,東京都交通局,POINT (139.731254 35.66400599999999),0,,
4.1.424:1;2;3;4;5;6;7;8;9;10;11;12;13;14;15;16;17;18;19;20;21;22;23;24;25;26;27;28;29;30;31;32;33;34;35;36;37;38;39,1500336,1000091,139.731254,35.66400599999999,1,4,metro_service_node,4.1,4.1:1;2;3;4;5;6;7;8;9;10;11;12;13;14;15;16;17;18;19;20;21;22;23;24;25;26;27;28;29;30;31;32;33;34;35;36;37;38;39,,東京都交通局,POINT (139.731254 35.66400599999999),0,,
4.1.425:1;2;3;4;5;6;7;8;9;10;11;12;13;14;15;16;17;18;19;20;21;22;23;24;25,1500337,1000092,139.723825,35.672967,1,4,metro_service_node,4.1,4.1:1;2;3;4;5;6;7;8;9;10;11;12;13;14;15;16;17;18;19;20;21;22;23;24;25,,東京都交通局,POINT (139.723825 35.672967),0,,
4.1.425:1;2;3;4;5;6;7;8;9;10;11;12;13;14;15;16;17;18;19;20;21;22;23;24;25;26;27;28;29;30;31;32;33;34;35;36;37;38;39,1500338,1000092,139.723825,35.672967,1,4,metro_service_node,4.1,4.1:1;2;3;4;5;6;7;8;9;10;11;12;13;14;15;16;17;18;19;20;21;22;23;24;25;26;27;28;29;30;31;32;33;34;35;36;37;38;39,,東京都交通局,POINT (139.723825 35.672967),0,,
4.1.426:1;2;3;4;5;6;7;8;9;10;11;12;13;14;15;16;17;18;19;20;21;22;23;24;25,1500339,1000093,139.714567,35.679795999999996,1,4,metro_service_node,4.1,4.1:1;2;3;4;5;6;7;8;9;10;11;12;13;14;15;16;17;18;19;20;21;22;23;24;25,,東京都交通局,POINT (139.714567 35.679795999999996),0,,
4.1.426:1;2;3;4;5;6;7;8;9;10;11;12;13;14;15;16;17;18;19;20;21;22;23;24;25;26;27;28;29;30;31;32;33;34;35;36;37;38;39,1500340,1000093,139.714567,35.679795999999996,1,4,metro_service_node,4.1,4.1:1;2;3;4;5;6;7;8;9;10;11;12;13;14;15;16;17;18;19;20;21;22;23;24;25;26;27;28;29;30;31;32;33;34;35;36;37;38;39,,東京都交通局,POINT (139.714567 35.679795999999996),0,,
4.1.427:1;2;3;4;5;6;7;8;9;10;11;12;13;14;15;16;17;18;19;20;21;22;23;24;25,1500341,1000094,139.701503,35.68340499999999,1,4,metro_service_node,4.1,4.1:1;2;3;4;5;6;7;8;9;10;11;12;13;14;15;16;17;18;19;20;21;22;23;24;25,,東京都交通局,POINT (139.701503 35.68340499999999),0,,
4.1.427:1;2;3;4;5;6;7;8;9;10;11;12;13;14;15;16;17;18;19;20;21;22;23;24;25;26;27;28;29;30;31;32;33;34;35;36;37;38;39,1500342,1000094,139.701503,35.68340499999999,1,4,metro_service_node,4.1,4.1:1;2;3;4;5;6;7;8;9;10;11;12;13;14;15;16;17;18;19;20;21;22;23;24;25;26;27;28;29;30;31;32;33;34;35;36;37;38;39,,東京都交通局,POINT (139.701503 35.68340499999999),0,,
4.1.428:1;2;3;4;5;6;7;8;9;10;11;12;13;14;15;16;17;18;19;20;21;22;23;24;25,1500343,1000095,139.698919,35.688362,1,4,metro_service_node,4.1,4.1:1;2;3;4;5;6;7;8;9;10;11;12;13;14;15;16;17;18;19;20;21;22;23;24;25,,東京都交通局,POINT (139.698919 35.688362),0,,
4.1.428:1;2;3;4;5;6;7;8;9;10;11;12;13;14;15;16;17;18;19;20;21;22;23;24;25;26;27;28;29;30;31;32;33;34;35;36;37;38;39,1500344,1000095,139.698919,35.688362,1,4,metro_service_node,4.1,4.1:1;2;3;4;5;6;7;8;9;10;11;12;13;14;15;16;17;18;19;20;21;22;23;24;25;26;27;28;29;30;31;32;33;34;35;36;37;38;39,,東京都交通局,POINT (139.698919 35.688362),0,,
4.1.429:1;2;3;4;5;6;7;8;9;10;11;12;13;14;15,1500345,1000096,139.692577,35.690507,1,4,metro_service_node,4.1,4.1:1;2;3;4;5;6;7;8;9;10;11;12;13;14;15,,東京都交通局,POINT (139.692577 35.690507),1,,
4.1.429:1;2;3;4;5;6;7;8;9;10;11;12;13;14;15;16;17;18;19;20;21;22;23;24;25,1500346,1000096,139.692577,35.690507,1,4,metro_service_node,4.1,4.1:1;2;3;4;5;6;7;8;9;10;11;12;13;14;15;16;17;18;19;20;21;22;23;24;25,,東京都交通局,POINT (139.692577 35.690507),0,,
4.1.429:1;2;3;4;5;6;7;8;9;10;11;12;13;14;15;16;17;18;19;20;21;22;23;24;25;26;27;28;29;30;31;32;33;34;35;36;37;38;39,1500347,1000096,139.692577,35.690507,1,4,metro_service_node,4.1,4.1:1;2;3;4;5;6;7;8;9;10;11;12;13;14;15;16;17;18;19;20;21;22;23;24;25;26;27;28;29;30;31;32;33;34;35;36;37;38;39,,東京都交通局,POINT (139.692577 35.690507),0,,
4.1.430:1;2;3;4;5;6;7;8;9;10;11;12;13;14;15;16;17;18;19;20;21;22;23;24;25,1500348,1000097,139.684445,35.689792,1,4,metro_service_node,4.1,4.1:1;2;3;4;5;6;7;8;9;10;11;12;13;14;15;16;17;18;19;20;21;22;23;24;25,,東京都交通局,POINT (139.684445 35.689792),0,,
4.1.430:1;2;3;4;5;6;7;8;9;10;11;12;13;14;15;16;17;18;19;20;21;22;23;24;25;26;27;28;29;30;31;32;33;34;35;36;37;38;39,1500349,1000097,139.684445,35.689792,1,4,metro_service_node,4.1,4.1:1;2;3;4;5;6;7;8;9;10;11;12;13;14;15;16;17;18;19;20;21;22;23;24;25;26;27;28;29;30;31;32;33;34;35;36;37;38;39,,東京都交通局,POINT (139.684445 35.689792),0,,
4.1.431:1;2;3;4;5;6;7;8;9;10;11;12;13;14;15;16;17;18;19;20;21;22;23;24;25,1500350,1000098,139.682799,35.697787,1,4,metro_service_node,4.1,4.1:1;2;3;4;5;6;7;8;9;10;11;12;13;14;15;16;17;18;19;20;21;22;23;24;25,,東京都交通局,POINT (139.682799 35.697787),0,,
4.1.431:1;2;3;4;5;6;7;8;9;10;11;12;13;14;15;16;17;18;19;20;21;22;23;24;25;26;27;28;29;30;31;32;33;34;35;36;37;38;39,1500351,1000098,139.682799,35.697787,1,4,metro_service_node,4.1,4.1:1;2;3;4;5;6;7;8;9;10;11;12;13;14;15;16;17;18;19;20;21;22;23;24;25;26;27;28;29;30;31;32;33;34;35;36;37;38;39,,東京都交通局,POINT (139.682799 35.697787),0,,
4.1.432:1;2;3;4;5;6;7;8;9;10;11;12;13;14;15;16;17;18;19;20;21;22;23;24;25,1500352,1000099,139.683012,35.70706,1,4,metro_service_node,4.1,4.1:1;2;3;4;5;6;7;8;9;10;11;12;13;14;15;16;17;18;19;20;21;22;23;24;25,,東京都交通局,POINT (139.683012 35.70706),0,,
4.1.432:1;2;3;4;5;6;7;8;9;10;11;12;13;14;15;16;17;18;19;20;21;22;23;24;25;26;27;28;29;30;31;32;33;34;35;36;37;38;39,1500353,1000099,139.683012,35.70706,1,4,metro_service_node,4.1,4.1:1;2;3;4;5;6;7;8;9;10;11;12;13;14;15;16;17;18;19;20;21;22;23;24;25;26;27;28;29;30;31;32;33;34;35;36;37;38;39,,東京都交通局,POINT (139.683012 35.70706),0,,
4.1.433:1;2;3;4;5;6;7;8;9;10;11;12;13;14;15;16;17;18;19;20;21;22;23;24;25,1500354,1000100,139.686196,35.713834999999996,1,4,metro_service_node,4.1,4.1:1;2;3;4;5;6;7;8;9;10;11;12;13;14;15;16;17;18;19;20;21;22;23;24;25,,東京都交通局,POINT (139.686196 35.713834999999996),0,,
4.1.433:1;2;3;4;5;6;7;8;9;10;11;12;13;14;15;16;17;18;19;20;21;22;23;24;25;26;27;28;29;30;31;32;33;34;35;36;37;38;39,1500355,1000100,139.686196,35.713834999999996,1,4,metro_service_node,4.1,4.1:1;2;3;4;5;6;7;8;9;10;11;12;13;14;15;16;17;18;19;20;21;22;23;24;25;26;27;28;29;30;31;32;33;34;35;36;37;38;39,,東京都交通局,POINT (139.686196 35.713834999999996),0,,
4.1.434:1;2;3;4;5;6;7;8;9;10;11;12;13;14;15;16;17;18;19;20;21;22;23;24;25,1500356,1000101,139.683289,35.723335,1,4,metro_service_node,4.1,4.1:1;2;3;4;5;6;7;8;9;10;11;12;13;14;15;16;17;18;19;20;21;22;23;24;25,,東京都交通局,POINT (139.683289 35.723335),0,,
4.1.434:1;2;3;4;5;6;7;8;9;10;11;12;13;14;15;16;17;18;19;20;21;22;23;24;25;26;27;28;29;30;31;32;33;34;35;36;37;38;39,1500357,1000101,139.683289,35.723335,1,4,metro_service_node,4.1,4.1:1;2;3;4;5;6;7;8;9;10;11;12;13;14;15;16;17;18;19;20;21;22;23;24;25;26;27;28;29;30;31;32;33;34;35;36;37;38;39,,東京都交通局,POINT (139.683289 35.723335),0,,
4.1.435:1;2;3;4;5;6;7;8;9;10;11;12;13;14;15;16;17;18;19;20;21;22;23;24;25,1500358,1000102,139.670398,35.732479,1,4,metro_service_node,4.1,4.1:1;2;3;4;5;6;7;8;9;10;11;12;13;14;15;16;17;18;19;20;21;22;23;24;25,,東京都交通局,POINT (139.670398 35.732479),0,,
4.1.435:1;2;3;4;5;6;7;8;9;10;11;12;13;14;15;16;17;18;19;20;21;22;23;24;25;26;27;28;29;30;31;32;33;34;35;36;37;38;39,1500359,1000102,139.670398,35.732479,1,4,metro_service_node,4.1,4.1:1;2;3;4;5;6;7;8;9;10;11;12;13;14;15;16;17;18;19;20;21;22;23;24;25;26;27;28;29;30;31;32;33;34;35;36;37;38;39,,東京都交通局,POINT (139.670398 35.732479),0,,
4.1.436:1;2;3;4;5;6;7;8;9;10;11;12;13;14;15;16;17;18;19;20;21;22;23;24;25,1500360,1000103,139.654662,35.737311,1,4,metro_service_node,4.1,4.1:1;2;3;4;5;6;7;8;9;10;11;12;13;14;15;16;17;18;19;20;21;22;23;24;25,,東京都交通局,POINT (139.654662 35.737311),0,,
4.1.436:1;2;3;4;5;6;7;8;9;10;11;12;13;14;15;16;17;18;19;20;21;22;23;24;25;26;27;28;29;30;31;32;33;34;35;36;37;38;39,1500361,1000103,139.654662,35.737311,1,4,metro_service_node,4.1,4.1:1;2;3;4;5;6;7;8;9;10;11;12;13;14;15;16;17;18;19;20;21;22;23;24;25;26;27;28;29;30;31;32;33;34;35;36;37;38;39,,東京都交通局,POINT (139.654662 35.737311),0,,
4.1.437:1;2;3;4;5;6;7;8;9;10;11;12;13;14;15;16;17;18;19;20;21;22;23;24;25,1500362,1000104,139.649016,35.741611,1,4,metro_service_node,4.1,4.1:1;2;3;4;5;6;7;8;9;10;11;12;13;14;15;16;17;18;19;20;21;22;23;24;25,,東京都交通局,POINT (139.649016 35.741611),0,,
4.1.437:1;2;3;4;5;6;7;8;9;10;11;12;13;14;15;16;17;18;19;20;21;22;23;24;25;26;27;28;29;30;31;32;33;34;35;36;37;38;39,1500363,1000104,139.649016,35.741611,1,4,metro_service_node,4.1,4.1:1;2;3;4;5;6;7;8;9;10;11;12;13;14;15;16;17;18;19;20;21;22;23;24;25;26;27;28;29;30;31;32;33;34;35;36;37;38;39,,東京都交通局,POINT (139.649016 35.741611),0,,
4.1.438:1;2;3;4;5;6;7;8;9;10;11;12;13;14;15;16;17;18;19;20;21;22;23;24;25,1500364,1000105,139.6402,35.75131,1,4,metro_service_node,4.1,4.1:1;2;3;4;5;6;7;8;9;10;11;12;13;14;15;16;17;18;19;20;21;22;23;24;25,,東京都交通局,POINT (139.6402 35.75131),0,,
4.1.438:1;2;3;4;5;6;7;8;9;10;11;12;13;14;15;16;17;18;19;20;21;22;23;24;25;26;27;28;29;30;31;32;33;34;35;36;37;38;39,1500365,1000105,139.6402,35.75131,1,4,metro_service_node,4.1,4.1:1;2;3;4;5;6;7;8;9;10;11;12;13;14;15;16;17;18;19;20;21;22;23;24;25;26;27;28;29;30;31;32;33;34;35;36;37;38;39,,東京都交通局,POINT (139.6402 35.75131),0,,
4.1.439:1;2;3;4;5;6;7;8;9;10;11;12;13;14;15;16;17;18;19;20;21;22;23;24;25,1500366,1000106,139.628801,35.758427,1,4,metro_service_node,4.1,4.1:1;2;3;4;5;6;7;8;9;10;11;12;13;14;15;16;17;18;19;20;21;22;23;24;25,,東京都交通局,POINT (139.628801 35.758427),1,,
4.1.439:1;2;3;4;5;6;7;8;9;10;11;12;13;14;15;16;17;18;19;20;21;22;23;24;25;26;27;28;29;30;31;32;33;34;35;36;37;38;39,1500367,1000106,139.628801,35.758427,1,4,metro_service_node,4.1,4.1:1;2;3;4;5;6;7;8;9;10;11;12;13;14;15;16;17;18;19;20;21;22;23;24;25;26;27;28;29;30;31;32;33;34;35;36;37;38;39,,東京都交通局,POINT (139.628801 35.758427),1,,
4.2.402:1;2;3;4;5;6;7;8;9;10;11;12;13;14;15;16;17;18;19;20;21;22;23;24;25;26;27;28;29;30;31;32;33;34;35;36;37;38;39,1500368,1000069,139.699021,35.693267,1,4,metro_service_node,4.2,4.2:1;2;3;4;5;6;7;8;9;10;11;12;13;14;15;16;17;18;19;20;21;22;23;24;25;26;27;28;29;30;31;32;33;34;35;36;37;38;39,,東京都交通局,POINT (139.699021 35.693267),0,,
4.2.403:1;2;3;4;5;6;7;8;9;10;11;12;13;14;15;16;17;18;19;20;21;22;23;24;25;26;27;28;29;30;31;32;33;34;35;36;37;38;39,1500369,1000070,139.707334,35.697857,1,4,metro_service_node,4.2,4.2:1;2;3;4;5;6;7;8;9;10;11;12;13;14;15;16;17;18;19;20;21;22;23;24;25;26;27;28;29;30;31;32;33;34;35;36;37;38;39,,東京都交通局,POINT (139.707334 35.697857),0,,
4.2.404:1;2;3;4;5;6;7;8;9;10;11;12;13;14;15;16;17;18;19;20;21;22;23;24;25;26;27;28;29;30;31;32;33;34;35;36;37;38;39,1500370,1000071,139.717943,35.699087999999996,1,4,metro_service_node,4.2,4.2:1;2;3;4;5;6;7;8;9;10;11;12;13;14;15;16;17;18;19;20;21;22;23;24;25;26;27;28;29;30;31;32;33;34;35;36;37;38;39,,東京都交通局,POINT (139.717943 35.699087999999996),0,,
4.2.405:1;2;3;4;5;6;7;8;9;10;11;12;13;14;15;16;17;18;19;20;21;22;23;24;25;26;27;28;29;30;31;32;33;34;35;36;37;38;39,1500371,1000072,139.72494,35.699400999999995,1,4,metro_service_node,4.2,4.2:1;2;3;4;5;6;7;8;9;10;11;12;13;14;15;16;17;18;19;20;21;22;23;24;25;26;27;28;29;30;31;32;33;34;35;36;37;38;39,,東京都交通局,POINT (139.72494 35.699400999999995),0,,
4.2.406:1;2;3;4;5;6;7;8;9;10;11;12;13;14;15;16;17;18;19;20;21;22;23;24;25;26;27;28;29;30;31;32;33;34;35;36;37;38;39,1500372,1000073,139.735794,35.700810999999995,1,4,metro_service_node,4.2,4.2:1;2;3;4;5;6;7;8;9;10;11;12;13;14;15;16;17;18;19;20;21;22;23;24;25;26;27;28;29;30;31;32;33;34;35;36;37;38;39,,東京都交通局,POINT (139.735794 35.700810999999995),0,,
4.2.407:1;2;3;4;5;6;7;8;9;10;11;12;13;14;15;16;17;18;19;20;21;22;23;24;25;26;27;28;29;30;31;32;33;34;35;36;37;38;39,1500373,1000074,139.745157,35.702852,1,4,metro_service_node,4.2,4.2:1;2;3;4;5;6;7;8;9;10;11;12;13;14;15;16;17;18;19;20;21;22;23;24;25;26;27;28;29;30;31;32;33;34;35;36;37;38;39,,東京都交通局,POINT (139.745157 35.702852),0,,
4.2.408:1;2;3;4;5;6;7;8;9;10;11;12;13;14;15;16;17;18;19;20;21;22;23;24;25;26;27;28;29;30;31;32;33;34;35;36;37;38;39,1500374,1000075,139.752387,35.708392999999994,1,4,metro_service_node,4.2,4.2:1;2;3;4;5;6;7;8;9;10;11;12;13;14;15;16;17;18;19;20;21;22;23;24;25;26;27;28;29;30;31;32;33;34;35;36;37;38;39,,東京都交通局,POINT (139.752387 35.708392999999994),0,,
4.2.409:1;2;3;4;5;6;7;8;9;10;11;12;13;14;15;16;17;18;19;20;21;22;23;24;25;26;27;28;29;30;31;32;33;34;35;36;37;38;39,1500375,1000076,139.760424,35.707409999999996,1,4,metro_service_node,4.2,4.2:1;2;3;4;5;6;7;8;9;10;11;12;13;14;15;16;17;18;19;20;21;22;23;24;25;26;27;28;29;30;31;32;33;34;35;36;37;38;39,,東京都交通局,POINT (139.760424 35.707409999999996),0,,
4.2.410:1;2;3;4;5;6;7;8;9;10;11;12;13;14;15;16;17;18;19;20;21;22;23;24;25;26;27;28;29;30;31;32;33;34;35;36;37;38;39,1500376,1000077,139.773251,35.707848999999996,1,4,metro_service_node,4.2,4.2:1;2;3;4;5;6;7;8;9;10;11;12;13;14;15;16;17;18;19;20;21;22;23;24;25;26;27;28;29;30;31;32;33;34;35;36;37;38;39,,東京都交通局,POINT (139.773251 35.707848999999996),0,,
4.2.411:1;2;3;4;5;6;7;8;9;10;11;12;13;14;15;16;17;18;19;20;21;22;23;24;25;26;27;28;29;30;31;32;33;34;35;36;37;38;39,1500377,1000078,139.782066,35.706908999999996,1,4,metro_service_node,4.2,4.2:1;2;3;4;5;6;7;8;9;10;11;12;13;14;15;16;17;18;19;20;21;22;23;24;25;26;27;28;29;30;31;32;33;34;35;36;37;38;39,,東京都交通局,POINT (139.782066 35.706908999999996),0,,
4.2.412:1;2;3;4;5;6;7;8;9;10;11;12;13;14;15;16;17;18;19;20;21;22;23;24;25;26;27;28;29;30;31;32;33;34;35;36;37;38;39,1500378,1000079,139.792144,35.705487,1,4,metro_service_node,4.2,4.2:1;2;3;4;5;6;7;8;9;10;11;12;13;14;15;16;17;18;19;20;21;22;23;24;25;26;27;28;29;30;31;32;33;34;35;36;37;38;39,,東京都交通局,POINT (139.792144 35.705487),0,,
4.2.413:1;2;3;4;5;6;7;8;9;10;11;12;13;14;15;16;17;18;19;20;21;22;23;24;25;26;27;28;29;30;31;32;33;34;35;36;37;38;39,1500379,1000080,139.797369,35.696706999999996,1,4,metro_service_node,4.2,4.2:1;2;3;4;5;6;7;8;9;10;11;12;13;14;15;16;17;18;19;20;21;22;23;24;25;26;27;28;29;30;31;32;33;34;35;36;37;38;39,,東京都交通局,POINT (139.797369 35.696706999999996),0,,
4.2.414:1;2;3;4;5;6;7;8;9;10;11;12;13;14;15;16;17;18;19;20;21;22;23;24;25;26;27;28;29;30;31;32;33;34;35;36;37;38;39,1500380,1000081,139.798151,35.687825999999994,1,4,metro_service_node,4.2,4.2:1;2;3;4;5;6;7;8;9;10;11;12;13;14;15;16;17;18;19;20;21;22;23;24;25;26;27;28;29;30;31;32;33;34;35;36;37;38;39,,東京都交通局,POINT (139.798151 35.687825999999994),0,,
4.2.415:1;2;3;4;5;6;7;8;9;10;11;12;13;14;15;16;17;18;19;20;21;22;23;24;25,1500381,1000082,139.798658,35.682255,1,4,metro_service_node,4.2,4.2:1;2;3;4;5;6;7;8;9;10;11;12;13;14;15;16;17;18;19;20;21;22;23;24;25,,東京都交通局,POINT (139.798658 35.682255),1,,
4.2.415:1;2;3;4;5;6;7;8;9;10;11;12;13;14;15;16;17;18;19;20;21;22;23;24;25;26;27;28;29;30;31;32;33;34;35;36;37;38;39,1500382,1000082,139.798658,35.682255,1,4,metro_service_node,4.2,4.2:1;2;3;4;5;6;7;8;9;10;11;12;13;14;15;16;17;18;19;20;21;22;23;24;25;26;27;28;29;30;31;32;33;34;35;36;37;38;39,,東京都交通局,POINT (139.798658 35.682255),0,,
4.2.416:1;2;3;4;5;6;7;8;9;10;11;12;13;14;15;16;17;18;19;20;21;22;23;24;25,1500383,1000083,139.79502399999998,35.672672,1,4,metro_service_node,4.2,4.2:1;2;3;4;5;6;7;8;9;10;11;12;13;14;15;16;17;18;19;20;21;22;23;24;25,,東京都交通局,POINT (139.79502399999998 35.672672),0,,
4.2.416:1;2;3;4;5;6;7;8;9;10;11;12;13;14;15;16;17;18;19;20;21;22;23;24;25;26;27;28;29;30;31;32;33;34;35;36;37;38;39,1500384,1000083,139.79502399999998,35.672672,1,4,metro_service_node,4.2,4.2:1;2;3;4;5;6;7;8;9;10;11;12;13;14;15;16;17;18;19;20;21;22;23;24;25;26;27;28;29;30;31;32;33;34;35;36;37;38;39,,東京都交通局,POINT (139.79502399999998 35.672672),0,,
4.2.417:1;2;3;4;5;6;7;8;9;10;11;12;13;14;15;16;17;18;19;20;21;22;23;24;25,1500385,1000084,139.78381199999998,35.66365699999999,1,4,metro_service_node,4.2,4.2:1;2;3;4;5;6;7;8;9;10;11;12;13;14;15;16;17;18;19;20;21;22;23;24;25,,東京都交通局,POINT (139.78381199999998 35.66365699999999),0,,
4.2.417:1;2;3;4;5;6;7;8;9;10;11;12;13;14;15;16;17;18;19;20;21;22;23;24;25;26;27;28;29;30;31;32;33;34;35;36;37;38;39,1500386,1000084,139.78381199999998,35.66365699999999,1,4,metro_service_node,4.2,4.2:1;2;3;4;5;6;7;8;9;10;11;12;13;14;15;16;17;18;19;20;21;22;23;24;25;26;27;28;29;30;31;32;33;34;35;36;37;38;39,,東京都交通局,POINT (139.78381199999998 35.66365699999999),0,,
4.2.418:1;2;3;4;5;6;7;8;9;10;11;12;13;14;15;16;17;18;19;20;21;22;23;24;25,1500387,1000085,139.777038,35.658834,1,4,metro_service_node,4.2,4.2:1;2;3;4;5;6;7;8;9;10;11;12;13;14;15;16;17;18;19;20;21;22;23;24;25,,東京都交通局,POINT (139.777038 35.658834),0,,
4.2.418:1;2;3;4;5;6;7;8;9;10;11;12;13;14;15;16;17;18;19;20;21;22;23;24;25;26;27;28;29;30;31;32;33;34;35;36;37;38;39,1500388,1000085,139.777038,35.658834,1,4,metro_service_node,4.2,4.2:1;2;3;4;5;6;7;8;9;10;11;12;13;14;15;16;17;18;19;20;21;22;23;24;25;26;27;28;29;30;31;32;33;34;35;36;37;38;39,,東京都交通局,POINT (139.777038 35.658834),0,,
4.2.419:1;2;3;4;5;6;7;8;9;10;11;12;13;14;15;16;17;18;19;20;21;22;23;24;25,1500389,1000086,139.766829,35.664818999999994,1,4,metro_service_node,4.2,4.2:1;2;3;4;5;6;7;8;9;10;11;12;13;14;15;16;17;18;19;20;21;22;23;24;25,,東京都交通局,POINT (139.766829 35.664818999999994),0,,
4.2.419:1;2;3;4;5;6;7;8;9;10;11;12;13;14;15;16;17;18;19;20;21;22;23;24;25;26;27;28;29;30;31;32;33;34;35;36;37;38;39,1500390,1000086,139.766829,35.664818999999994,1,4,metro_service_node,4.2,4.2:1;2;3;4;5;6;7;8;9;10;11;12;13;14;15;16;17;18;19;20;21;22;23;24;25;26;27;28;29;30;31;32;33;34;35;36;37;38;39,,東京都交通局,POINT (139.766829 35.664818999999994),0,,
4.2.420:1;2;3;4;5;6;7;8;9;10;11;12;13;14;15;16;17;18;19;20;21;22;23;24;25,1500391,1000087,139.760125,35.663092999999996,1,4,metro_service_node,4.2,4.2:1;2;3;4;5;6;7;8;9;10;11;12;13;14;15;16;17;18;19;20;21;22;23;24;25,,東京都交通局,POINT (139.760125 35.663092999999996),0,,
4.2.420:1;2;3;4;5;6;7;8;9;10;11;12;13;14;15;16;17;18;19;20;21;22;23;24;25;26;27;28;29;30;31;32;33;34;35;36;37;38;39,1500392,1000087,139.760125,35.663092999999996,1,4,metro_service_node,4.2,4.2:1;2;3;4;5;6;7;8;9;10;11;12;13;14;15;16;17;18;19;20;21;22;23;24;25;26;27;28;29;30;31;32;33;34;35;36;37;38;39,,東京都交通局,POINT (139.760125 35.663092999999996),0,,
4.2.421:1;2;3;4;5;6;7;8;9;10;11;12;13;14;15;16;17;18;19;20;21;22;23;24;25,1500393,1000088,139.755596,35.656571,1,4,metro_service_node,4.2,4.2:1;2;3;4;5;6;7;8;9;10;11;12;13;14;15;16;17;18;19;20;21;22;23;24;25,,東京都交通局,POINT (139.755596 35.656571),0,,
4.2.421:1;2;3;4;5;6;7;8;9;10;11;12;13;14;15;16;17;18;19;20;21;22;23;24;25;26;27;28;29;30;31;32;33;34;35;36;37;38;39,1500394,1000088,139.755596,35.656571,1,4,metro_service_node,4.2,4.2:1;2;3;4;5;6;7;8;9;10;11;12;13;14;15;16;17;18;19;20;21;22;23;24;25;26;27;28;29;30;31;32;33;34;35;36;37;38;39,,東京都交通局,POINT (139.755596 35.656571),0,,
4.2.422:1;2;3;4;5;6;7;8;9;10;11;12;13;14;15;16;17;18;19;20;21;22;23;24;25,1500395,1000089,139.743889,35.654885,1,4,metro_service_node,4.2,4.2:1;2;3;4;5;6;7;8;9;10;11;12;13;14;15;16;17;18;19;20;21;22;23;24;25,,東京都交通局,POINT (139.743889 35.654885),0,,
4.2.422:1;2;3;4;5;6;7;8;9;10;11;12;13;14;15;16;17;18;19;20;21;22;23;24;25;26;27;28;29;30;31;32;33;34;35;36;37;38;39,1500396,1000089,139.743889,35.654885,1,4,metro_service_node,4.2,4.2:1;2;3;4;5;6;7;8;9;10;11;12;13;14;15;16;17;18;19;20;21;22;23;24;25;26;27;28;29;30;31;32;33;34;35;36;37;38;39,,東京都交通局,POINT (139.743889 35.654885),0,,
4.2.423:1;2;3;4;5;6;7;8;9;10;11;12;13;14;15;16;17;18;19;20;21;22;23;24;25,1500397,1000090,139.73623,35.656347999999994,1,4,metro_service_node,4.2,4.2:1;2;3;4;5;6;7;8;9;10;11;12;13;14;15;16;17;18;19;20;21;22;23;24;25,,東京都交通局,POINT (139.73623 35.656347999999994),0,,
4.2.423:1;2;3;4;5;6;7;8;9;10;11;12;13;14;15;16;17;18;19;20;21;22;23;24;25;26;27;28;29;30;31;32;33;34;35;36;37;38;39,1500398,1000090,139.73623,35.656347999999994,1,4,metro_service_node,4.2,4.2:1;2;3;4;5;6;7;8;9;10;11;12;13;14;15;16;17;18;19;20;21;22;23;24;25;26;27;28;29;30;31;32;33;34;35;36;37;38;39,,東京都交通局,POINT (139.73623 35.656347999999994),0,,
4.2.424:1;2;3;4;5;6;7;8;9;10;11;12;13;14;15;16;17;18;19;20;21;22;23;24;25,1500399,1000091,139.731254,35.66400599999999,1,4,metro_service_node,4.2,4.2:1;2;3;4;5;6;7;8;9;10;11;12;13;14;15;16;17;18;19;20;21;22;23;24;25,,東京都交通局,POINT (139.731254 35.66400599999999),0,,
4.2.424:1;2;3;4;5;6;7;8;9;10;11;12;13;14;15;16;17;18;19;20;21;22;23;24;25;26;27;28;29;30;31;32;33;34;35;36;37;38;39,1500400,1000091,139.731254,35.66400599999999,1,4,metro_service_node,4.2,4.2:1;2;3;4;5;6;7;8;9;10;11;12;13;14;15;16;17;18;19;20;21;22;23;24;25;26;27;28;29;30;31;32;33;34;35;36;37;38;39,,東京都交通局,POINT (139.731254 35.66400599999999),0,,
4.2.425:1;2;3;4;5;6;7;8;9;10;11;12;13;14;15;16;17;18;19;20;21;22;23;24;25,1500401,1000092,139.723825,35.672967,1,4,metro_service_node,4.2,4.2:1;2;3;4;5;6;7;8;9;10;11;12;13;14;15;16;17;18;19;20;21;22;23;24;25,,東京都交通局,POINT (139.723825 35.672967),0,,
4.2.425:1;2;3;4;5;6;7;8;9;10;11;12;13;14;15;16;17;18;19;20;21;22;23;24;25;26;27;28;29;30;31;32;33;34;35;36;37;38;39,1500402,1000092,139.723825,35.672967,1,4,metro_service_node,4.2,4.2:1;2;3;4;5;6;7;8;9;10;11;12;13;14;15;16;17;18;19;20;21;22;23;24;25;26;27;28;29;30;31;32;33;34;35;36;37;38;39,,東京都交通局,POINT (139.723825 35.672967),0,,
4.2.426:1;2;3;4;5;6;7;8;9;10;11;12;13;14;15;16;17;18;19;20;21;22;23;24;25,1500403,1000093,139.714567,35.679795999999996,1,4,metro_service_node,4.2,4.2:1;2;3;4;5;6;7;8;9;10;11;12;13;14;15;16;17;18;19;20;21;22;23;24;25,,東京都交通局,POINT (139.714567 35.679795999999996),0,,
4.2.426:1;2;3;4;5;6;7;8;9;10;11;12;13;14;15;16;17;18;19;20;21;22;23;24;25;26;27;28;29;30;31;32;33;34;35;36;37;38;39,1500404,1000093,139.714567,35.679795999999996,1,4,metro_service_node,4.2,4.2:1;2;3;4;5;6;7;8;9;10;11;12;13;14;15;16;17;18;19;20;21;22;23;24;25;26;27;28;29;30;31;32;33;34;35;36;37;38;39,,東京都交通局,POINT (139.714567 35.679795999999996),0,,
4.2.427:1;2;3;4;5;6;7;8;9;10;11;12;13;14;15;16;17;18;19;20;21;22;23;24;25,1500405,1000094,139.701503,35.68340499999999,1,4,metro_service_node,4.2,4.2:1;2;3;4;5;6;7;8;9;10;11;12;13;14;15;16;17;18;19;20;21;22;23;24;25,,東京都交通局,POINT (139.701503 35.68340499999999),0,,
4.2.427:1;2;3;4;5;6;7;8;9;10;11;12;13;14;15;16;17;18;19;20;21;22;23;24;25;26;27;28;29;30;31;32;33;34;35;36;37;38;39,1500406,1000094,139.701503,35.68340499999999,1,4,metro_service_node,4.2,4.2:1;2;3;4;5;6;7;8;9;10;11;12;13;14;15;16;17;18;19;20;21;22;23;24;25;26;27;28;29;30;31;32;33;34;35;36;37;38;39,,東京都交通局,POINT (139.701503 35.68340499999999),0,,
4.2.428:1;2;3;4;5;6;7;8;9;10;11;12;13;14;15;16;17;18;19;20;21;22;23;24;25,1500407,1000095,139.698919,35.688362,1,4,metro_service_node,4.2,4.2:1;2;3;4;5;6;7;8;9;10;11;12;13;14;15;16;17;18;19;20;21;22;23;24;25,,東京都交通局,POINT (139.698919 35.688362),0,,
4.2.428:1;2;3;4;5;6;7;8;9;10;11;12;13;14;15;16;17;18;19;20;21;22;23;24;25;26;27;28;29;30;31;32;33;34;35;36;37;38;39,1500408,1000095,139.698919,35.688362,1,4,metro_service_node,4.2,4.2:1;2;3;4;5;6;7;8;9;10;11;12;13;14;15;16;17;18;19;20;21;22;23;24;25;26;27;28;29;30;31;32;33;34;35;36;37;38;39,,東京都交通局,POINT (139.698919 35.688362),0,,
4.2.429:1;2;3;4;5;6;7;8;9;10;11;12;13;14;15;16;17;18;19;20;21;22;23;24;25,1500409,1000096,139.692577,35.690507,1,4,metro_service_node,4.2,4.2:1;2;3;4;5;6;7;8;9;10;11;12;13;14;15;16;17;18;19;20;21;22;23;24;25,,東京都交通局,POINT (139.692577 35.690507),0,,
4.2.429:1;2;3;4;5;6;7;8;9;10;11;12;13;14;15;16;17;18;19;20;21;22;23;24;25;26;27;28;29;30;31;32;33;34;35;36;37;38;39,1500410,1000096,139.692577,35.690507,1,4,metro_service_node,4.2,4.2:1;2;3;4;5;6;7;8;9;10;11;12;13;14;15;16;17;18;19;20;21;22;23;24;25;26;27;28;29;30;31;32;33;34;35;36;37;38;39,,東京都交通局,POINT (139.692577 35.690507),1,,
4.2.430:1;2;3;4;5;6;7;8;9;10;11;12;13;14;15;16;17;18;19;20;21;22;23;24;25,1500411,1000097,139.684445,35.689792,1,4,metro_service_node,4.2,4.2:1;2;3;4;5;6;7;8;9;10;11;12;13;14;15;16;17;18;19;20;21;22;23;24;25,,東京都交通局,POINT (139.684445 35.689792),0,,
4.2.430:1;2;3;4;5;6;7;8;9;10;11;12;13;14;15;16;17;18;19;20;21;22;23;24;25;26;27;28;29;30;31;32;33;34;35;36;37;38;39,1500412,1000097,139.684445,35.689792,1,4,metro_service_node,4.2,4.2:1;2;3;4;5;6;7;8;9;10;11;12;13;14;15;16;17;18;19;20;21;22;23;24;25;26;27;28;29;30;31;32;33;34;35;36;37;38;39,,東京都交通局,POINT (139.684445 35.689792),0,,
4.2.431:1;2;3;4;5;6;7;8;9;10;11;12;13;14;15;16;17;18;19;20;21;22;23;24;25,1500413,1000098,139.682799,35.697787,1,4,metro_service_node,4.2,4.2:1;2;3;4;5;6;7;8;9;10;11;12;13;14;15;16;17;18;19;20;21;22;23;24;25,,東京都交通局,POINT (139.682799 35.697787),0,,
4.2.431:1;2;3;4;5;6;7;8;9;10;11;12;13;14;15;16;17;18;19;20;21;22;23;24;25;26;27;28;29;30;31;32;33;34;35;36;37;38;39,1500414,1000098,139.682799,35.697787,1,4,metro_service_node,4.2,4.2:1;2;3;4;5;6;7;8;9;10;11;12;13;14;15;16;17;18;19;20;21;22;23;24;25;26;27;28;29;30;31;32;33;34;35;36;37;38;39,,東京都交通局,POINT (139.682799 35.697787),0,,
4.2.432:1;2;3;4;5;6;7;8;9;10;11;12;13;14;15;16;17;18;19;20;21;22;23;24;25,1500415,1000099,139.683012,35.70706,1,4,metro_service_node,4.2,4.2:1;2;3;4;5;6;7;8;9;10;11;12;13;14;15;16;17;18;19;20;21;22;23;24;25,,東京都交通局,POINT (139.683012 35.70706),0,,
4.2.432:1;2;3;4;5;6;7;8;9;10;11;12;13;14;15;16;17;18;19;20;21;22;23;24;25;26;27;28;29;30;31;32;33;34;35;36;37;38;39,1500416,1000099,139.683012,35.70706,1,4,metro_service_node,4.2,4.2:1;2;3;4;5;6;7;8;9;10;11;12;13;14;15;16;17;18;19;20;21;22;23;24;25;26;27;28;29;30;31;32;33;34;35;36;37;38;39,,東京都交通局,POINT (139.683012 35.70706),0,,
4.2.433:1;2;3;4;5;6;7;8;9;10;11;12;13;14;15;16;17;18;19;20;21;22;23;24;25,1500417,1000100,139.686196,35.713834999999996,1,4,metro_service_node,4.2,4.2:1;2;3;4;5;6;7;8;9;10;11;12;13;14;15;16;17;18;19;20;21;22;23;24;25,,東京都交通局,POINT (139.686196 35.713834999999996),0,,
4.2.433:1;2;3;4;5;6;7;8;9;10;11;12;13;14;15;16;17;18;19;20;21;22;23;24;25;26;27;28;29;30;31;32;33;34;35;36;37;38;39,1500418,1000100,139.686196,35.713834999999996,1,4,metro_service_node,4.2,4.2:1;2;3;4;5;6;7;8;9;10;11;12;13;14;15;16;17;18;19;20;21;22;23;24;25;26;27;28;29;30;31;32;33;34;35;36;37;38;39,,東京都交通局,POINT (139.686196 35.713834999999996),0,,
4.2.434:1;2;3;4;5;6;7;8;9;10;11;12;13;14;15;16;17;18;19;20;21;22;23;24;25,1500419,1000101,139.683289,35.723335,1,4,metro_service_node,4.2,4.2:1;2;3;4;5;6;7;8;9;10;11;12;13;14;15;16;17;18;19;20;21;22;23;24;25,,東京都交通局,POINT (139.683289 35.723335),0,,
4.2.434:1;2;3;4;5;6;7;8;9;10;11;12;13;14;15;16;17;18;19;20;21;22;23;24;25;26;27;28;29;30;31;32;33;34;35;36;37;38;39,1500420,1000101,139.683289,35.723335,1,4,metro_service_node,4.2,4.2:1;2;3;4;5;6;7;8;9;10;11;12;13;14;15;16;17;18;19;20;21;22;23;24;25;26;27;28;29;30;31;32;33;34;35;36;37;38;39,,東京都交通局,POINT (139.683289 35.723335),0,,
4.2.435:1;2;3;4;5;6;7;8;9;10;11;12;13;14;15;16;17;18;19;20;21;22;23;24;25,1500421,1000102,139.670398,35.732479,1,4,metro_service_node,4.2,4.2:1;2;3;4;5;6;7;8;9;10;11;12;13;14;15;16;17;18;19;20;21;22;23;24;25,,東京都交通局,POINT (139.670398 35.732479),0,,
4.2.435:1;2;3;4;5;6;7;8;9;10;11;12;13;14;15;16;17;18;19;20;21;22;23;24;25;26;27;28;29;30;31;32;33;34;35;36;37;38;39,1500422,1000102,139.670398,35.732479,1,4,metro_service_node,4.2,4.2:1;2;3;4;5;6;7;8;9;10;11;12;13;14;15;16;17;18;19;20;21;22;23;24;25;26;27;28;29;30;31;32;33;34;35;36;37;38;39,,東京都交通局,POINT (139.670398 35.732479),0,,
4.2.436:1;2;3;4;5;6;7;8;9;10;11;12;13;14;15;16;17;18;19;20;21;22;23;24;25,1500423,1000103,139.654662,35.737311,1,4,metro_service_node,4.2,4.2:1;2;3;4;5;6;7;8;9;10;11;12;13;14;15;16;17;18;19;20;21;22;23;24;25,,東京都交通局,POINT (139.654662 35.737311),0,,
4.2.436:1;2;3;4;5;6;7;8;9;10;11;12;13;14;15;16;17;18;19;20;21;22;23;24;25;26;27;28;29;30;31;32;33;34;35;36;37;38;39,1500424,1000103,139.654662,35.737311,1,4,metro_service_node,4.2,4.2:1;2;3;4;5;6;7;8;9;10;11;12;13;14;15;16;17;18;19;20;21;22;23;24;25;26;27;28;29;30;31;32;33;34;35;36;37;38;39,,東京都交通局,POINT (139.654662 35.737311),0,,
4.2.437:1;2;3;4;5;6;7;8;9;10;11;12;13;14;15;16;17;18;19;20;21;22;23;24;25,1500425,1000104,139.649016,35.741611,1,4,metro_service_node,4.2,4.2:1;2;3;4;5;6;7;8;9;10;11;12;13;14;15;16;17;18;19;20;21;22;23;24;25,,東京都交通局,POINT (139.649016 35.741611),0,,
4.2.437:1;2;3;4;5;6;7;8;9;10;11;12;13;14;15;16;17;18;19;20;21;22;23;24;25;26;27;28;29;30;31;32;33;34;35;36;37;38;39,1500426,1000104,139.649016,35.741611,1,4,metro_service_node,4.2,4.2:1;2;3;4;5;6;7;8;9;10;11;12;13;14;15;16;17;18;19;20;21;22;23;24;25;26;27;28;29;30;31;32;33;34;35;36;37;38;39,,東京都交通局,POINT (139.649016 35.741611),0,,
4.2.438:1;2;3;4;5;6;7;8;9;10;11;12;13;14;15;16;17;18;19;20;21;22;23;24;25,1500427,1000105,139.6402,35.75131,1,4,metro_service_node,4.2,4.2:1;2;3;4;5;6;7;8;9;10;11;12;13;14;15;16;17;18;19;20;21;22;23;24;25,,東京都交通局,POINT (139.6402 35.75131),0,,
4.2.438:1;2;3;4;5;6;7;8;9;10;11;12;13;14;15;16;17;18;19;20;21;22;23;24;25;26;27;28;29;30;31;32;33;34;35;36;37;38;39,1500428,1000105,139.6402,35.75131,1,4,metro_service_node,4.2,4.2:1;2;3;4;5;6;7;8;9;10;11;12;13;14;15;16;17;18;19;20;21;22;23;24;25;26;27;28;29;30;31;32;33;34;35;36;37;38;39,,東京都交通局,POINT (139.6402 35.75131),0,,
4.2.439:1;2;3;4;5;6;7;8;9;10;11;12;13;14;15;16;17;18;19;20;21;22;23;24;25,1500429,1000106,139.628801,35.758427,1,4,metro_service_node,4.2,4.2:1;2;3;4;5;6;7;8;9;10;11;12;13;14;15;16;17;18;19;20;21;22;23;24;25,,東京都交通局,POINT (139.628801 35.758427),1,,
4.2.439:1;2;3;4;5;6;7;8;9;10;11;12;13;14;15;16;17;18;19;20;21;22;23;24;25;26;27;28;29;30;31;32;33;34;35;36;37;38;39,1500430,1000106,139.628801,35.758427,1,4,metro_service_node,4.2,4.2:1;2;3;4;5;6;7;8;9;10;11;12;13;14;15;16;17;18;19;20;21;22;23;24;25;26;27;28;29;30;31;32;33;34;35;36;37;38;39,,東京都交通局,POINT (139.628801 35.758427),1,,
5.1.501:1;2;3;4;5;6;7;8;9;10;11;12;13,1500431,1000107,139.771021,35.728693,2,5,rail_service_node,5.1,5.1:1;2;3;4;5;6;7;8;9;10;11;12;13,,東京都交通局,POINT (139.771021 35.728693),1,,
5.1.502:1;2;3;4;5;6;7;8;9;10;11;12;13,1500432,1000108,139.768069,35.733639,2,5,rail_service_node,5.1,5.1:1;2;3;4;5;6;7;8;9;10;11;12;13,,東京都交通局,POINT (139.768069 35.733639),0,,
5.1.503:1;2;3;4;5;6;7;8;9;10;11;12;13,1500433,1000109,139.768925,35.742768,2,5,rail_service_node,5.1,5.1:1;2;3;4;5;6;7;8;9;10;11;12;13,,東京都交通局,POINT (139.768925 35.742768),0,,
5.1.504:1;2;3;4;5;6;7;8;9;10;11;12;13,1500434,1000110,139.769728,35.748413,2,5,rail_service_node,5.1,5.1:1;2;3;4;5;6;7;8;9;10;11;12;13,,東京都交通局,POINT (139.769728 35.748413),0,,
5.1.505:1;2;3;4;5;6;7;8;9;10;11;12;13,1500435,1000111,139.770276,35.754554999999996,2,5,rail_service_node,5.1,5.1:1;2;3;4;5;6;7;8;9;10;11;12;13,,東京都交通局,POINT (139.770276 35.754554999999996),0,,
5.1.506:1;2;3;4;5;6;7;8;9;10;11;12;13,1500436,1000112,139.770698,35.763805999999995,2,5,rail_service_node,5.1,5.1:1;2;3;4;5;6;7;8;9;10;11;12;13,,東京都交通局,POINT (139.770698 35.763805999999995),0,,
5.1.507:1;2;3;4;5;6;7;8;9;10;11;12;13,1500437,1000113,139.770592,35.768251,2,5,rail_service_node,5.1,5.1:1;2;3;4;5;6;7;8;9;10;11;12;13,,東京都交通局,POINT (139.770592 35.768251),0,,
5.1.508:1;2;3;4;5;6;7;8;9;10;11;12;13,1500438,1000114,139.77018999999999,35.773854,2,5,rail_service_node,5.1,5.1:1;2;3;4;5;6;7;8;9;10;11;12;13,,東京都交通局,POINT (139.77018999999999 35.773854),0,,
5.1.509:1;2;3;4;5;6;7;8;9;10;11;12;13,1500439,1000115,139.76997699999998,35.781409999999994,2,5,rail_service_node,5.1,5.1:1;2;3;4;5;6;7;8;9;10;11;12;13,,東京都交通局,POINT (139.76997699999998 35.781409999999994),0,,
5.1.510:1;2;3;4;5;6;7;8;9;10;11;12;13,1500440,1000116,139.769936,35.788686999999996,2,5,rail_service_node,5.1,5.1:1;2;3;4;5;6;7;8;9;10;11;12;13,,東京都交通局,POINT (139.769936 35.788686999999996),0,,
5.1.511:1;2;3;4;5;6;7;8;9;10;11;12;13,1500441,1000117,139.770059,35.796284,2,5,rail_service_node,5.1,5.1:1;2;3;4;5;6;7;8;9;10;11;12;13,,東京都交通局,POINT (139.770059 35.796284),0,,
5.1.512:1;2;3;4;5;6;7;8;9;10;11;12;13,1500442,1000118,139.769969,35.805589999999995,2,5,rail_service_node,5.1,5.1:1;2;3;4;5;6;7;8;9;10;11;12;13,,東京都交通局,POINT (139.769969 35.805589999999995),0,,
5.1.513:1;2;3;4;5;6;7;8;9;10;11;12;13,1500443,1000119,139.77060699999998,35.814440999999995,2,5,rail_service_node,5.1,5.1:1;2;3;4;5;6;7;8;9;10;11;12;13,,東京都交通局,POINT (139.77060699999998 35.814440999999995),1,,
5.2.501:1;2;3;4;5;6;7;8;9;10;11;12;13,1500444,1000107,139.771021,35.728693,2,5,rail_service_node,5.2,5.2:1;2;3;4;5;6;7;8;9;10;11;12;13,,東京都交通局,POINT (139.771021 35.728693),1,,
5.2.502:1;2;3;4;5;6;7;8;9;10;11;12;13,1500445,1000108,139.768069,35.733639,2,5,rail_service_node,5.2,5.2:1;2;3;4;5;6;7;8;9;10;11;12;13,,東京都交通局,POINT (139.768069 35.733639),0,,
5.2.503:1;2;3;4;5;6;7;8;9;10;11;12;13,1500446,1000109,139.768925,35.742768,2,5,rail_service_node,5.2,5.2:1;2;3;4;5;6;7;8;9;10;11;12;13,,東京都交通局,POINT (139.768925 35.742768),0,,
5.2.504:1;2;3;4;5;6;7;8;9;10;11;12;13,1500447,1000110,139.769728,35.748413,2,5,rail_service_node,5.2,5.2:1;2;3;4;5;6;7;8;9;10;11;12;13,,東京都交通局,POINT (139.769728 35.748413),0,,
5.2.505:1;2;3;4;5;6;7;8;9;10;11;12;13,1500448,1000111,139.770276,35.754554999999996,2,5,rail_service_node,5.2,5.2:1;2;3;4;5;6;7;8;9;10;11;12;13,,東京都交通局,POINT (139.770276 35.754554999999996),0,,
5.2.506:1;2;3;4;5;6;7;8;9;10;11;12;13,1500449,1000112,139.770698,35.763805999999995,2,5,rail_service_node,5.2,5.2:1;2;3;4;5;6;7;8;9;10;11;12;13,,東京都交通局,POINT (139.770698 35.763805999999995),0,,
5.2.507:1;2;3;4;5;6;7;8;9;10;11;12;13,1500450,1000113,139.770592,35.768251,2,5,rail_service_node,5.2,5.2:1;2;3;4;5;6;7;8;9;10;11;12;13,,東京都交通局,POINT (139.770592 35.768251),0,,
5.2.508:1;2;3;4;5;6;7;8;9;10;11;12;13,1500451,1000114,139.77018999999999,35.773854,2,5,rail_service_node,5.2,5.2:1;2;3;4;5;6;7;8;9;10;11;12;13,,東京都交通局,POINT (139.77018999999999 35.773854),0,,
5.2.509:1;2;3;4;5;6;7;8;9;10;11;12;13,1500452,1000115,139.76997699999998,35.781409999999994,2,5,rail_service_node,5.2,5.2:1;2;3;4;5;6;7;8;9;10;11;12;13,,東京都交通局,POINT (139.76997699999998 35.781409999999994),0,,
5.2.510:1;2;3;4;5;6;7;8;9;10;11;12;13,1500453,1000116,139.769936,35.788686999999996,2,5,rail_service_node,5.2,5.2:1;2;3;4;5;6;7;8;9;10;11;12;13,,東京都交通局,POINT (139.769936 35.788686999999996),0,,
5.2.511:1;2;3;4;5;6;7;8;9;10;11;12;13,1500454,1000117,139.770059,35.796284,2,5,rail_service_node,5.2,5.2:1;2;3;4;5;6;7;8;9;10;11;12;13,,東京都交通局,POINT (139.770059 35.796284),0,,
5.2.512:1;2;3;4;5;6;7;8;9;10;11;12;13,1500455,1000118,139.769969,35.805589999999995,2,5,rail_service_node,5.2,5.2:1;2;3;4;5;6;7;8;9;10;11;12;13,,東京都交通局,POINT (139.769969 35.805589999999995),0,,
5.2.513:1;2;3;4;5;6;7;8;9;10;11;12;13,1500456,1000119,139.77060699999998,35.814440999999995,2,5,rail_service_node,5.2,5.2:1;2;3;4;5;6;7;8;9;10;11;12;13,,東京都交通局,POINT (139.77060699999998 35.814440999999995),1,,
6.1.601:1;2;3;4;5;6;7;8;9;10;11;12;13,1500457,1000120,139.791409,35.732107,0,6,tram_service_node,6.1,6.1:1;2;3;4;5;6;7;8;9;10;11;12;13,,東京都交通局,POINT (139.791409 35.732107),1,,
6.1.601:1;2;3;4;5;6;7;8;9;10;11;12;13;14;15;16,1500458,1000120,139.791409,35.732107,0,6,tram_service_node,6.1,6.1:1;2;3;4;5;6;7;8;9;10;11;12;13;14;15;16,,東京都交通局,POINT (139.791409 35.732107),1,,
6.1.601:1;2;3;4;5;6;7;8;9;10;11;12;13;14;15;16;17;18;19;20;21;22;23;24;25;26;27;28;29;30,1500459,1000120,139.791409,35.732107,0,6,tram_service_node,6.1,6.1:1;2;3;4;5;6;7;8;9;10;11;12;13;14;15;16;17;18;19;20;21;22;23;24;25;26;27;28;29;30,,東京都交通局,POINT (139.791409 35.732107),1,,
6.1.602:1;2;3;4;5;6;7;8;9;10;11;12;13,1500460,1000121,139.788741,35.733667999999994,0,6,tram_service_node,6.1,6.1:1;2;3;4;5;6;7;8;9;10;11;12;13,,東京都交通局,POINT (139.788741 35.733667999999994),0,,
6.1.602:1;2;3;4;5;6;7;8;9;10;11;12;13;14;15;16,1500461,1000121,139.788741,35.733667999999994,0,6,tram_service_node,6.1,6.1:1;2;3;4;5;6;7;8;9;10;11;12;13;14;15;16,,東京都交通局,POINT (139.788741 35.733667999999994),0,,
6.1.602:1;2;3;4;5;6;7;8;9;10;11;12;13;14;15;16;17;18;19;20;21;22;23;24;25;26;27;28;29;30,1500462,1000121,139.788741,35.733667999999994,0,6,tram_service_node,6.1,6.1:1;2;3;4;5;6;7;8;9;10;11;12;13;14;15;16;17;18;19;20;21;22;23;24;25;26;27;28;29;30,,東京都交通局,POINT (139.788741 35.733667999999994),0,,
6.1.603:1;2;3;4;5;6;7;8;9;10;11;12;13,1500463,1000122,139.786316,35.734812999999995,0,6,tram_service_node,6.1,6.1:1;2;3;4;5;6;7;8;9;10;11;12;13,,東京都交通局,POINT (139.786316 35.734812999999995),0,,
6.1.603:1;2;3;4;5;6;7;8;9;10;11;12;13;14;15;16,1500464,1000122,139.786316,35.734812999999995,0,6,tram_service_node,6.1,6.1:1;2;3;4;5;6;7;8;9;10;11;12;13;14;15;16,,東京都交通局,POINT (139.786316 35.734812999999995),0,,
6.1.603:1;2;3;4;5;6;7;8;9;10;11;12;13;14;15;16;17;18;19;20;21;22;23;24;25;26;27;28;29;30,1500465,1000122,139.786316,35.734812999999995,0,6,tram_service_node,6.1,6.1:1;2;3;4;5;6;7;8;9;10;11;12;13;14;15;16;17;18;19;20;21;22;23;24;25;26;27;28;29;30,,東京都交通局,POINT (139.786316 35.734812999999995),0,,
6.1.604:1;2;3;4;5;6;7;8;9;10;11;12;13,1500466,1000123,139.784604,35.738473,0,6,tram_service_node,6.1,6.1:1;2;3;4;5;6;7;8;9;10;11;12;13,,東京都交通局,POINT (139.784604 35.738473),0,,
6.1.604:1;2;3;4;5;6;7;8;9;10;11;12;13;14;15;16,1500467,1000123,139.784604,35.738473,0,6,tram_service_node,6.1,6.1:1;2;3;4;5;6;7;8;9;10;11;12;13;14;15;16,,東京都交通局,POINT (139.784604 35.738473),0,,
6.1.604:1;2;3;4;5;6;7;8;9;10;11;12;13;14;15;16;17;18;19;20;21;22;23;24;25;26;27;28;29;30,1500468,1000123,139.784604,35.738473,0,6,tram_service_node,6.1,6.1:1;2;3;4;5;6;7;8;9;10;11;12;13;14;15;16;17;18;19;20;21;22;23;24;25;26;27;28;29;30,,東京都交通局,POINT (139.784604 35.738473),0,,
6.1.605:1;2;3;4;5;6;7;8;9;10;11;12;13,1500469,1000124,139.78411,35.741823,0,6,tram_service_node,6.1,6.1:1;2;3;4;5;6;7;8;9;10;11;12;13,,東京都交通局,POINT (139.78411 35.741823),0,,
6.1.605:1;2;3;4;5;6;7;8;9;10;11;12;13;14;15;16,1500470,1000124,139.78411,35.741823,0,6,tram_service_node,6.1,6.1:1;2;3;4;5;6;7;8;9;10;11;12;13;14;15;16,,東京都交通局,POINT (139.78411 35.741823),0,,
6.1.605:1;2;3;4;5;6;7;8;9;10;11;12;13;14;15;16;17;18;19;20;21;22;23;24;25;26;27;28;29;30,1500471,1000124,139.78411,35.741823,0,6,tram_service_node,6.1,6.1:1;2;3;4;5;6;7;8;9;10;11;12;13;14;15;16;17;18;19;20;21;22;23;24;25;26;27;28;29;30,,東京都交通局,POINT (139.78411 35.741823),0,,
6.1.606:1;2;3;4;5;6;7;8,1500472,1000125,139.780791,35.742683,0,6,tram_service_node,6.1,6.1:1;2;3;4;5;6;7;8,,東京都交通局,POINT (139.780791 35.742683),1,,
6.1.606:1;2;3;4;5;6;7;8;9;10;11;12;13,1500473,1000125,139.780791,35.742683,0,6,tram_service_node,6.1,6.1:1;2;3;4;5;6;7;8;9;10;11;12;13,,東京都交通局,POINT (139.780791 35.742683),0,,
6.1.606:1;2;3;4;5;6;7;8;9;10;11;12;13;14;15;16,1500474,1000125,139.780791,35.742683,0,6,tram_service_node,6.1,6.1:1;2;3;4;5;6;7;8;9;10;11;12;13;14;15;16,,東京都交通局,POINT (139.780791 35.742683),0,,
6.1.606:1;2;3;4;5;6;7;8;9;10;11;12;13;14;15;16;17;18;19;20;21;22;23;24;25;26;27;28;29;30,1500475,1000125,139.780791,35.742683,0,6,tram_service_node,6.1,6.1:1;2;3;4;5;6;7;8;9;10;11;12;13;14;15;16;17;18;19;20;21;22;23;24;25;26;27;28;29;30,,東京都交通局,POINT (139.780791 35.742683),0,,
6.1.607:1;2;3;4;5;6;7;8,1500476,1000126,139.776316,35.743818999999995,0,6,tram_service_node,6.1,6.1:1;2;3;4;5;6;7;8,,東京都交通局,POINT (139.776316 35.743818999999995),0,,
6.1.607:1;2;3;4;5;6;7;8;9;10;11;12;13,1500477,1000126,139.776316,35.743818999999995,0,6,tram_service_node,6.1,6.1:1;2;3;4;5;6;7;8;9;10;11;12;13,,東京都交通局,POINT (139.776316 35.743818999999995),0,,
6.1.607:1;2;3;4;5;6;7;8;9;10;11;12;13;14;15;16,1500478,1000126,139.776316,35.743818999999995,0,6,tram_service_node,6.1,6.1:1;2;3;4;5;6;7;8;9;10;11;12;13;14;15;16,,東京都交通局,POINT (139.776316 35.743818999999995),0,,
6.1.607:1;2;3;4;5;6;7;8;9;10;11;12;13;14;15;16;17;18;19;20;21;22;23;24;25;26;27;28;29;30,1500479,1000126,139.776316,35.743818999999995,0,6,tram_service_node,6.1,6.1:1;2;3;4;5;6;7;8;9;10;11;12;13;14;15;16;17;18;19;20;21;22;23;24;25;26;27;28;29;30,,東京都交通局,POINT (139.776316 35.743818999999995),0,,
6.1.608:1;2;3;4;5;6;7;8,1500480,1000127,139.773767,35.745526,0,6,tram_service_node,6.1,6.1:1;2;3;4;5;6;7;8,,東京都交通局,POINT (139.773767 35.745526),0,,
6.1.608:1;2;3;4;5;6;7;8;9;10;11;12;13,1500481,1000127,139.773767,35.745526,0,6,tram_service_node,6.1,6.1:1;2;3;4;5;6;7;8;9;10;11;12;13,,東京都交通局,POINT (139.773767 35.745526),0,,
6.1.608:1;2;3;4;5;6;7;8;9;10;11;12;13;14;15;16,1500482,1000127,139.773767,35.745526,0,6,tram_service_node,6.1,6.1:1;2;3;4;5;6;7;8;9;10;11;12;13;14;15;16,,東京都交通局,POINT (139.773767 35.745526),0,,
6.1.608:1;2;3;4;5;6;7;8;9;10;11;12;13;14;15;16;17;18;19;20;21;22;23;24;25;26;27;28;29;30,1500483,1000127,139.773767,35.745526,0,6,tram_service_node,6.1,6.1:1;2;3;4;5;6;7;8;9;10;11;12;13;14;15;16;17;18;19;20;21;22;23;24;25;26;27;28;29;30,,東京都交通局,POINT (139.773767 35.745526),0,,
6.1.609:1;2;3;4;5;6;7;8,1500484,1000128,139.769759,35.748386999999994,0,6,tram_service_node,6.1,6.1:1;2;3;4;5;6;7;8,,東京都交通局,POINT (139.769759 35.748386999999994),0,,
6.1.609:1;2;3;4;5;6;7;8;9;10;11;12;13,1500485,1000128,139.769759,35.748386999999994,0,6,tram_service_node,6.1,6.1:1;2;3;4;5;6;7;8;9;10;11;12;13,,東京都交通局,POINT (139.769759 35.748386999999994),0,,
6.1.609:1;2;3;4;5;6;7;8;9;10;11;12;13;14;15;16,1500486,1000128,139.769759,35.748386999999994,0,6,tram_service_node,6.1,6.1:1;2;3;4;5;6;7;8;9;10;11;12;13;14;15;16,,東京都交通局,POINT (139.769759 35.748386999999994),0,,
6.1.609:1;2;3;4;5;6;7;8;9;10;11;12;13;14;15;16;17;18;19;20;21;22;23;24;25;26;27;28;29;30,1500487,1000128,139.769759,35.748386999999994,0,6,tram_service_node,6.1,6.1:1;2;3;4;5;6;7;8;9;10;11;12;13;14;15;16;17;18;19;20;21;22;23;24;25;26;27;28;29;30,,東京都交通局,POINT (139.769759 35.748386999999994),0,,
6.1.610:1;2;3;4;5;6;7;8,1500488,1000129,139.76609,35.749711,0,6,tram_service_node,6.1,6.1:1;2;3;4;5;6;7;8,,東京都交通局,POINT (139.76609 35.749711),0,,
6.1.610:1;2;3;4;5;6;7;8;9;10;11;12;13,1500489,1000129,139.76609,35.749711,0,6,tram_service_node,6.1,6.1:1;2;3;4;5;6;7;8;9;10;11;12;13,,東京都交通局,POINT (139.76609 35.749711),0,,
6.1.610:1;2;3;4;5;6;7;8;9;10;11;12;13;14;15;16,1500490,1000129,139.76609,35.749711,0,6,tram_service_node,6.1,6.1:1;2;3;4;5;6;7;8;9;10;11;12;13;14;15;16,,東京都交通局,POINT (139.76609 35.749711),0,,
6.1.610:1;2;3;4;5;6;7;8;9;10;11;12;13;14;15;16;17;18;19;20;21;22;23;24;25;26;27;28;29;30,1500491,1000129,139.76609,35.749711,0,6,tram_service_node,6.1,6.1:1;2;3;4;5;6;7;8;9;10;11;12;13;14;15;16;17;18;19;20;21;22;23;24;25;26;27;28;29;30,,東京都交通局,POINT (139.76609 35.749711),0,,
6.1.611:1;2;3;4;5;6;7;8,1500492,1000130,139.761639,35.75037699999999,0,6,tram_service_node,6.1,6.1:1;2;3;4;5;6;7;8,,東京都交通局,POINT (139.761639 35.75037699999999),0,,
6.1.611:1;2;3;4;5;6;7;8;9;10;11;12;13,1500493,1000130,139.761639,35.75037699999999,0,6,tram_service_node,6.1,6.1:1;2;3;4;5;6;7;8;9;10;11;12;13,,東京都交通局,POINT (139.761639 35.75037699999999),0,,
6.1.611:1;2;3;4;5;6;7;8;9;10;11;12;13;14;15;16,1500494,1000130,139.761639,35.75037699999999,0,6,tram_service_node,6.1,6.1:1;2;3;4;5;6;7;8;9;10;11;12;13;14;15;16,,東京都交通局,POINT (139.761639 35.75037699999999),0,,
6.1.611:1;2;3;4;5;6;7;8;9;10;11;12;13;14;15;16;17;18;19;20;21;22;23;24;25;26;27;28;29;30,1500495,1000130,139.761639,35.75037699999999,0,6,tram_service_node,6.1,6.1:1;2;3;4;5;6;7;8;9;10;11;12;13;14;15;16;17;18;19;20;21;22;23;24;25;26;27;28;29;30,,東京都交通局,POINT (139.761639 35.75037699999999),0,,
6.1.612:1;2;3;4;5;6;7;8,1500496,1000131,139.757417,35.750546,0,6,tram_service_node,6.1,6.1:1;2;3;4;5;6;7;8,,東京都交通局,POINT (139.757417 35.750546),0,,
6.1.612:1;2;3;4;5;6;7;8;9;10;11;12;13,1500497,1000131,139.757417,35.750546,0,6,tram_service_node,6.1,6.1:1;2;3;4;5;6;7;8;9;10;11;12;13,,東京都交通局,POINT (139.757417 35.750546),0,,
6.1.612:1;2;3;4;5;6;7;8;9;10;11;12;13;14;15;16,1500498,1000131,139.757417,35.750546,0,6,tram_service_node,6.1,6.1:1;2;3;4;5;6;7;8;9;10;11;12;13;14;15;16,,東京都交通局,POINT (139.757417 35.750546),0,,
6.1.612:1;2;3;4;5;6;7;8;9;10;11;12;13;14;15;16;17;18;19;20;21;22;23;24;25;26;27;28;29;30,1500499,1000131,139.757417,35.750546,0,6,tram_service_node,6.1,6.1:1;2;3;4;5;6;7;8;9;10;11;12;13;14;15;16;17;18;19;20;21;22;23;24;25;26;27;28;29;30,,東京都交通局,POINT (139.757417 35.750546),0,,
6.1.613:1;2;3;4;5;6;7;8,1500500,1000132,139.752361,35.750764999999994,0,6,tram_service_node,6.1,6.1:1;2;3;4;5;6;7;8,,東京都交通局,POINT (139.752361 35.750764999999994),1,,
6.1.613:1;2;3;4;5;6;7;8;9;10;11,1500501,1000132,139.752361,35.750764999999994,0,6,tram_service_node,6.1,6.1:1;2;3;4;5;6;7;8;9;10;11,,東京都交通局,POINT (139.752361 35.750764999999994),1,,
6.1.613:1;2;3;4;5;6;7;8;9;10;11;12;13,1500502,1000132,139.752361,35.750764999999994,0,6,tram_service_node,6.1,6.1:1;2;3;4;5;6;7;8;9;10;11;12;13,,東京都交通局,POINT (139.752361 35.750764999999994),1,,
6.1.613:1;2;3;4;5;6;7;8;9;10;11;12;13;14;15;16,1500503,1000132,139.752361,35.750764999999994,0,6,tram_service_node,6.1,6.1:1;2;3;4;5;6;7;8;9;10;11;12;13;14;15;16,,東京都交通局,POINT (139.752361 35.750764999999994),0,,
6.1.613:1;2;3;4;5;6;7;8;9;10;11;12;13;14;15;16;17;18;19;20;21;22;23;24;25;26;27;28;29;30,1500504,1000132,139.752361,35.750764999999994,0,6,tram_service_node,6.1,6.1:1;2;3;4;5;6;7;8;9;10;11;12;13;14;15;16;17;18;19;20;21;22;23;24;25;26;27;28;29;30,,東京都交通局,POINT (139.752361 35.750764999999994),0,,
6.1.614:1;2;3;4;5;6;7;8;9;10;11,1500505,1000133,139.747168,35.750969999999995,0,6,tram_service_node,6.1,6.1:1;2;3;4;5;6;7;8;9;10;11,,東京都交通局,POINT (139.747168 35.750969999999995),0,,
6.1.614:1;2;3;4;5;6;7;8;9;10;11;12;13;14;15;16,1500506,1000133,139.747168,35.750969999999995,0,6,tram_service_node,6.1,6.1:1;2;3;4;5;6;7;8;9;10;11;12;13;14;15;16,,東京都交通局,POINT (139.747168 35.750969999999995),0,,
6.1.614:1;2;3;4;5;6;7;8;9;10;11;12;13;14;15;16;17;18;19;20;21;22;23;24;25;26;27;28;29;30,1500507,1000133,139.747168,35.750969999999995,0,6,tram_service_node,6.1,6.1:1;2;3;4;5;6;7;8;9;10;11;12;13;14;15;16;17;18;19;20;21;22;23;24;25;26;27;28;29;30,,東京都交通局,POINT (139.747168 35.750969999999995),0,,
6.1.615:1;2;3;4;5;6;7;8;9;10;11,1500508,1000134,139.742086,35.750764999999994,0,6,tram_service_node,6.1,6.1:1;2;3;4;5;6;7;8;9;10;11,,東京都交通局,POINT (139.742086 35.750764999999994),0,,
6.1.615:1;2;3;4;5;6;7;8;9;10;11;12;13;14;15;16,1500509,1000134,139.742086,35.750764999999994,0,6,tram_service_node,6.1,6.1:1;2;3;4;5;6;7;8;9;10;11;12;13;14;15;16,,東京都交通局,POINT (139.742086 35.750764999999994),0,,
6.1.615:1;2;3;4;5;6;7;8;9;10;11;12;13;14;15;16;17;18;19;20;21;22;23;24;25;26;27;28;29;30,1500510,1000134,139.742086,35.750764999999994,0,6,tram_service_node,6.1,6.1:1;2;3;4;5;6;7;8;9;10;11;12;13;14;15;16;17;18;19;20;21;22;23;24;25;26;27;28;29;30,,東京都交通局,POINT (139.742086 35.750764999999994),0,,
6.1.616:1;2;3;4;5;6;7;8;9;10;11,1500511,1000135,139.737945,35.752882,0,6,tram_service_node,6.1,6.1:1;2;3;4;5;6;7;8;9;10;11,,東京都交通局,POINT (139.737945 35.752882),0,,
6.1.616:1;2;3;4;5;6;7;8;9;10;11;12;13;14;15;16,1500512,1000135,139.737945,35.752882,0,6,tram_service_node,6.1,6.1:1;2;3;4;5;6;7;8;9;10;11;12;13;14;15;16,,東京都交通局,POINT (139.737945 35.752882),1,,
6.1.616:1;2;3;4;5;6;7;8;9;10;11;12;13;14;15;16;17;18;19;20;21;22;23;24;25;26;27;28;29;30,1500513,1000135,139.737945,35.752882,0,6,tram_service_node,6.1,6.1:1;2;3;4;5;6;7;8;9;10;11;12;13;14;15;16;17;18;19;20;21;22;23;24;25;26;27;28;29;30,,東京都交通局,POINT (139.737945 35.752882),0,,
6.1.617:1;2;3;4;5;6;7;8;9;10;11,1500514,1000136,139.737233,35.750009,0,6,tram_service_node,6.1,6.1:1;2;3;4;5;6;7;8;9;10;11,,東京都交通局,POINT (139.737233 35.750009),0,,
6.1.617:1;2;3;4;5;6;7;8;9;10;11;12;13;14;15;16;17;18;19;20;21;22;23;24;25;26;27;28;29;30,1500515,1000136,139.737233,35.750009,0,6,tram_service_node,6.1,6.1:1;2;3;4;5;6;7;8;9;10;11;12;13;14;15;16;17;18;19;20;21;22;23;24;25;26;27;28;29;30,,東京都交通局,POINT (139.737233 35.750009),0,,
6.1.618:1;2;3;4;5;6;7;8;9;10;11,1500516,1000137,139.73532,35.747183,0,6,tram_service_node,6.1,6.1:1;2;3;4;5;6;7;8;9;10;11,,東京都交通局,POINT (139.73532 35.747183),0,,
6.1.618:1;2;3;4;5;6;7;8;9;10;11;12;13;14;15;16;17;18;19;20;21;22;23;24;25;26;27;28;29;30,1500517,1000137,139.73532,35.747183,0,6,tram_service_node,6.1,6.1:1;2;3;4;5;6;7;8;9;10;11;12;13;14;15;16;17;18;19;20;21;22;23;24;25;26;27;28;29;30,,東京都交通局,POINT (139.73532 35.747183),0,,
6.1.619:1;2;3;4;5;6;7;8;9;10;11,1500518,1000138,139.732565,35.744122,0,6,tram_service_node,6.1,6.1:1;2;3;4;5;6;7;8;9;10;11,,東京都交通局,POINT (139.732565 35.744122),0,,
6.1.619:1;2;3;4;5;6;7;8;9;10;11;12;13;14;15;16;17;18;19;20;21;22;23;24;25;26;27;28;29;30,1500519,1000138,139.732565,35.744122,0,6,tram_service_node,6.1,6.1:1;2;3;4;5;6;7;8;9;10;11;12;13;14;15;16;17;18;19;20;21;22;23;24;25;26;27;28;29;30,,東京都交通局,POINT (139.732565 35.744122),0,,
6.1.620:1;2;3;4;5;6;7;8;9;10;11,1500520,1000139,139.730244,35.74097,0,6,tram_service_node,6.1,6.1:1;2;3;4;5;6;7;8;9;10;11,,東京都交通局,POINT (139.730244 35.74097),0,,
6.1.620:1;2;3;4;5;6;7;8;9;10;11;12;13;14;15;16;17;18;19;20;21;22;23;24;25;26;27;28;29;30,1500521,1000139,139.730244,35.74097,0,6,tram_service_node,6.1,6.1:1;2;3;4;5;6;7;8;9;10;11;12;13;14;15;16;17;18;19;20;21;22;23;24;25;26;27;28;29;30,,東京都交通局,POINT (139.730244 35.74097),0,,
6.1.621:1;2;3;4;5;6;7;8;9;10;11,1500522,1000140,139.729525,35.73940399999999,0,6,tram_service_node,6.1,6.1:1;2;3;4;5;6;7;8;9;10;11,,東京都交通局,POINT (139.729525 35.73940399999999),0,,
6.1.621:1;2;3;4;5;6;7;8;9;10;11;12;13;14;15;16;17;18;19;20;21;22;23;24;25;26;27;28;29;30,1500523,1000140,139.729525,35.73940399999999,0,6,tram_service_node,6.1,6.1:1;2;3;4;5;6;7;8;9;10;11;12;13;14;15;16;17;18;19;20;21;22;23;24;25;26;27;28;29;30,,東京都交通局,POINT (139.729525 35.73940399999999),0,,
6.1.622:1;2;3;4;5;6;7;8;9;10;11,1500524,1000141,139.727584,35.735581999999994,0,6,tram_service_node,6.1,6.1:1;2;3;4;5;6;7;8;9;10;11,,東京都交通局,POINT (139.727584 35.735581999999994),0,,
6.1.622:1;2;3;4;5;6;7;8;9;10;11;12;13;14;15;16;17;18;19;20;21;22;23;24;25;26;27;28;29;30,1500525,1000141,139.727584,35.735581999999994,0,6,tram_service_node,6.1,6.1:1;2;3;4;5;6;7;8;9;10;11;12;13;14;15;16;17;18;19;20;21;22;23;24;25;26;27;28;29;30,,東京都交通局,POINT (139.727584 35.735581999999994),0,,
6.1.623:1;2;3;4;5;6;7;8;9;10;11,1500526,1000142,139.728998,35.731088,0,6,tram_service_node,6.1,6.1:1;2;3;4;5;6;7;8;9;10;11,,東京都交通局,POINT (139.728998 35.731088),1,,
6.1.623:1;2;3;4;5;6;7;8;9;10;11;12;13;14;15;16;17;18;19;20;21;22;23;24;25;26;27;28;29;30,1500527,1000142,139.728998,35.731088,0,6,tram_service_node,6.1,6.1:1;2;3;4;5;6;7;8;9;10;11;12;13;14;15;16;17;18;19;20;21;22;23;24;25;26;27;28;29;30,,東京都交通局,POINT (139.728998 35.731088),0,,
6.1.624:1;2;3;4;5;6;7;8;9;10;11;12;13;14;15;16;17;18;19;20;21;22;23;24;25;26;27;28;29;30,1500528,1000143,139.724659,35.728674999999996,0,6,tram_service_node,6.1,6.1:1;2;3;4;5;6;7;8;9;10;11;12;13;14;15;16;17;18;19;20;21;22;23;24;25;26;27;28;29;30,,東京都交通局,POINT (139.724659 35.728674999999996),0,,
6.1.625:1;2;3;4;5;6;7;8;9;10;11;12;13;14;15;16;17;18;19;20;21;22;23;24;25;26;27;28;29;30,1500529,1000144,139.720304,35.725297999999995,0,6,tram_service_node,6.1,6.1:1;2;3;4;5;6;7;8;9;10;11;12;13;14;15;16;17;18;19;20;21;22;23;24;25;26;27;28;29;30,,東京都交通局,POINT (139.720304 35.725297999999995),0,,
6.1.626:1;2;3;4;5;6;7;8;9;10;11;12;13;14;15;16;17;18;19;20;21;22;23;24;25;26;27;28;29;30,1500530,1000145,139.717735,35.723980999999995,0,6,tram_service_node,6.1,6.1:1;2;3;4;5;6;7;8;9;10;11;12;13;14;15;16;17;18;19;20;21;22;23;24;25;26;27;28;29;30,,東京都交通局,POINT (139.717735 35.723980999999995),0,,
6.1.627:1;2;3;4;5;6;7;8;9;10;11;12;13;14;15;16;17;18;19;20;21;22;23;24;25;26;27;28;29;30,1500531,1000146,139.71506,35.720468999999994,0,6,tram_service_node,6.1,6.1:1;2;3;4;5;6;7;8;9;10;11;12;13;14;15;16;17;18;19;20;21;22;23;24;25;26;27;28;29;30,,東京都交通局,POINT (139.71506 35.720468999999994),0,,
6.1.628:1;2;3;4;5;6;7;8;9;10;11;12;13;14;15;16;17;18;19;20;21;22;23;24;25;26;27;28;29;30,1500532,1000147,139.712429,35.716246999999996,0,6,tram_service_node,6.1,6.1:1;2;3;4;5;6;7;8;9;10;11;12;13;14;15;16;17;18;19;20;21;22;23;24;25;26;27;28;29;30,,東京都交通局,POINT (139.712429 35.716246999999996),0,,
6.1.629:1;2;3;4;5;6;7;8;9;10;11;12;13;14;15;16;17;18;19;20;21;22;23;24;25;26;27;28;29;30,1500533,1000148,139.714099,35.712911999999996,0,6,tram_service_node,6.1,6.1:1;2;3;4;5;6;7;8;9;10;11;12;13;14;15;16;17;18;19;20;21;22;23;24;25;26;27;28;29;30,,東京都交通局,POINT (139.714099 35.712911999999996),0,,
6.1.630:1;2;3;4;5;6;7;8;9;10;11;12;13;14;15;16;17;18;19;20;21;22;23;24;25;26;27;28;29;30,1500534,1000149,139.71890299999998,35.711659999999995,0,6,tram_service_node,6.1,6.1:1;2;3;4;5;6;7;8;9;10;11;12;13;14;15;16;17;18;19;20;21;22;23;24;25;26;27;28;29;30,,東京都交通局,POINT (139.71890299999998 35.711659999999995),1,,
6.2.601:1;2;3;4;5;6;7;8;9;10;11;12;13;14;15;16;17;18;19;20;21;22;23,1500535,1000120,139.791409,35.732107,0,6,tram_service_node,6.2,6.2:1;2;3;4;5;6;7;8;9;10;11;12;13;14;15;16;17;18;19;20;21;22;23,,東京都交通局,POINT (139.791409 35.732107),1,,
6.2.601:1;2;3;4;5;6;7;8;9;10;11;12;13;14;15;16;17;18;19;20;21;22;23;24;25;26;27;28;29;30,1500536,1000120,139.791409,35.732107,0,6,tram_service_node,6.2,6.2:1;2;3;4;5;6;7;8;9;10;11;12;13;14;15;16;17;18;19;20;21;22;23;24;25;26;27;28;29;30,,東京都交通局,POINT (139.791409 35.732107),1,,
6.2.602:1;2;3;4;5;6;7;8;9;10;11;12;13;14;15;16;17;18;19;20;21;22;23,1500537,1000121,139.788741,35.733667999999994,0,6,tram_service_node,6.2,6.2:1;2;3;4;5;6;7;8;9;10;11;12;13;14;15;16;17;18;19;20;21;22;23,,東京都交通局,POINT (139.788741 35.733667999999994),0,,
6.2.602:1;2;3;4;5;6;7;8;9;10;11;12;13;14;15;16;17;18;19;20;21;22;23;24;25;26;27;28;29;30,1500538,1000121,139.788741,35.733667999999994,0,6,tram_service_node,6.2,6.2:1;2;3;4;5;6;7;8;9;10;11;12;13;14;15;16;17;18;19;20;21;22;23;24;25;26;27;28;29;30,,東京都交通局,POINT (139.788741 35.733667999999994),0,,
6.2.603:1;2;3;4;5;6;7;8;9;10;11;12;13;14;15;16;17;18;19;20;21;22;23,1500539,1000122,139.786316,35.734812999999995,0,6,tram_service_node,6.2,6.2:1;2;3;4;5;6;7;8;9;10;11;12;13;14;15;16;17;18;19;20;21;22;23,,東京都交通局,POINT (139.786316 35.734812999999995),0,,
6.2.603:1;2;3;4;5;6;7;8;9;10;11;12;13;14;15;16;17;18;19;20;21;22;23;24;25;26;27;28;29;30,1500540,1000122,139.786316,35.734812999999995,0,6,tram_service_node,6.2,6.2:1;2;3;4;5;6;7;8;9;10;11;12;13;14;15;16;17;18;19;20;21;22;23;24;25;26;27;28;29;30,,東京都交通局,POINT (139.786316 35.734812999999995),0,,
6.2.604:1;2;3;4;5;6;7;8;9;10;11;12;13;14;15;16;17;18;19;20;21;22;23,1500541,1000123,139.784604,35.738473,0,6,tram_service_node,6.2,6.2:1;2;3;4;5;6;7;8;9;10;11;12;13;14;15;16;17;18;19;20;21;22;23,,東京都交通局,POINT (139.784604 35.738473),0,,
6.2.604:1;2;3;4;5;6;7;8;9;10;11;12;13;14;15;16;17;18;19;20;21;22;23;24;25;26;27;28;29;30,1500542,1000123,139.784604,35.738473,0,6,tram_service_node,6.2,6.2:1;2;3;4;5;6;7;8;9;10;11;12;13;14;15;16;17;18;19;20;21;22;23;24;25;26;27;28;29;30,,東京都交通局,POINT (139.784604 35.738473),0,,
6.2.605:1;2;3;4;5;6;7;8;9;10;11;12;13;14;15;16;17;18;19;20;21;22;23,1500543,1000124,139.78411,35.741823,0,6,tram_service_node,6.2,6.2:1;2;3;4;5;6;7;8;9;10;11;12;13;14;15;16;17;18;19;20;21;22;23,,東京都交通局,POINT (139.78411 35.741823),0,,
6.2.605:1;2;3;4;5;6;7;8;9;10;11;12;13;14;15;16;17;18;19;20;21;22;23;24;25;26;27;28;29;30,1500544,1000124,139.78411,35.741823,0,6,tram_service_node,6.2,6.2:1;2;3;4;5;6;7;8;9;10;11;12;13;14;15;16;17;18;19;20;21;22;23;24;25;26;27;28;29;30,,東京都交通局,POINT (139.78411 35.741823),0,,
6.2.606:1;2;3;4;5;6;7;8;9;10;11;12;13;14;15;16;17;18;19;20;21;22;23,1500545,1000125,139.780791,35.742683,0,6,tram_service_node,6.2,6.2:1;2;3;4;5;6;7;8;9;10;11;12;13;14;15;16;17;18;19;20;21;22;23,,東京都交通局,POINT (139.780791 35.742683),0,,
6.2.606:1;2;3;4;5;6;7;8;9;10;11;12;13;14;15;16;17;18;19;20;21;22;23;24;25,1500546,1000125,139.780791,35.742683,0,6,tram_service_node,6.2,6.2:1;2;3;4;5;6;7;8;9;10;11;12;13;14;15;16;17;18;19;20;21;22;23;24;25,,東京都交通局,POINT (139.780791 35.742683),1,,
6.2.606:1;2;3;4;5;6;7;8;9;10;11;12;13;14;15;16;17;18;19;20;21;22;23;24;25;26;27;28;29;30,1500547,1000125,139.780791,35.742683,0,6,tram_service_node,6.2,6.2:1;2;3;4;5;6;7;8;9;10;11;12;13;14;15;16;17;18;19;20;21;22;23;24;25;26;27;28;29;30,,東京都交通局,POINT (139.780791 35.742683),0,,
6.2.607:1;2;3;4;5;6;7;8;9;10;11;12;13;14;15;16;17;18;19;20;21;22;23,1500548,1000126,139.776316,35.743818999999995,0,6,tram_service_node,6.2,6.2:1;2;3;4;5;6;7;8;9;10;11;12;13;14;15;16;17;18;19;20;21;22;23,,東京都交通局,POINT (139.776316 35.743818999999995),0,,
6.2.607:1;2;3;4;5;6;7;8;9;10;11;12;13;14;15;16;17;18;19;20;21;22;23;24;25,1500549,1000126,139.776316,35.743818999999995,0,6,tram_service_node,6.2,6.2:1;2;3;4;5;6;7;8;9;10;11;12;13;14;15;16;17;18;19;20;21;22;23;24;25,,東京都交通局,POINT (139.776316 35.743818999999995),0,,
6.2.607:1;2;3;4;5;6;7;8;9;10;11;12;13;14;15;16;17;18;19;20;21;22;23;24;25;26;27;28;29;30,1500550,1000126,139.776316,35.743818999999995,0,6,tram_service_node,6.2,6.2:1;2;3;4;5;6;7;8;9;10;11;12;13;14;15;16;17;18;19;20;21;22;23;24;25;26;27;28;29;30,,東京都交通局,POINT (139.776316 35.743818999999995),0,,
6.2.608:1;2;3;4;5;6;7;8;9;10;11;12;13;14;15;16;17;18;19;20;21;22;23,1500551,1000127,139.773767,35.745526,0,6,tram_service_node,6.2,6.2:1;2;3;4;5;6;7;8;9;10;11;12;13;14;15;16;17;18;19;20;21;22;23,,東京都交通局,POINT (139.773767 35.745526),0,,
6.2.608:1;2;3;4;5;6;7;8;9;10;11;12;13;14;15;16;17;18;19;20;21;22;23;24;25,1500552,1000127,139.773767,35.745526,0,6,tram_service_node,6.2,6.2:1;2;3;4;5;6;7;8;9;10;11;12;13;14;15;16;17;18;19;20;21;22;23;24;25,,東京都交通局,POINT (139.773767 35.745526),0,,
6.2.608:1;2;3;4;5;6;7;8;9;10;11;12;13;14;15;16;17;18;19;20;21;22;23;24;25;26;27;28;29;30,1500553,1000127,139.773767,35.745526,0,6,tram_service_node,6.2,6.2:1;2;3;4;5;6;7;8;9;10;11;12;13;14;15;16;17;18;19;20;21;22;23;24;25;26;27;28;29;30,,東京都交通局,POINT (139.773767 35.745526),0,,
6.2.609:1;2;3;4;5;6;7;8;9;10;11;12;13;14;15;16;17;18;19;20;21;22;23,1500554,1000128,139.769759,35.748386999999994,0,6,tram_service_node,6.2,6.2:1;2;3;4;5;6;7;8;9;10;11;12;13;14;15;16;17;18;19;20;21;22;23,,東京都交通局,POINT (139.769759 35.748386999999994),0,,
6.2.609:1;2;3;4;5;6;7;8;9;10;11;12;13;14;15;16;17;18;19;20;21;22;23;24;25,1500555,1000128,139.769759,35.748386999999994,0,6,tram_service_node,6.2,6.2:1;2;3;4;5;6;7;8;9;10;11;12;13;14;15;16;17;18;19;20;21;22;23;24;25,,東京都交通局,POINT (139.769759 35.748386999999994),0,,
6.2.609:1;2;3;4;5;6;7;8;9;10;11;12;13;14;15;16;17;18;19;20;21;22;23;24;25;26;27;28;29;30,1500556,1000128,139.769759,35.748386999999994,0,6,tram_service_node,6.2,6.2:1;2;3;4;5;6;7;8;9;10;11;12;13;14;15;16;17;18;19;20;21;22;23;24;25;26;27;28;29;30,,東京都交通局,POINT (139.769759 35.748386999999994),0,,
6.2.610:1;2;3;4;5;6;7;8;9;10;11;12;13;14;15;16;17;18;19;20;21;22;23,1500557,1000129,139.76609,35.749711,0,6,tram_service_node,6.2,6.2:1;2;3;4;5;6;7;8;9;10;11;12;13;14;15;16;17;18;19;20;21;22;23,,東京都交通局,POINT (139.76609 35.749711),0,,
6.2.610:1;2;3;4;5;6;7;8;9;10;11;12;13;14;15;16;17;18;19;20;21;22;23;24;25,1500558,1000129,139.76609,35.749711,0,6,tram_service_node,6.2,6.2:1;2;3;4;5;6;7;8;9;10;11;12;13;14;15;16;17;18;19;20;21;22;23;24;25,,東京都交通局,POINT (139.76609 35.749711),0,,
6.2.610:1;2;3;4;5;6;7;8;9;10;11;12;13;14;15;16;17;18;19;20;21;22;23;24;25;26;27;28;29;30,1500559,1000129,139.76609,35.749711,0,6,tram_service_node,6.2,6.2:1;2;3;4;5;6;7;8;9;10;11;12;13;14;15;16;17;18;19;20;21;22;23;24;25;26;27;28;29;30,,東京都交通局,POINT (139.76609 35.749711),0,,
6.2.611:1;2;3;4;5;6;7;8;9;10;11;12;13;14;15;16;17;18;19;20;21;22;23,1500560,1000130,139.761639,35.75037699999999,0,6,tram_service_node,6.2,6.2:1;2;3;4;5;6;7;8;9;10;11;12;13;14;15;16;17;18;19;20;21;22;23,,東京都交通局,POINT (139.761639 35.75037699999999),0,,
6.2.611:1;2;3;4;5;6;7;8;9;10;11;12;13;14;15;16;17;18;19;20;21;22;23;24;25,1500561,1000130,139.761639,35.75037699999999,0,6,tram_service_node,6.2,6.2:1;2;3;4;5;6;7;8;9;10;11;12;13;14;15;16;17;18;19;20;21;22;23;24;25,,東京都交通局,POINT (139.761639 35.75037699999999),0,,
6.2.611:1;2;3;4;5;6;7;8;9;10;11;12;13;14;15;16;17;18;19;20;21;22;23;24;25;26;27;28;29;30,1500562,1000130,139.761639,35.75037699999999,0,6,tram_service_node,6.2,6.2:1;2;3;4;5;6;7;8;9;10;11;12;13;14;15;16;17;18;19;20;21;22;23;24;25;26;27;28;29;30,,東京都交通局,POINT (139.761639 35.75037699999999),0,,
6.2.612:1;2;3;4;5;6;7;8;9;10;11;12;13;14;15;16;17;18;19;20;21;22;23,1500563,1000131,139.757417,35.750546,0,6,tram_service_node,6.2,6.2:1;2;3;4;5;6;7;8;9;10;11;12;13;14;15;16;17;18;19;20;21;22;23,,東京都交通局,POINT (139.757417 35.750546),0,,
6.2.612:1;2;3;4;5;6;7;8;9;10;11;12;13;14;15;16;17;18;19;20;21;22;23;24;25,1500564,1000131,139.757417,35.750546,0,6,tram_service_node,6.2,6.2:1;2;3;4;5;6;7;8;9;10;11;12;13;14;15;16;17;18;19;20;21;22;23;24;25,,東京都交通局,POINT (139.757417 35.750546),0,,
6.2.612:1;2;3;4;5;6;7;8;9;10;11;12;13;14;15;16;17;18;19;20;21;22;23;24;25;26;27;28;29;30,1500565,1000131,139.757417,35.750546,0,6,tram_service_node,6.2,6.2:1;2;3;4;5;6;7;8;9;10;11;12;13;14;15;16;17;18;19;20;21;22;23;24;25;26;27;28;29;30,,東京都交通局,POINT (139.757417 35.750546),0,,
6.2.613:1;2;3;4,1500566,1000132,139.752361,35.750764999999994,0,6,tram_service_node,6.2,6.2:1;2;3;4,,東京都交通局,POINT (139.752361 35.750764999999994),1,,
6.2.613:1;2;3;4;5;6;7;8;9;10;11,1500567,1000132,139.752361,35.750764999999994,0,6,tram_service_node,6.2,6.2:1;2;3;4;5;6;7;8;9;10;11,,東京都交通局,POINT (139.752361 35.750764999999994),1,,
6.2.613:1;2;3;4;5;6;7;8;9;10;11;12;13;14;15;16;17;18,1500568,1000132,139.752361,35.750764999999994,0,6,tram_service_node,6.2,6.2:1;2;3;4;5;6;7;8;9;10;11;12;13;14;15;16;17;18,,東京都交通局,POINT (139.752361 35.750764999999994),1,,
6.2.613:1;2;3;4;5;6;7;8;9;10;11;12;13;14;15;16;17;18;19;20;21;22;23,1500569,1000132,139.752361,35.750764999999994,0,6,tram_service_node,6.2,6.2:1;2;3;4;5;6;7;8;9;10;11;12;13;14;15;16;17;18;19;20;21;22;23,,東京都交通局,POINT (139.752361 35.750764999999994),0,,
6.2.613:1;2;3;4;5;6;7;8;9;10;11;12;13;14;15;16;17;18;19;20;21;22;23;24;25,1500570,1000132,139.752361,35.750764999999994,0,6,tram_service_node,6.2,6.2:1;2;3;4;5;6;7;8;9;10;11;12;13;14;15;16;17;18;19;20;21;22;23;24;25,,東京都交通局,POINT (139.752361 35.750764999999994),0,,
6.2.613:1;2;3;4;5;6;7;8;9;10;11;12;13;14;15;16;17;18;19;20;21;22;23;24;25;26;27;28;29;30,1500571,1000132,139.752361,35.750764999999994,0,6,tram_service_node,6.2,6.2:1;2;3;4;5;6;7;8;9;10;11;12;13;14;15;16;17;18;19;20;21;22;23;24;25;26;27;28;29;30,,東京都交通局,POINT (139.752361 35.750764999999994),0,,
6.2.614:1;2;3;4,1500572,1000133,139.747168,35.750969999999995,0,6,tram_service_node,6.2,6.2:1;2;3;4,,東京都交通局,POINT (139.747168 35.750969999999995),0,,
6.2.614:1;2;3;4;5;6;7;8;9;10;11,1500573,1000133,139.747168,35.750969999999995,0,6,tram_service_node,6.2,6.2:1;2;3;4;5;6;7;8;9;10;11,,東京都交通局,POINT (139.747168 35.750969999999995),0,,
6.2.614:1;2;3;4;5;6;7;8;9;10;11;12;13;14;15;16;17;18,1500574,1000133,139.747168,35.750969999999995,0,6,tram_service_node,6.2,6.2:1;2;3;4;5;6;7;8;9;10;11;12;13;14;15;16;17;18,,東京都交通局,POINT (139.747168 35.750969999999995),0,,
6.2.614:1;2;3;4;5;6;7;8;9;10;11;12;13;14;15;16;17;18;19;20;21;22;23,1500575,1000133,139.747168,35.750969999999995,0,6,tram_service_node,6.2,6.2:1;2;3;4;5;6;7;8;9;10;11;12;13;14;15;16;17;18;19;20;21;22;23,,東京都交通局,POINT (139.747168 35.750969999999995),0,,
6.2.614:1;2;3;4;5;6;7;8;9;10;11;12;13;14;15;16;17;18;19;20;21;22;23;24;25,1500576,1000133,139.747168,35.750969999999995,0,6,tram_service_node,6.2,6.2:1;2;3;4;5;6;7;8;9;10;11;12;13;14;15;16;17;18;19;20;21;22;23;24;25,,東京都交通局,POINT (139.747168 35.750969999999995),0,,
6.2.614:1;2;3;4;5;6;7;8;9;10;11;12;13;14;15;16;17;18;19;20;21;22;23;24;25;26;27;28;29;30,1500577,1000133,139.747168,35.750969999999995,0,6,tram_service_node,6.2,6.2:1;2;3;4;5;6;7;8;9;10;11;12;13;14;15;16;17;18;19;20;21;22;23;24;25;26;27;28;29;30,,東京都交通局,POINT (139.747168 35.750969999999995),0,,
6.2.615:1;2;3;4,1500578,1000134,139.742086,35.750764999999994,0,6,tram_service_node,6.2,6.2:1;2;3;4,,東京都交通局,POINT (139.742086 35.750764999999994),0,,
6.2.615:1;2;3;4;5;6;7;8;9;10;11,1500579,1000134,139.742086,35.750764999999994,0,6,tram_service_node,6.2,6.2:1;2;3;4;5;6;7;8;9;10;11,,東京都交通局,POINT (139.742086 35.750764999999994),0,,
6.2.615:1;2;3;4;5;6;7;8;9;10;11;12;13;14;15;16;17;18,1500580,1000134,139.742086,35.750764999999994,0,6,tram_service_node,6.2,6.2:1;2;3;4;5;6;7;8;9;10;11;12;13;14;15;16;17;18,,東京都交通局,POINT (139.742086 35.750764999999994),0,,
6.2.615:1;2;3;4;5;6;7;8;9;10;11;12;13;14;15;16;17;18;19;20;21;22;23,1500581,1000134,139.742086,35.750764999999994,0,6,tram_service_node,6.2,6.2:1;2;3;4;5;6;7;8;9;10;11;12;13;14;15;16;17;18;19;20;21;22;23,,東京都交通局,POINT (139.742086 35.750764999999994),0,,
6.2.615:1;2;3;4;5;6;7;8;9;10;11;12;13;14;15;16;17;18;19;20;21;22;23;24;25,1500582,1000134,139.742086,35.750764999999994,0,6,tram_service_node,6.2,6.2:1;2;3;4;5;6;7;8;9;10;11;12;13;14;15;16;17;18;19;20;21;22;23;24;25,,東京都交通局,POINT (139.742086 35.750764999999994),0,,
6.2.615:1;2;3;4;5;6;7;8;9;10;11;12;13;14;15;16;17;18;19;20;21;22;23;24;25;26;27;28;29;30,1500583,1000134,139.742086,35.750764999999994,0,6,tram_service_node,6.2,6.2:1;2;3;4;5;6;7;8;9;10;11;12;13;14;15;16;17;18;19;20;21;22;23;24;25;26;27;28;29;30,,東京都交通局,POINT (139.742086 35.750764999999994),0,,
6.2.616:1;2;3;4,1500584,1000135,139.737945,35.752882,0,6,tram_service_node,6.2,6.2:1;2;3;4,,東京都交通局,POINT (139.737945 35.752882),1,,
6.2.616:1;2;3;4;5;6;7;8;9;10;11,1500585,1000135,139.737945,35.752882,0,6,tram_service_node,6.2,6.2:1;2;3;4;5;6;7;8;9;10;11,,東京都交通局,POINT (139.737945 35.752882),0,,
6.2.616:1;2;3;4;5;6;7;8;9;10;11;12;13;14;15;16;17;18,1500586,1000135,139.737945,35.752882,0,6,tram_service_node,6.2,6.2:1;2;3;4;5;6;7;8;9;10;11;12;13;14;15;16;17;18,,東京都交通局,POINT (139.737945 35.752882),0,,
6.2.616:1;2;3;4;5;6;7;8;9;10;11;12;13;14;15;16;17;18;19;20;21;22;23,1500587,1000135,139.737945,35.752882,0,6,tram_service_node,6.2,6.2:1;2;3;4;5;6;7;8;9;10;11;12;13;14;15;16;17;18;19;20;21;22;23,,東京都交通局,POINT (139.737945 35.752882),0,,
6.2.616:1;2;3;4;5;6;7;8;9;10;11;12;13;14;15;16;17;18;19;20;21;22;23;24;25,1500588,1000135,139.737945,35.752882,0,6,tram_service_node,6.2,6.2:1;2;3;4;5;6;7;8;9;10;11;12;13;14;15;16;17;18;19;20;21;22;23;24;25,,東京都交通局,POINT (139.737945 35.752882),0,,
6.2.616:1;2;3;4;5;6;7;8;9;10;11;12;13;14;15;16;17;18;19;20;21;22;23;24;25;26;27;28;29;30,1500589,1000135,139.737945,35.752882,0,6,tram_service_node,6.2,6.2:1;2;3;4;5;6;7;8;9;10;11;12;13;14;15;16;17;18;19;20;21;22;23;24;25;26;27;28;29;30,,東京都交通局,POINT (139.737945 35.752882),0,,
6.2.617:1;2;3;4;5;6;7;8;9;10;11,1500590,1000136,139.737233,35.750009,0,6,tram_service_node,6.2,6.2:1;2;3;4;5;6;7;8;9;10;11,,東京都交通局,POINT (139.737233 35.750009),0,,
6.2.617:1;2;3;4;5;6;7;8;9;10;11;12;13;14;15;16;17;18,1500591,1000136,139.737233,35.750009,0,6,tram_service_node,6.2,6.2:1;2;3;4;5;6;7;8;9;10;11;12;13;14;15;16;17;18,,東京都交通局,POINT (139.737233 35.750009),0,,
6.2.617:1;2;3;4;5;6;7;8;9;10;11;12;13;14;15;16;17;18;19;20;21;22;23,1500592,1000136,139.737233,35.750009,0,6,tram_service_node,6.2,6.2:1;2;3;4;5;6;7;8;9;10;11;12;13;14;15;16;17;18;19;20;21;22;23,,東京都交通局,POINT (139.737233 35.750009),0,,
6.2.617:1;2;3;4;5;6;7;8;9;10;11;12;13;14;15;16;17;18;19;20;21;22;23;24;25,1500593,1000136,139.737233,35.750009,0,6,tram_service_node,6.2,6.2:1;2;3;4;5;6;7;8;9;10;11;12;13;14;15;16;17;18;19;20;21;22;23;24;25,,東京都交通局,POINT (139.737233 35.750009),0,,
6.2.617:1;2;3;4;5;6;7;8;9;10;11;12;13;14;15;16;17;18;19;20;21;22;23;24;25;26;27;28;29;30,1500594,1000136,139.737233,35.750009,0,6,tram_service_node,6.2,6.2:1;2;3;4;5;6;7;8;9;10;11;12;13;14;15;16;17;18;19;20;21;22;23;24;25;26;27;28;29;30,,東京都交通局,POINT (139.737233 35.750009),0,,
6.2.618:1;2;3;4;5;6;7;8;9;10;11,1500595,1000137,139.73532,35.747183,0,6,tram_service_node,6.2,6.2:1;2;3;4;5;6;7;8;9;10;11,,東京都交通局,POINT (139.73532 35.747183),0,,
6.2.618:1;2;3;4;5;6;7;8;9;10;11;12;13;14;15;16;17;18,1500596,1000137,139.73532,35.747183,0,6,tram_service_node,6.2,6.2:1;2;3;4;5;6;7;8;9;10;11;12;13;14;15;16;17;18,,東京都交通局,POINT (139.73532 35.747183),0,,
6.2.618:1;2;3;4;5;6;7;8;9;10;11;12;13;14;15;16;17;18;19;20;21;22;23,1500597,1000137,139.73532,35.747183,0,6,tram_service_node,6.2,6.2:1;2;3;4;5;6;7;8;9;10;11;12;13;14;15;16;17;18;19;20;21;22;23,,東京都交通局,POINT (139.73532 35.747183),0,,
6.2.618:1;2;3;4;5;6;7;8;9;10;11;12;13;14;15;16;17;18;19;20;21;22;23;24;25,1500598,1000137,139.73532,35.747183,0,6,tram_service_node,6.2,6.2:1;2;3;4;5;6;7;8;9;10;11;12;13;14;15;16;17;18;19;20;21;22;23;24;25,,東京都交通局,POINT (139.73532 35.747183),0,,
6.2.618:1;2;3;4;5;6;7;8;9;10;11;12;13;14;15;16;17;18;19;20;21;22;23;24;25;26;27;28;29;30,1500599,1000137,139.73532,35.747183,0,6,tram_service_node,6.2,6.2:1;2;3;4;5;6;7;8;9;10;11;12;13;14;15;16;17;18;19;20;21;22;23;24;25;26;27;28;29;30,,東京都交通局,POINT (139.73532 35.747183),0,,
6.2.619:1;2;3;4;5;6;7;8;9;10;11,1500600,1000138,139.732565,35.744122,0,6,tram_service_node,6.2,6.2:1;2;3;4;5;6;7;8;9;10;11,,東京都交通局,POINT (139.732565 35.744122),0,,
6.2.619:1;2;3;4;5;6;7;8;9;10;11;12;13;14;15;16;17;18,1500601,1000138,139.732565,35.744122,0,6,tram_service_node,6.2,6.2:1;2;3;4;5;6;7;8;9;10;11;12;13;14;15;16;17;18,,東京都交通局,POINT (139.732565 35.744122),0,,
6.2.619:1;2;3;4;5;6;7;8;9;10;11;12;13;14;15;16;17;18;19;20;21;22;23,1500602,1000138,139.732565,35.744122,0,6,tram_service_node,6.2,6.2:1;2;3;4;5;6;7;8;9;10;11;12;13;14;15;16;17;18;19;20;21;22;23,,東京都交通局,POINT (139.732565 35.744122),0,,
6.2.619:1;2;3;4;5;6;7;8;9;10;11;12;13;14;15;16;17;18;19;20;21;22;23;24;25,1500603,1000138,139.732565,35.744122,0,6,tram_service_node,6.2,6.2:1;2;3;4;5;6;7;8;9;10;11;12;13;14;15;16;17;18;19;20;21;22;23;24;25,,東京都交通局,POINT (139.732565 35.744122),0,,
6.2.619:1;2;3;4;5;6;7;8;9;10;11;12;13;14;15;16;17;18;19;20;21;22;23;24;25;26;27;28;29;30,1500604,1000138,139.732565,35.744122,0,6,tram_service_node,6.2,6.2:1;2;3;4;5;6;7;8;9;10;11;12;13;14;15;16;17;18;19;20;21;22;23;24;25;26;27;28;29;30,,東京都交通局,POINT (139.732565 35.744122),0,,
6.2.620:1;2;3;4;5;6;7;8;9;10;11,1500605,1000139,139.730244,35.74097,0,6,tram_service_node,6.2,6.2:1;2;3;4;5;6;7;8;9;10;11,,東京都交通局,POINT (139.730244 35.74097),0,,
6.2.620:1;2;3;4;5;6;7;8;9;10;11;12;13;14;15;16;17;18,1500606,1000139,139.730244,35.74097,0,6,tram_service_node,6.2,6.2:1;2;3;4;5;6;7;8;9;10;11;12;13;14;15;16;17;18,,東京都交通局,POINT (139.730244 35.74097),0,,
6.2.620:1;2;3;4;5;6;7;8;9;10;11;12;13;14;15;16;17;18;19;20;21;22;23,1500607,1000139,139.730244,35.74097,0,6,tram_service_node,6.2,6.2:1;2;3;4;5;6;7;8;9;10;11;12;13;14;15;16;17;18;19;20;21;22;23,,東京都交通局,POINT (139.730244 35.74097),0,,
6.2.620:1;2;3;4;5;6;7;8;9;10;11;12;13;14;15;16;17;18;19;20;21;22;23;24;25,1500608,1000139,139.730244,35.74097,0,6,tram_service_node,6.2,6.2:1;2;3;4;5;6;7;8;9;10;11;12;13;14;15;16;17;18;19;20;21;22;23;24;25,,東京都交通局,POINT (139.730244 35.74097),0,,
6.2.620:1;2;3;4;5;6;7;8;9;10;11;12;13;14;15;16;17;18;19;20;21;22;23;24;25;26;27;28;29;30,1500609,1000139,139.730244,35.74097,0,6,tram_service_node,6.2,6.2:1;2;3;4;5;6;7;8;9;10;11;12;13;14;15;16;17;18;19;20;21;22;23;24;25;26;27;28;29;30,,東京都交通局,POINT (139.730244 35.74097),0,,
6.2.621:1;2;3;4;5;6;7;8;9;10;11,1500610,1000140,139.729525,35.73940399999999,0,6,tram_service_node,6.2,6.2:1;2;3;4;5;6;7;8;9;10;11,,東京都交通局,POINT (139.729525 35.73940399999999),0,,
6.2.621:1;2;3;4;5;6;7;8;9;10;11;12;13;14;15;16;17;18,1500611,1000140,139.729525,35.73940399999999,0,6,tram_service_node,6.2,6.2:1;2;3;4;5;6;7;8;9;10;11;12;13;14;15;16;17;18,,東京都交通局,POINT (139.729525 35.73940399999999),0,,
6.2.621:1;2;3;4;5;6;7;8;9;10;11;12;13;14;15;16;17;18;19;20;21;22;23,1500612,1000140,139.729525,35.73940399999999,0,6,tram_service_node,6.2,6.2:1;2;3;4;5;6;7;8;9;10;11;12;13;14;15;16;17;18;19;20;21;22;23,,東京都交通局,POINT (139.729525 35.73940399999999),0,,
6.2.621:1;2;3;4;5;6;7;8;9;10;11;12;13;14;15;16;17;18;19;20;21;22;23;24;25,1500613,1000140,139.729525,35.73940399999999,0,6,tram_service_node,6.2,6.2:1;2;3;4;5;6;7;8;9;10;11;12;13;14;15;16;17;18;19;20;21;22;23;24;25,,東京都交通局,POINT (139.729525 35.73940399999999),0,,
6.2.621:1;2;3;4;5;6;7;8;9;10;11;12;13;14;15;16;17;18;19;20;21;22;23;24;25;26;27;28;29;30,1500614,1000140,139.729525,35.73940399999999,0,6,tram_service_node,6.2,6.2:1;2;3;4;5;6;7;8;9;10;11;12;13;14;15;16;17;18;19;20;21;22;23;24;25;26;27;28;29;30,,東京都交通局,POINT (139.729525 35.73940399999999),0,,
6.2.622:1;2;3;4;5;6;7;8;9;10;11,1500615,1000141,139.727584,35.735581999999994,0,6,tram_service_node,6.2,6.2:1;2;3;4;5;6;7;8;9;10;11,,東京都交通局,POINT (139.727584 35.735581999999994),0,,
6.2.622:1;2;3;4;5;6;7;8;9;10;11;12;13;14;15;16;17;18,1500616,1000141,139.727584,35.735581999999994,0,6,tram_service_node,6.2,6.2:1;2;3;4;5;6;7;8;9;10;11;12;13;14;15;16;17;18,,東京都交通局,POINT (139.727584 35.735581999999994),0,,
6.2.622:1;2;3;4;5;6;7;8;9;10;11;12;13;14;15;16;17;18;19;20;21;22;23,1500617,1000141,139.727584,35.735581999999994,0,6,tram_service_node,6.2,6.2:1;2;3;4;5;6;7;8;9;10;11;12;13;14;15;16;17;18;19;20;21;22;23,,東京都交通局,POINT (139.727584 35.735581999999994),0,,
6.2.622:1;2;3;4;5;6;7;8;9;10;11;12;13;14;15;16;17;18;19;20;21;22;23;24;25,1500618,1000141,139.727584,35.735581999999994,0,6,tram_service_node,6.2,6.2:1;2;3;4;5;6;7;8;9;10;11;12;13;14;15;16;17;18;19;20;21;22;23;24;25,,東京都交通局,POINT (139.727584 35.735581999999994),0,,
6.2.622:1;2;3;4;5;6;7;8;9;10;11;12;13;14;15;16;17;18;19;20;21;22;23;24;25;26;27;28;29;30,1500619,1000141,139.727584,35.735581999999994,0,6,tram_service_node,6.2,6.2:1;2;3;4;5;6;7;8;9;10;11;12;13;14;15;16;17;18;19;20;21;22;23;24;25;26;27;28;29;30,,東京都交通局,POINT (139.727584 35.735581999999994),0,,
6.2.623:1;2;3;4;5;6;7;8;9;10;11,1500620,1000142,139.728998,35.731088,0,6,tram_service_node,6.2,6.2:1;2;3;4;5;6;7;8;9;10;11,,東京都交通局,POINT (139.728998 35.731088),1,,
6.2.623:1;2;3;4;5;6;7;8;9;10;11;12;13;14;15;16;17;18,1500621,1000142,139.728998,35.731088,0,6,tram_service_node,6.2,6.2:1;2;3;4;5;6;7;8;9;10;11;12;13;14;15;16;17;18,,東京都交通局,POINT (139.728998 35.731088),0,,
6.2.623:1;2;3;4;5;6;7;8;9;10;11;12;13;14;15;16;17;18;19;20;21;22;23,1500622,1000142,139.728998,35.731088,0,6,tram_service_node,6.2,6.2:1;2;3;4;5;6;7;8;9;10;11;12;13;14;15;16;17;18;19;20;21;22;23,,東京都交通局,POINT (139.728998 35.731088),1,,
6.2.623:1;2;3;4;5;6;7;8;9;10;11;12;13;14;15;16;17;18;19;20;21;22;23;24;25,1500623,1000142,139.728998,35.731088,0,6,tram_service_node,6.2,6.2:1;2;3;4;5;6;7;8;9;10;11;12;13;14;15;16;17;18;19;20;21;22;23;24;25,,東京都交通局,POINT (139.728998 35.731088),0,,
6.2.623:1;2;3;4;5;6;7;8;9;10;11;12;13;14;15;16;17;18;19;20;21;22;23;24;25;26;27;28;29;30,1500624,1000142,139.728998,35.731088,0,6,tram_service_node,6.2,6.2:1;2;3;4;5;6;7;8;9;10;11;12;13;14;15;16;17;18;19;20;21;22;23;24;25;26;27;28;29;30,,東京都交通局,POINT (139.728998 35.731088),0,,
6.2.624:1;2;3;4;5;6;7;8;9;10;11;12;13;14;15;16;17;18,1500625,1000143,139.724659,35.728674999999996,0,6,tram_service_node,6.2,6.2:1;2;3;4;5;6;7;8;9;10;11;12;13;14;15;16;17;18,,東京都交通局,POINT (139.724659 35.728674999999996),0,,
6.2.624:1;2;3;4;5;6;7;8;9;10;11;12;13;14;15;16;17;18;19;20;21;22;23;24;25,1500626,1000143,139.724659,35.728674999999996,0,6,tram_service_node,6.2,6.2:1;2;3;4;5;6;7;8;9;10;11;12;13;14;15;16;17;18;19;20;21;22;23;24;25,,東京都交通局,POINT (139.724659 35.728674999999996),0,,
6.2.624:1;2;3;4;5;6;7;8;9;10;11;12;13;14;15;16;17;18;19;20;21;22;23;24;25;26;27;28;29;30,1500627,1000143,139.724659,35.728674999999996,0,6,tram_service_node,6.2,6.2:1;2;3;4;5;6;7;8;9;10;11;12;13;14;15;16;17;18;19;20;21;22;23;24;25;26;27;28;29;30,,東京都交通局,POINT (139.724659 35.728674999999996),0,,
6.2.625:1;2;3;4;5;6;7;8;9;10;11;12;13;14;15;16;17;18,1500628,1000144,139.720304,35.725297999999995,0,6,tram_service_node,6.2,6.2:1;2;3;4;5;6;7;8;9;10;11;12;13;14;15;16;17;18,,東京都交通局,POINT (139.720304 35.725297999999995),0,,
6.2.625:1;2;3;4;5;6;7;8;9;10;11;12;13;14;15;16;17;18;19;20;21;22;23;24;25,1500629,1000144,139.720304,35.725297999999995,0,6,tram_service_node,6.2,6.2:1;2;3;4;5;6;7;8;9;10;11;12;13;14;15;16;17;18;19;20;21;22;23;24;25,,東京都交通局,POINT (139.720304 35.725297999999995),0,,
6.2.625:1;2;3;4;5;6;7;8;9;10;11;12;13;14;15;16;17;18;19;20;21;22;23;24;25;26;27;28;29;30,1500630,1000144,139.720304,35.725297999999995,0,6,tram_service_node,6.2,6.2:1;2;3;4;5;6;7;8;9;10;11;12;13;14;15;16;17;18;19;20;21;22;23;24;25;26;27;28;29;30,,東京都交通局,POINT (139.720304 35.725297999999995),0,,
6.2.626:1;2;3;4;5;6;7;8;9;10;11;12;13;14;15;16;17;18,1500631,1000145,139.717735,35.723980999999995,0,6,tram_service_node,6.2,6.2:1;2;3;4;5;6;7;8;9;10;11;12;13;14;15;16;17;18,,東京都交通局,POINT (139.717735 35.723980999999995),0,,
6.2.626:1;2;3;4;5;6;7;8;9;10;11;12;13;14;15;16;17;18;19;20;21;22;23;24;25,1500632,1000145,139.717735,35.723980999999995,0,6,tram_service_node,6.2,6.2:1;2;3;4;5;6;7;8;9;10;11;12;13;14;15;16;17;18;19;20;21;22;23;24;25,,東京都交通局,POINT (139.717735 35.723980999999995),0,,
6.2.626:1;2;3;4;5;6;7;8;9;10;11;12;13;14;15;16;17;18;19;20;21;22;23;24;25;26;27;28;29;30,1500633,1000145,139.717735,35.723980999999995,0,6,tram_service_node,6.2,6.2:1;2;3;4;5;6;7;8;9;10;11;12;13;14;15;16;17;18;19;20;21;22;23;24;25;26;27;28;29;30,,東京都交通局,POINT (139.717735 35.723980999999995),0,,
6.2.627:1;2;3;4;5;6;7;8;9;10;11;12;13;14;15;16;17;18,1500634,1000146,139.71506,35.720468999999994,0,6,tram_service_node,6.2,6.2:1;2;3;4;5;6;7;8;9;10;11;12;13;14;15;16;17;18,,東京都交通局,POINT (139.71506 35.720468999999994),0,,
6.2.627:1;2;3;4;5;6;7;8;9;10;11;12;13;14;15;16;17;18;19;20;21;22;23;24;25,1500635,1000146,139.71506,35.720468999999994,0,6,tram_service_node,6.2,6.2:1;2;3;4;5;6;7;8;9;10;11;12;13;14;15;16;17;18;19;20;21;22;23;24;25,,東京都交通局,POINT (139.71506 35.720468999999994),0,,
6.2.627:1;2;3;4;5;6;7;8;9;10;11;12;13;14;15;16;17;18;19;20;21;22;23;24;25;26;27;28;29;30,1500636,1000146,139.71506,35.720468999999994,0,6,tram_service_node,6.2,6.2:1;2;3;4;5;6;7;8;9;10;11;12;13;14;15;16;17;18;19;20;21;22;23;24;25;26;27;28;29;30,,東京都交通局,POINT (139.71506 35.720468999999994),0,,
6.2.628:1;2;3;4;5;6;7;8;9;10;11;12;13;14;15;16;17;18,1500637,1000147,139.712429,35.716246999999996,0,6,tram_service_node,6.2,6.2:1;2;3;4;5;6;7;8;9;10;11;12;13;14;15;16;17;18,,東京都交通局,POINT (139.712429 35.716246999999996),0,,
6.2.628:1;2;3;4;5;6;7;8;9;10;11;12;13;14;15;16;17;18;19;20;21;22;23;24;25,1500638,1000147,139.712429,35.716246999999996,0,6,tram_service_node,6.2,6.2:1;2;3;4;5;6;7;8;9;10;11;12;13;14;15;16;17;18;19;20;21;22;23;24;25,,東京都交通局,POINT (139.712429 35.716246999999996),0,,
6.2.628:1;2;3;4;5;6;7;8;9;10;11;12;13;14;15;16;17;18;19;20;21;22;23;24;25;26;27;28;29;30,1500639,1000147,139.712429,35.716246999999996,0,6,tram_service_node,6.2,6.2:1;2;3;4;5;6;7;8;9;10;11;12;13;14;15;16;17;18;19;20;21;22;23;24;25;26;27;28;29;30,,東京都交通局,POINT (139.712429 35.716246999999996),0,,
6.2.629:1;2;3;4;5;6;7;8;9;10;11;12;13;14;15;16;17;18,1500640,1000148,139.714099,35.712911999999996,0,6,tram_service_node,6.2,6.2:1;2;3;4;5;6;7;8;9;10;11;12;13;14;15;16;17;18,,東京都交通局,POINT (139.714099 35.712911999999996),0,,
6.2.629:1;2;3;4;5;6;7;8;9;10;11;12;13;14;15;16;17;18;19;20;21;22;23;24;25,1500641,1000148,139.714099,35.712911999999996,0,6,tram_service_node,6.2,6.2:1;2;3;4;5;6;7;8;9;10;11;12;13;14;15;16;17;18;19;20;21;22;23;24;25,,東京都交通局,POINT (139.714099 35.712911999999996),0,,
6.2.629:1;2;3;4;5;6;7;8;9;10;11;12;13;14;15;16;17;18;19;20;21;22;23;24;25;26;27;28;29;30,1500642,1000148,139.714099,35.712911999999996,0,6,tram_service_node,6.2,6.2:1;2;3;4;5;6;7;8;9;10;11;12;13;14;15;16;17;18;19;20;21;22;23;24;25;26;27;28;29;30,,東京都交通局,POINT (139.714099 35.712911999999996),0,,
6.2.630:1;2;3;4;5;6;7;8;9;10;11;12;13;14;15;16;17;18,1500643,1000149,139.71890299999998,35.711659999999995,0,6,tram_service_node,6.2,6.2:1;2;3;4;5;6;7;8;9;10;11;12;13;14;15;16;17;18,,東京都交通局,POINT (139.71890299999998 35.711659999999995),1,,
6.2.630:1;2;3;4;5;6;7;8;9;10;11;12;13;14;15;16;17;18;19;20;21;22;23;24;25,1500644,1000149,139.71890299999998,35.711659999999995,0,6,tram_service_node,6.2,6.2:1;2;3;4;5;6;7;8;9;10;11;12;13;14;15;16;17;18;19;20;21;22;23;24;25,,東京都交通局,POINT (139.71890299999998 35.711659999999995),1,,
6.2.630:1;2;3;4;5;6;7;8;9;10;11;12;13;14;15;16;17;18;19;20;21;22;23;24;25;26;27;28;29;30,1500645,1000149,139.71890299999998,35.711659999999995,0,6,tram_service_node,6.2,6.2:1;2;3;4;5;6;7;8;9;10;11;12;13;14;15;16;17;18;19;20;21;22;23;24;25;26;27;28;29;30,,東京都交通局,POINT (139.71890299999998 35.711659999999995),1,,
